PLT_CN,PLOT_FIADB,MEASYEAR,TREE_CN,STREE_CN,SPCD,series,species,DBH_field,DIA,d2pith_mm,notes_lab
923529362290487,63099,2022,1279739812290487,1279739802290487,95,63099AA,PIMA,3.3,NA,NA,
923529346290487,21604,2022,1279739019290487,NA,94,21604AA,PIGL,10.5,10.5,NA,
923529333290487,25762,2022,1279738125290487,NA,95,25762AA,PIMA,1.1,1.1,NA,
923529332290487,32429,2022,1279737708290487,NA,95,32429AA,PIMA,5.1,5.1,NA,
923529331290487,9511,2022,1279737664290487,NA,95,09511AA,PIMA,5.1,NA,NA,
923529324290487,42722,2022,1279737363290487,NA,71,42722AA,LALA,5.1,5.1,NA,
923529324290487,42722,2022,1279737358290487,NA,95,42722AB,PIMA,5.4,5.4,NA,
923529321290487,59042,2022,1279737243290487,NA,94,59042AA,PIGL,7,7,NA,SITE TREE
923529308290487,8015,2022,1279736061290487,NA,95,08015AA,PIMA,6,6,NA,plot mislabeled- changed from 4897 to 4987 (Cahoon)
923529308290487,8015,2022,1279736059290487,NA,95,08015AB,PIMA,7,7,NA,plot mislabeled- changed from 4897 to 4987 (Cahoon)
923529304290487,14172,2022,1279735577290487,NA,95,14172AA,PIMA,5.3,5.3,NA,
886189393290487,2760,2022,1279735437290487,NA,95,02760AA,PIMA,5,5,NA,
886189160290487,56329,2022,1279730347290487,NA,94,56329AA,PIGL,6.8,6.8,NA,
886189028290487,53294,2022,1279729000290487,NA,94,53294AA,PIGL,5.6,5.6,NA,
683089639126144,57260,2022,1279714240290487,NA,94,57260AA,PIGL,16.4,16.4,NA,
683089619126144,37774,2022,1279713310290487,NA,95,37774AA,PIMA,5,5,NA,
683089590126144,40587,2022,1279712725290487,NA,94,40587AA,PIGL,13.4,13.4,NA,
683089590126144,40587,2022,1279712709290487,NA,94,40587AB,PIGL,11.2,11.2,NA,
683089584126144,47511,2022,1279712236290487,1279712220290487,94,47511AA,PIGL,18.1,18.1,NA,
683089584126144,47511,2022,1279712228290487,1279712219290487,94,47511AB,PIGL,10.4,10.4,NA,
683089576126144,22792,2022,1279712014290487,NA,94,22792AA,PIGL,10.4,10.4,NA,
683089576126144,22792,2022,1279712013290487,NA,94,22792AB,PIGL,11.3,11.3,NA,
683089576126144,22792,2022,1279712010290487,NA,94,22792AC,PIGL,13.1,13.1,NA,
683089575126144,503,2022,1279711663290487,NA,94,00503AA,PIGL,10.7,10.7,NA,
683089575126144,503,2022,1279711644290487,NA,94,00503AB,PIGL,11.4,11.4,NA,
683089543126144,24456,2022,1279711023290487,NA,94,24456AA,PIGL,7.4,7.4,NA,
683089537126144,56318,2022,1279710780290487,NA,95,56318AA,PIMA,7.2,7.2,NA,
683089529126144,59980,2022,1279710361290487,NA,95,59980AA,PIMA,5,5,NA,
683089529126144,59980,2022,1279710358290487,NA,95,59980AB,PIMA,7.2,7.2,NA,
683089529126144,59980,2022,1279710347290487,NA,94,59980AC,PIGL,5.4,5.4,NA,SITE 1?
683089527126144,9563,2022,1279710274290487,NA,95,09563AA,PIMA,5.7,5.7,NA,
683089486126144,7824,2022,1279708315290487,NA,94,07824AA,PIGL,8.4,8.4,NA,
683089484126144,33257,2022,1279707931290487,NA,94,33257AA,PIGL,7.5,7.5,NA,
683089484126144,33257,2022,1279707930290487,NA,94,33257AB,PIGL,9.1,9.1,NA,
683089484126144,33257,2022,1279707925290487,NA,94,33257AC,PIGL,5,5,NA,
683089484126144,33257,2022,1279707923290487,NA,94,33257AD,PIGL,5.6,5.6,NA,
683089482126144,48529,2022,1279707405290487,NA,94,48529AA,PIGL,17.6,17.6,NA,
683089482126144,48529,2022,1279707404290487,NA,94,48529AB,PIGL,9.6,9.6,NA,
683089434126144,26460,2022,1279706242290487,NA,95,26460AA,PIMA,6.9,6.9,NA,
683089434126144,26460,2022,1279706238290487,NA,95,26460AB,PIMA,5.6,5.6,NA,
683089434126144,26460,2022,1279706237290487,NA,95,26460AC,PIMA,5,5,NA,
683089434126144,26460,2022,1279706228290487,NA,94,26460AD,PIGL,10.3,10.3,NA,
683089434126144,26460,2022,1279706199290487,NA,95,26460AE,PIMA,5.1,5.1,NA,
683089434126144,26460,2022,1279706197290487,NA,95,26460AF,PIMA,8.4,8.4,NA,
683089373126144,42059,2022,1279704252290487,NA,94,42059AA,PIGL,8.9,8.9,NA,
683089351126144,52619,2022,1279702849290487,NA,95,52619AA,PIMA,5.7,5.7,NA,
683089350126144,22897,2022,1279702481290487,1279702471290487,94,22897AA,PIGL,6.8,6.8,NA,
683089346126144,45440,2022,1279702096290487,NA,94,45440AA,PIGL,5.2,5.2,NA,
683089346126144,45440,2022,1279702091290487,NA,95,45440AB,PIMA,6,6,NA,
683089339126144,44688,2022,1279702037290487,NA,94,44688AA,PIGL,9.7,9.7,NA,
683089339126144,44688,2022,1279702032290487,NA,94,44688AB,PIGL,9.9,9.9,NA,
683089339126144,44688,2022,1279702031290487,NA,94,44688AC,PIGL,11.4,11.4,NA,
683089339126144,44688,2022,1279702023290487,NA,94,44688AD,PIGL,8.6,8.6,NA,
683089329126144,44264,2022,1279701611290487,NA,94,44264AA,PIGL,10.5,10.5,NA,
683089329126144,44264,2022,1279701607290487,NA,94,44264AB,PIGL,6.4,6.4,NA,
683089329126144,44264,2022,1279701605290487,NA,94,44264AC,PIGL,8.2,8.2,NA,
683089326126144,721,2022,1279701364290487,NA,95,00721AA,PIMA,6.7,6.7,NA,
683089310126144,5767,2022,1279700687290487,1279700666290487,94,05767AA,PIGL,8,8,NA,
683089310126144,5767,2022,1279700677290487,1279700665290487,94,05767AB,PIGL,6.7,6.7,NA,
683089310126144,5767,2022,1279700676290487,1279700664290487,94,05767AC,PIGL,7.3,7.3,NA,
683089306126144,4046,2022,1279700276290487,NA,94,04046AA,PIGL,11.5,11.5,NA,
683089306126144,4046,2022,1279700255290487,1279700238290487,94,04046AB,PIGL,7.2,7.2,NA,
683089306126144,4046,2022,1279700253290487,NA,94,04046AC,PIGL,6.7,6.7,NA,
683089300126144,19696,2022,1279699728290487,NA,94,19696AA,PIGL,7.4,7.4,NA,
683089300126144,19696,2022,1279699722290487,NA,94,19696AB,PIGL,12.3,12.3,NA,
683089300126144,19696,2022,1279699720290487,NA,94,19696AC,PIGL,6.9,6.9,NA,
683089289126144,8459,2022,1279699230290487,NA,94,08459AA,PIGL,9.2,9.2,NA,plot mislabeled - changed from 30056 to 30086 (Cahoon)
683089289126144,8459,2022,1279699223290487,NA,94,08459AB,PIGL,5.6,5.6,NA,plot mislabeled - changed from 30056 to 30086 (Cahoon)
683089289126144,8459,2022,1279699219290487,NA,94,08459AC,PIGL,5.9,5.9,NA,plot mislabeled - changed from 30056 to 30086 (Cahoon)
683089278126144,841,2022,1279698966290487,NA,94,00841AA,PIGL,15.1,15.1,NA,
683089272126144,11161,2022,1279698547290487,NA,94,11161AA,PIGL,13.6,13.6,NA,
683089272126144,11161,2022,1279698546290487,NA,94,11161AB,PIGL,18,18,NA,
683089241126144,2224,2022,1279697507290487,NA,95,02224AA,PIMA,6.5,6.5,NA,
683089228126144,30077,2022,1279696812290487,NA,94,30077AA,PIGL,6.6,6.6,NA,
683089228126144,30077,2022,1279696809290487,NA,94,30077AB,PIGL,10.8,10.8,NA,
683089124126144,17375,2022,1279694464290487,NA,94,17375AA,PIGL,14.7,14.7,NA,plot mislabeled - changed from 13543 to 13453 (Cahoon)
683089124126144,17375,2022,1279694451290487,NA,71,17375AB,LALA,6.7,6.7,NA,plot mislabeled - changed from 13543 to 13453 (Cahoon)
683089124126144,17375,2022,1279694450290487,NA,94,17375AC,PIGL,9.9,9.9,NA,plot mislabeled - changed from 13543 to 13453 (Cahoon)
683089124126144,17375,2022,1279694448290487,NA,94,17375AD,PIGL,5.7,5.7,NA,plot mislabeled - changed from 13543 to 13453 (Cahoon)
683089124126144,17375,2022,1279694445290487,NA,94,17375AE,PIGL,8.3,8.3,NA,SITE;  plot mislabeled - changed from 13543 to 13453 (Cahoon)
683089120126144,48992,2022,1279694118290487,NA,94,48992AA,PIGL,11,11,NA,
683089108126144,38707,2022,1279693655290487,NA,95,38707AA,PIMA,5.6,5.6,NA,
683089080126144,13026,2022,1279692744290487,NA,94,13026AA,PIGL,6.7,6.7,NA,
683089066126144,27801,2022,1279692240290487,1279692193290487,94,27801AA,PIGL,8.8,8.8,NA,
683089066126144,27801,2022,1279692208290487,1279692191290487,94,27801AB,PIGL,7.9,7.9,NA,
683089066126144,27801,2022,1279692205290487,NA,94,27801AC,PIGL,10,10,NA,
683089047126144,23539,2022,1279691958290487,NA,95,23539AA,PIMA,5.6,5.6,NA,INC ONLY
683089003126144,17570,2022,1279691188290487,NA,94,17570AA,PIGL,17.9,17.9,NA,
683089003126144,17570,2022,1279691187290487,NA,94,17570AB,PIGL,19.2,19.2,NA,
683089003126144,17570,2022,1279691185290487,NA,94,17570AC,PIGL,15.8,15.8,NA,
683089003126144,17570,2022,1279691178290487,NA,94,17570AD,PIGL,14.8,14.8,NA,
683089002126144,3150,2022,1279691025290487,NA,94,03150AA,PIGL,18.3,18.3,NA,
683089002126144,3150,2022,1279691018290487,NA,94,03150AB,PIGL,7,7,NA,
683088695126144,10246,2022,1279690800290487,NA,94,10246AA,PIGL,12.9,12.9,NA,EXTRA FOR SEAN
683088695126144,10246,2022,1279690795290487,NA,94,10246AB,PIGL,5.2,5.2,NA,EXTRA FOR SEAN
683089002126144,3150,2022,NA,1279691010290487,94,03150AC,PIGL,10.1,10.1,NA,
683089002126144,3150,2022,NA,1279691009290487,94,03150AD,PIGL,17,17,NA,
683089003126144,17570,2022,NA,1279691170290487,94,17570AE,PIGL,19.2,19.2,NA,
683089014126144,63738,2022,NA,NA,95,63738AA,PIMA,3.6,NA,NA,
683089014126144,63738,2022,NA,NA,95,63738AB,PIMA,3.1,NA,NA,
683089014126144,63738,2022,NA,NA,95,63738AC,PIMA,3.9,NA,NA,
886189393290487,2760,2022,NA,NA,95,02760AB,PIMA,3.1,NA,NA,
886189393290487,2760,2022,NA,NA,95,02760AC,PIMA,2.3,NA,NA,
886189393290487,2760,2022,NA,NA,95,02760AD,PIMA,3.5,NA,NA,
923529304290487,14172,2022,NA,1279735566290487,95,14172AB,PIMA,3.8,3.8,NA,
923529304290487,14172,2022,NA,1279735565290487,95,14172AC,PIMA,3.3,3.3,NA,
923529304290487,14172,2022,NA,1279735564290487,95,14172AD,PIMA,3.9,3.9,NA,
683089027126144,2804,2022,NA,1279691524290487,376,02804AA,BENE,4.3,4.3,NA,AGE
683089027126144,2804,2022,NA,1279691523290487,94,02804AB,PIGL,8.1,8.1,NA,S/A
683089853126144,38881,2022,NA,NA,94,38881AA,PIGL,7.2,NA,NA,
683089853126144,38881,2022,NA,NA,94,38881AB,PIGL,NA,NA,NA,
683089856126144,10391,2022,NA,NA,95,10391AA,PIMA,3.1,NA,NA,
683089856126144,10391,2022,NA,NA,95,10391AB,PIMA,2.4,NA,NA,
683089856126144,10391,2022,NA,NA,95,10391AC,PIMA,3.4,NA,NA,
683089039126144,867,2022,NA,1279691700290487,95,00867AA,PIMA,4.5,4.5,NA,plot mislabeled - changed from 4434 to 4334 (Cahoon)
683089039126144,867,2022,NA,1279691701290487,95,00867AB,PIMA,4.8,4.8,NA,plot mislabeled - changed to 4334 (Cahoon)
683089039126144,867,2022,NA,1279691702290487,95,00867AC,PIMA,5.1,5.1,NA,plot mislabeled - changed to 4334 (Cahoon)
923529308290487,8015,2022,NA,NA,95,08015AC,PIMA,4.1,NA,NA,plot mislabeled- changed from 4897 to 4987 (Cahoon)
923529308290487,8015,2022,NA,NA,95,08015AD,PIMA,5.9,NA,NA,plot mislabeled- changed from 4897 to 4987 (Cahoon)
683089047126144,23539,2022,NA,NA,94,23539AB,PIGL,7.7,NA,NA,INC
683089047126144,23539,2022,NA,1279691944290487,94,23539AC,PIGL,6.8,6.8,NA,
683089047126144,23539,2022,NA,1279691942290487,94,23539AD,PIGL,8.9,8.9,NA,
683089047126144,23539,2022,NA,1279691943290487,94,23539AE,PIGL,7.9,7.9,NA,
683089066126144,27801,2022,NA,1279692192290487,94,27801AD,PIGL,8.1,8.1,NA,
683089072126144,40094,2022,NA,NA,95,40094AA,PIMA,4.6,NA,NA,
683089079126144,5196,2022,NA,1279692600290487,94,05196AA,PIGL,13.5,13.5,NA,
683089079126144,5196,2022,NA,1279692601290487,94,05196AB,PIGL,8,8,NA,
683089079126144,5196,2022,NA,1279692602290487,94,05196AC,PIGL,9,9,NA,
683089091126144,37133,2022,NA,NA,71,37133AA,LALA,3.7,NA,NA,
683089091126144,37133,2022,NA,NA,71,37133AB,LALA,2.8,NA,NA,
683089091126144,37133,2022,NA,NA,71,37133AC,LALA,4.4,NA,NA,
683089108126144,38707,2022,NA,1279693632290487,95,38707AB,PIMA,5,5,NA,
683089108126144,38707,2022,NA,1279693631290487,95,38707AC,PIMA,4,4,NA,
683089108126144,38707,2022,NA,1279693630290487,95,38707AD,PIMA,3.7,3.7,NA,
923529314290487,59263,2022,NA,1279736297290487,95,59263AA,PIMA,5.1,5.1,NA,
923529314290487,59263,2022,NA,1279736298290487,95,59263AB,PIMA,4.4,4.4,NA,
923529314290487,59263,2022,NA,1279736296290487,95,59263AC,PIMA,4.5,4.5,NA,
683089111126144,55579,2022,NA,NA,95,55579AA,PIMA,2.8,NA,NA,
683089120126144,48992,2022,NA,NA,94,48992AB,PIGL,8.6,NA,NA,
683089120126144,48992,2022,NA,1279694108290487,94,48992AC,PIGL,10.1,10.1,NA,
923529315290487,21837,2022,NA,1279736478290487,95,21837AA,PIMA,4.1,4.1,NA,
923529315290487,21837,2022,NA,1279736477290487,95,21837AB,PIMA,3.3,3.3,NA,
923529315290487,21837,2022,NA,1279736481290487,95,21837AC,PIMA,3.7,3.7,NA,
923529316290487,24239,2022,NA,1279736579290487,95,24239AA,PIMA,3.9,3.9,NA,
923529316290487,24239,2022,NA,1279736578290487,95,24239AB,PIMA,3.4,3.4,NA,
923529316290487,24239,2022,NA,1279736577290487,95,24239AC,PIMA,3.6,3.6,NA,
683089137126144,52724,2022,NA,1279694655290487,95,52724AA,PIMA,4,4,NA,"DUPLICATE PLOT/SITE, DIFFERENT SPECIES"
683089137126144,52724,2022,NA,1279694656290487,95,52724AB,PIMA,8.5,8.5,NA,"DUPLICATE PLOT/SITE, DIFFERENT SPECIES"
683089137126144,52724,2022,NA,1279694655290487,94,52724AC,PIGL,4,4,NA,"DUPLICATE PLOT/SITE, DIFFERENT SPECIES"
683089137126144,52724,2022,NA,1279694656290487,94,52724AD,PIGL,8.5,8.5,NA,"DUPLICATE PLOT/SITE, DIFFERENT SPECIES"
683089145126144,47818,2022,NA,1279694971290487,95,47818AA,PIMA,4.6,4.6,NA,
683089145126144,47818,2022,NA,1279694972290487,95,47818AB,PIMA,4.9,4.9,NA,
683089145126144,47818,2022,NA,1279694970290487,95,47818AC,PIMA,5.7,5.7,NA,
683089152126144,11576,2022,NA,NA,95,11576AA,PIMA,4,NA,NA,
683089152126144,11576,2022,NA,NA,95,11576AB,PIMA,4.2,NA,NA,
683089152126144,11576,2022,NA,NA,95,11576AC,PIMA,3.3,NA,NA,
683089163126144,26013,2022,NA,1279695376290487,94,26013AA,PIGL,10.1,10.1,NA,
683089163126144,26013,2022,NA,1279695375290487,94,26013AB,PIGL,9.9,9.9,NA,
683089163126144,26013,2022,NA,NA,94,26013AC,PIGL,4.7,NA,NA,REJECTED SITE TREE
683089170126144,18602,2022,NA,NA,95,18602AA,PIMA,5.9,NA,NA,
683089170126144,18602,2022,NA,NA,95,18602AB,PIMA,5.7,NA,NA,
683089170126144,18602,2022,NA,NA,95,18602AC,PIMA,5.5,NA,NA,
923529348290487,32336,2022,NA,NA,95,32336AA,PIMA,1.9,NA,NA,
923529348290487,32336,2022,NA,NA,95,32336AB,PIMA,3.1,NA,NA,
923529348290487,32336,2022,NA,NA,71,32336AC,LALA,2.8,NA,NA,
923529319290487,24867,2022,NA,NA,95,24867AA,PIMA,4.1,NA,NA,
923529319290487,24867,2022,NA,NA,95,24867AB,PIMA,3.3,NA,NA,
923529319290487,24867,2022,NA,NA,95,24867AC,PIMA,4.2,NA,NA,
683089179126144,8941,2022,NA,NA,95,08941AA,PIMA,4.3,NA,NA,
683089179126144,8941,2022,NA,NA,95,08941AB,PIMA,3,NA,NA,
683089179126144,8941,2022,NA,NA,95,08941AC,PIMA,3.6,NA,NA,
683089722126144,27529,2022,NA,NA,95,27529AA,PIMA,2.7,NA,NA,
683089722126144,27529,2022,NA,NA,95,27529AB,PIMA,3.7,NA,NA,
683089722126144,27529,2022,NA,NA,95,27529AC,PIMA,2.7,NA,NA,
923529321290487,59042,2022,NA,NA,376,59042AB,BENE,4.4,NA,NA,AGE TREE
923529321290487,59042,2022,NA,NA,376,59042AC,BENE,4.5,NA,NA,AGE TREE
923529321290487,59042,2022,NA,NA,376,59042AD,BENE,4.4,NA,NA,AGE TREE
923529321290487,59042,2022,NA,NA,94,59042AE,PIGL,6.5,NA,NA,SITE TREE
923529321290487,59042,2022,NA,NA,94,59042AF,PIGL,6.2,NA,NA,SITE TREE
683089223126144,44811,2022,NA,1279696392290487,95,44811AA,PIMA,2.9,2.9,NA,
683089223126144,44811,2022,NA,1279696391290487,95,44811AB,PIMA,3.3,3.3,NA,
683089223126144,44811,2022,NA,1279696390290487,95,44811AC,PIMA,3.8,3.8,NA,
683089224126144,57113,2022,NA,NA,94,57113AA,PIGL,7.7,NA,NA,
683089224126144,57113,2022,NA,NA,94,57113AB,PIGL,8.4,NA,NA,
683089224126144,57113,2022,NA,NA,94,57113AC,PIGL,7.4,NA,NA,
683089228126144,30077,2022,NA,1279696801290487,94,30077AC,PIGL,7.4,7.4,NA,
683089228126144,30077,2022,NA,1279696802290487,94,30077AD,PIGL,5.8,5.8,NA,
683089228126144,30077,2022,NA,1279696800290487,94,30077AE,PIGL,15.4,15.4,NA,
683089232126144,48604,2022,NA,1279697090290487,95,48604AA,PIMA,4.3,4.3,NA,
683089232126144,48604,2022,NA,1279697088290487,95,48604AB,PIMA,3.4,3.4,NA,
683089232126144,48604,2022,NA,1279697089290487,95,48604AC,PIMA,5,5,NA,
923529324290487,42722,2022,NA,1279737343290487,95,42722AC,PIMA,5.2,5.2,NA,
923529324290487,42722,2022,NA,1279737344290487,95,42722AD,PIMA,1.9,1.9,NA,
923529324290487,42722,2022,NA,1279737342290487,95,42722AE,PIMA,3.8,3.8,NA,
923529324290487,42722,2022,NA,NA,95,42722AF,PIMA,5.8,NA,NA,
923529324290487,42722,2022,NA,1279737341290487,95,42722AG,PIMA,4.9,4.9,NA,
683089240126144,43840,2022,NA,1279697294290487,95,43840AA,PIMA,4.2,4.2,NA,
683089240126144,43840,2022,NA,1279697296290487,95,43840AB,PIMA,4.1,4.1,NA,
683089240126144,43840,2022,NA,1279697295290487,95,43840AC,PIMA,4.9,4.9,NA,
683089241126144,2224,2022,NA,NA,95,02224AB,PIMA,5.7,NA,NA,
683089241126144,2224,2022,NA,NA,95,02224AC,PIMA,7.9,NA,NA,
683089249126144,11899,2022,NA,1279697811290487,95,11899AA,PIMA,4,4,NA,
683089249126144,11899,2022,NA,1279697812290487,95,11899AB,PIMA,4.2,4.2,NA,
683089249126144,11899,2022,NA,1279697810290487,95,11899AC,PIMA,4.5,4.5,NA,
683089250126144,267,2022,NA,1279698068290487,95,00267AA,PIMA,3.6,3.6,NA,
683089250126144,267,2022,NA,1279698069290487,95,00267AB,PIMA,4.9,4.9,NA,
683089250126144,267,2022,NA,1279698070290487,95,00267AC,PIMA,3,3,NA,
683089272126144,11161,2022,NA,1279698532290487,376,11161AC,BENE,6.4,6.4,NA,
683089272126144,11161,2022,NA,1279698534290487,94,11161AD,PIGL,8.9,8.9,NA,
683089272126144,11161,2022,NA,1279698531290487,94,11161AE,PIGL,12.4,12.4,NA,
683089272126144,11161,2022,NA,1279698533290487,94,11161AF,PIGL,8.7,8.7,NA,
683089275126144,19581,2022,NA,1279698708290487,95,19581AA,PIMA,3.7,3.7,NA,
683089275126144,19581,2022,NA,1279698709290487,95,19581AB,PIMA,4.3,4.3,NA,
683089275126144,19581,2022,NA,1279698710290487,94,19581AC,PIGL,6.3,6.3,NA,
683089275126144,19581,2022,NA,1279698712290487,94,19581AD,PIGL,8.6,8.6,NA,
683089275126144,19581,2022,NA,NA,94,19581AE,PIGL,4.6,NA,NA,
683089275126144,19581,2022,NA,NA,94,19581AF,PIGL,4.6,NA,NA,
683089275126144,19581,2022,NA,NA,94,19581AG,PIGL,4.1,NA,NA,
683089278126144,841,2022,NA,1279698923290487,376,00841AB,BENE,10.6,10.6,NA,
683089278126144,841,2022,NA,1279698923290487,94,00841AC,PIGL,10.6,10.6,NA,
683089278126144,841,2022,NA,1279698922290487,94,00841AD,PIGL,7.9,7.9,NA,
683089278126144,841,2022,NA,1279698921290487,94,00841AE,PIGL,9.1,9.1,NA,
683089286126144,4451,2022,NA,NA,95,04451AA,PIMA,3.6,NA,NA,
683089286126144,4451,2022,NA,NA,95,04451AB,PIMA,3.5,NA,NA,
683089286126144,4451,2022,NA,NA,95,04451AC,PIMA,3.6,NA,NA,
683089293126144,28944,2022,NA,NA,71,28944AA,LALA,4.5,NA,NA,
683089293126144,28944,2022,NA,NA,71,28944AB,LALA,4.2,NA,NA,
683089293126144,28944,2022,NA,NA,71,28944AC,LALA,4.6,NA,NA,
683089301126144,19067,2022,NA,1279700009290487,95,19067AA,PIMA,3.2,3.2,NA,
683089301126144,19067,2022,NA,1279700008290487,95,19067AB,PIMA,3.3,3.3,NA,
683089301126144,19067,2022,NA,1279700010290487,95,19067AC,PIMA,3.9,3.9,NA,
683089306126144,4046,2022,NA,1279700239290487,94,04046AD,PIGL,8.4,8.4,NA,
683089306126144,4046,2022,NA,1279700240290487,94,04046AE,PIGL,8.4,8.4,NA,
683089307126144,5584,2022,NA,NA,95,05584AA,PIMA,3.9,NA,NA,
683089307126144,5584,2022,NA,NA,95,05584AB,PIMA,3.9,NA,NA,
683089307126144,5584,2022,NA,NA,95,05584AC,PIMA,3.3,NA,NA,
683089320126144,40876,2022,NA,NA,94,40876AA,PIGL,5,NA,NA,
683089321126144,39709,2022,NA,NA,95,39709AA,PIMA,4.4,NA,NA,
683089321126144,39709,2022,NA,NA,95,39709AB,PIMA,3.5,NA,NA,
683089321126144,39709,2022,NA,NA,95,39709AC,PIMA,3,NA,NA,
683089326126144,721,2022,NA,NA,95,00721AB,PIMA,4.2,NA,NA,
683089326126144,721,2022,NA,NA,95,00721AC,PIMA,3.3,NA,NA,
683089326126144,721,2022,NA,NA,95,00721AD,PIMA,4.5,NA,NA,
683089329126144,44264,2022,NA,NA,94,44264AD,PIGL,6.8,NA,NA,
683089334126144,20399,2022,NA,1279701636290487,94,20399AA,PIGL,6.1,6.1,NA,
683089334126144,20399,2022,NA,1279701635290487,94,20399AB,PIGL,7.9,7.9,NA,
683089334126144,20399,2022,NA,1279701634290487,94,20399AC,PIGL,6.2,6.2,NA,
683089750126144,22896,2022,NA,1279714989290487,94,22896AA,PIGL,11.3,11.3,NA,
683089750126144,22896,2022,NA,1279714990290487,94,22896AB,PIGL,11,11,NA,
683089750126144,22896,2022,NA,1279714991290487,94,22896AC,PIGL,8.6,8.6,NA,
923529331290487,9511,2022,NA,1279737624290487,95,09511AB,PIMA,4.1,4.1,NA,
923529331290487,9511,2022,NA,1279737623290487,95,09511AC,PIMA,3.9,3.9,NA,
923529331290487,9511,2022,NA,1279737622290487,95,09511AD,PIMA,3.6,3.6,NA,
923529332290487,32429,2022,NA,NA,95,32429AB,PIMA,3.8,NA,NA,
923529332290487,32429,2022,NA,NA,95,32429AC,PIMA,4.2,NA,NA,
923529332290487,32429,2022,NA,NA,95,32429AD,PIMA,4.9,NA,NA,
683089346126144,45440,2022,NA,1279702081290487,95,45440AC,PIMA,5.6,5.6,NA,
683089346126144,45440,2022,NA,1279702082290487,95,45440AD,PIMA,5,5,NA,
683089346126144,45440,2022,NA,1279702083290487,95,45440AE,PIMA,5,5,NA,
683089346126144,45440,2022,NA,1279702079290487,94,45440AF,PIGL,8.7,8.7,NA,
683089346126144,45440,2022,NA,1279702080290487,94,45440AG,PIGL,8,8,NA,
683089346126144,45440,2022,NA,1279702084290487,94,45440AH,PIGL,8.9,8.9,NA,
683089347126144,33021,2022,NA,NA,95,33021AA,PIMA,4.7,NA,NA,
683089347126144,33021,2022,NA,NA,95,33021AB,PIMA,4.9,NA,NA,
683089347126144,33021,2022,NA,NA,95,33021AC,PIMA,4.3,NA,NA,
683089350126144,22897,2022,NA,1279702472290487,94,22897AB,PIGL,7,7,NA,
683089350126144,22897,2022,NA,1279702473290487,94,22897AC,PIGL,6.8,6.8,NA,
683089350126144,22897,2022,NA,1279702474290487,94,22897AD,PIGL,3.2,3.2,NA,
683089350126144,22897,2022,NA,1279702475290487,94,22897AE,PIGL,2.3,2.3,NA,
683089350126144,22897,2022,NA,1279702476290487,94,22897AF,PIGL,2.8,2.8,NA,
923529350290487,25431,2022,NA,NA,95,25431AA,PIMA,4.1,NA,NA,
923529350290487,25431,2022,NA,NA,95,25431AB,PIMA,3.1,NA,NA,
923529350290487,25431,2022,NA,NA,95,25431AC,PIMA,4.4,NA,NA,
923529333290487,25762,2022,NA,1279738072290487,95,25762AB,PIMA,3.2,3.2,NA,
683089359126144,46038,2022,NA,1279703243290487,95,46038AA,PIMA,4.2,4.2,NA,
683089359126144,46038,2022,NA,1279703244290487,95,46038AB,PIMA,4.9,4.9,NA,
683089359126144,46038,2022,NA,1279703245290487,95,46038AC,PIMA,3.4,3.4,NA,
683089367126144,58678,2022,NA,NA,95,58678AA,PIMA,3.3,NA,NA,
683089367126144,58678,2022,NA,NA,95,58678AB,PIMA,2,NA,NA,
683089367126144,58678,2022,NA,NA,95,58678AC,PIMA,3.5,NA,NA,
683089368126144,18001,2022,NA,NA,95,18001AA,PIMA,2.3,NA,NA,
683089368126144,18001,2022,NA,NA,95,18001AB,PIMA,3.2,NA,NA,
683089368126144,18001,2022,NA,NA,95,18001AC,PIMA,4,NA,NA,
683089373126144,42059,2022,NA,1279704243290487,95,42059AB,PIMA,3.7,3.7,NA,
683089373126144,42059,2022,NA,1279704245290487,95,42059AC,PIMA,4.7,4.7,NA,
683089373126144,42059,2022,NA,1279704244290487,95,42059AD,PIMA,3.8,3.8,NA,
683089391126144,59019,2022,NA,NA,71,59019AA,LALA,0.5,NA,NA,
683089391126144,59019,2022,NA,NA,94,59019AB,PIGL,3.9,NA,NA,
683089391126144,59019,2022,NA,NA,94,59019AC,PIGL,3.4,NA,NA,
683089391126144,59019,2022,NA,NA,94,59019AD,PIGL,3.8,NA,NA,
683089399126144,39351,2022,NA,1279704763290487,94,39351AA,PIGL,7,7,NA,
683089399126144,39351,2022,NA,1279704762290487,94,39351AB,PIGL,7.6,7.6,NA,
683089399126144,39351,2022,NA,1279704761290487,94,39351AC,PIGL,5.9,5.9,NA,
683089419126144,7961,2022,NA,NA,95,07961AA,PIMA,3.4,NA,NA,
683089419126144,7961,2022,NA,NA,95,07961AB,PIMA,4.9,NA,NA,
683089419126144,7961,2022,NA,NA,95,07961AC,PIMA,4.8,NA,NA,
683089419126144,7961,2022,NA,NA,95,07961AD,PIMA,4.6,NA,NA,
683089419126144,7961,2022,NA,NA,95,07961AE,PIMA,2.9,NA,NA,
683089419126144,7961,2022,NA,NA,95,07961AF,PIMA,4.5,NA,NA,
683089425126144,26068,2022,NA,NA,95,26068AA,PIMA,3.7,NA,NA,
683089425126144,26068,2022,NA,NA,95,26068AB,PIMA,3,NA,NA,
683089425126144,26068,2022,NA,NA,95,26068AC,PIMA,3.4,NA,NA,
683089427126144,54662,2022,NA,1279705473290487,95,54662AA,PIMA,4.9,4.9,NA,
683089427126144,54662,2022,NA,1279705474290487,95,54662AB,PIMA,3.7,3.7,NA,
683089427126144,54662,2022,NA,1279705475290487,95,54662AC,PIMA,4,4,NA,
683089428126144,63630,2022,NA,NA,95,63630AA,PIMA,5.6,NA,NA,
683089428126144,63630,2022,NA,NA,95,63630AB,PIMA,8.1,NA,NA,
683089428126144,63630,2022,NA,NA,95,63630AC,PIMA,6.9,NA,NA,
683089429126144,63321,2022,NA,NA,95,63321AA,PIMA,4,NA,NA,
683089429126144,63321,2022,NA,NA,95,63321AB,PIMA,3.2,NA,NA,
683089429126144,63321,2022,NA,NA,95,63321AC,PIMA,3.8,NA,NA,
683089434126144,26460,2022,NA,NA,94,26460AG,PIGL,6.3,NA,NA,
683089434126144,26460,2022,NA,NA,94,26460AH,PIGL,13.3,NA,NA,sp1
683089444126144,12356,2022,NA,1279706292290487,95,12356AA,PIMA,3.4,3.4,NA,
683089444126144,12356,2022,NA,1279706293290487,95,12356AB,PIMA,3.4,3.4,NA,
683089444126144,12356,2022,NA,1279706294290487,95,12356AC,PIMA,3.4,3.4,NA,
683089452126144,59423,2022,NA,NA,95,59423AA,PIMA,4.4,NA,NA,
683089452126144,59423,2022,NA,NA,95,59423AB,PIMA,2.3,NA,NA,
683089452126144,59423,2022,NA,NA,95,59423AC,PIMA,3.4,NA,NA,
683089460126144,23483,2022,NA,1279706700290487,95,23483AA,PIMA,3.9,3.9,NA,
683089460126144,23483,2022,NA,1279706701290487,95,23483AB,PIMA,3.6,3.6,NA,
683089460126144,23483,2022,NA,1279706699290487,95,23483AC,PIMA,3.1,3.1,NA,
683089475126144,60427,2022,NA,NA,95,60427AA,PIMA,4.3,NA,NA,
683089475126144,60427,2022,NA,NA,95,60427AB,PIMA,4,NA,NA,
683089475126144,60427,2022,NA,NA,95,60427AC,PIMA,4.7,NA,NA,
683089476126144,37448,2022,NA,1279707166290487,95,37448AA,PIMA,3.4,3.4,NA,
683089476126144,37448,2022,NA,NA,95,37448AB,PIMA,4.1,NA,NA,
683089476126144,37448,2022,NA,1279707167290487,95,37448AC,PIMA,3,3,NA,
683089482126144,48529,2022,NA,1279707394290487,94,48529AC,PIGL,14.1,14.1,NA,
683089482126144,48529,2022,NA,1279707393290487,94,48529AD,PIGL,15.7,15.7,NA,
683089483126144,56519,2022,NA,1279707653290487,95,56519AA,PIMA,2.5,2.5,NA,
683089483126144,56519,2022,NA,1279707656290487,95,56519AB,PIMA,3,3,NA,
683089483126144,56519,2022,NA,1279707657290487,95,56519AC,PIMA,3.6,3.6,NA,
683089484126144,33257,2022,NA,1279707918290487,94,33257AE,PIGL,4.3,4.3,NA,
683089484126144,33257,2022,NA,NA,94,33257AF,PIGL,3.3,NA,NA,
683089484126144,33257,2022,NA,NA,94,33257AG,PIGL,4.7,NA,NA,
683089494126144,47497,2022,NA,NA,95,47497AA,PIMA,2.9,NA,NA,
683089494126144,47497,2022,NA,NA,95,47497AB,PIMA,3.3,NA,NA,
683089494126144,47497,2022,NA,NA,95,47497AC,PIMA,4.4,NA,NA,
683089498126144,59621,2022,NA,NA,95,59621AA,PIMA,2,NA,NA,
683089498126144,59621,2022,NA,NA,95,59621AB,PIMA,2.6,NA,NA,
683089498126144,59621,2022,NA,NA,95,59621AC,PIMA,2.8,NA,NA,
923529345290487,10675,2022,NA,1279738933290487,95,10675AA,PIMA,3.5,3.5,NA,
923529345290487,10675,2022,NA,1279738934290487,95,10675AB,PIMA,5.3,5.3,NA,
923529345290487,10675,2022,NA,1279738935290487,95,10675AC,PIMA,7.4,7.4,NA,
683089503126144,31908,2022,NA,1279708827290487,95,31908AA,PIMA,4.4,4.4,NA,
683089503126144,31908,2022,NA,1279708829290487,95,31908AB,PIMA,4.4,4.4,NA,
683089503126144,31908,2022,NA,1279708828290487,95,31908AC,PIMA,3.8,3.8,NA,
683089510126144,43339,2022,NA,1279709161290487,95,43339AA,PIMA,4.1,4.1,NA,
683089510126144,43339,2022,NA,1279709160290487,95,43339AB,PIMA,3.6,3.6,NA,
683089510126144,43339,2022,NA,1279709159290487,95,43339AC,PIMA,2.8,2.8,NA,
923529338290487,5546,2022,NA,1279738442290487,95,05546AA,PIMA,4.1,4.1,NA,
923529338290487,5546,2022,NA,1279738447290487,95,05546AB,PIMA,4.1,4.1,NA,
923529338290487,5546,2022,NA,1279738448290487,95,05546AC,PIMA,4.1,4.1,NA,
683089513126144,8716,2022,NA,NA,95,08716AA,PIMA,4.7,NA,NA,SA
683089513126144,8716,2022,NA,NA,95,08716AB,PIMA,4.6,NA,NA,SA
683089513126144,8716,2022,NA,NA,95,08716AC,PIMA,4.1,NA,NA,SA
683089520126144,40860,2022,NA,1279709889290487,94,40860AA,PIGL,5.9,5.9,NA,
683089520126144,40860,2022,NA,1279709890290487,94,40860AB,PIGL,6.3,6.3,NA,
683089520126144,40860,2022,NA,1279709891290487,94,40860AC,PIGL,5.6,5.6,NA,
683089526126144,30062,2022,NA,NA,95,30062AA,PIMA,3,NA,NA,
683089527126144,9563,2022,NA,NA,95,09563AB,PIMA,4.1,NA,NA,
683089527126144,9563,2022,NA,NA,95,09563AC,PIMA,4,NA,NA,
683089529126144,59980,2022,NA,1279710342290487,95,59980AD,PIMA,6.6,6.6,NA,
923529362290487,63099,2022,NA,NA,95,63099AB,PIMA,3.5,NA,NA,
683089537126144,56318,2022,NA,1279710767290487,95,56318AB,PIMA,4.1,4.1,NA,
683089537126144,56318,2022,NA,1279710763290487,95,56318AC,PIMA,3.9,3.9,NA,
683089537126144,56318,2022,NA,1279710764290487,95,56318AD,PIMA,4.2,4.2,NA,
683089546126144,2377,2022,NA,NA,95,02377AA,PIMA,2.5,NA,NA,plot mislabeled - changed from 54253 to 54523 (Cahoon)
683089546126144,2377,2022,NA,NA,95,02377AB,PIMA,2.4,NA,NA,plot mislabeled - changed from 54253 to 54523 (Cahoon)
683089546126144,2377,2022,NA,NA,95,02377AC,PIMA,2.9,NA,NA,plot mislabeled - changed from 54253 to 54523 (Cahoon)
683089543126144,24456,2022,NA,NA,94,24456AB,PIGL,8.9,NA,NA,
683089543126144,24456,2022,NA,NA,94,24456AC,PIGL,5.9,NA,NA,
683089584126144,47511,2022,NA,1279712221290487,94,47511AC,PIGL,10.4,10.4,NA,plot mislabeled - changed from 54553 to 58554 (Cahoon)
923529346290487,21604,2022,NA,NA,94,21604AB,PIGL,8.2,NA,NA,
923529346290487,21604,2022,NA,NA,94,21604AC,PIGL,6.6,NA,NA,
923529346290487,21604,2022,NA,NA,94,21604AD,PIGL,6.8,NA,NA,
683089574126144,18187,2022,NA,NA,94,18187AA,PIGL,9.6,NA,NA,
683089574126144,18187,2022,NA,NA,94,18187AB,PIGL,10.1,NA,NA,
683089574126144,18187,2022,NA,NA,94,18187AC,PIGL,16.5,NA,NA,
683089575126144,503,2022,NA,NA,94,00503AC,PIGL,10.1,NA,NA,
683089576126144,22792,2022,NA,NA,94,22792AD,PIGL,8.6,NA,NA,
683089576126144,22792,2022,NA,NA,94,22792AE,PIGL,8.8,NA,NA,
683089576126144,22792,2022,NA,NA,94,22792AF,PIGL,7.4,NA,NA,
683089577126144,32381,2022,NA,NA,95,32381AA,PIMA,4.7,NA,NA,
683089577126144,32381,2022,NA,NA,95,32381AB,PIMA,3.5,NA,NA,
683089577126144,32381,2022,NA,NA,95,32381AC,PIMA,2.7,NA,NA,
923529339290487,22718,2022,NA,NA,95,22718AA,PIMA,3.2,NA,NA,
923529339290487,22718,2022,NA,NA,95,22718AB,PIMA,3.6,NA,NA,
923529339290487,22718,2022,NA,NA,95,22718AC,PIMA,4.1,NA,NA,
683089585126144,13739,2022,NA,NA,95,13739AA,PIMA,3.2,NA,NA,plot mislabeled - changed from 58644 to 58664 (Cahoon)
683089585126144,13739,2022,NA,NA,95,13739AB,PIMA,2.4,NA,NA,plot mislabeled - changed from 58644 to 58664 (Cahoon)
683089590126144,40587,2022,NA,NA,94,40587AC,PIGL,3.8,NA,NA,
683089590126144,40587,2022,NA,NA,94,40587AD,PIGL,13.7,NA,NA,
683089590126144,40587,2022,NA,NA,94,40587AE,PIGL,13.4,NA,NA,
683089590126144,40587,2022,NA,NA,376,40587AF,BENE,4.9,NA,NA,
683089590126144,40587,2022,NA,NA,376,40587AG,BENE,4.5,NA,NA,
683089618126144,47098,2022,NA,NA,95,47098AA,PIMA,4.4,NA,NA,
683089619126144,37774,2022,NA,1279713301290487,95,37774AB,PIMA,4.2,4.2,NA,
683089619126144,37774,2022,NA,1279713302290487,95,37774AC,PIMA,4.8,4.8,NA,
683089619126144,37774,2022,NA,1279713303290487,95,37774AD,PIMA,4.6,4.6,NA,
683089623126144,48118,2022,NA,1279713727290487,95,48118AA,PIMA,3.5,3.5,NA,
683089623126144,48118,2022,NA,1279713725290487,95,48118AB,PIMA,3.9,3.9,NA,
683089623126144,48118,2022,NA,1279713726290487,95,48118AC,PIMA,4.1,4.1,NA,
683089633126144,23956,2022,NA,NA,95,23956AA,PIMA,3,NA,NA,CORE DISREGARD DUE TO AGE
683089633126144,23956,2022,NA,NA,95,23956AB,PIMA,4.3,NA,NA,
683089639126144,57260,2022,NA,1279714215290487,94,57260AB,PIGL,10.7,10.7,NA,
683089639126144,57260,2022,NA,1279714214290487,94,57260AC,PIGL,11.3,11.3,NA,
683089639126144,57260,2022,NA,1279714213290487,94,57260AD,PIGL,11,11,NA,
683089647126144,53790,2022,NA,1279714288290487,94,53790AA,PIGL,7.8,7.8,NA,
683089647126144,53790,2022,NA,1279714289290487,94,53790AB,PIGL,4.2,4.2,NA,
683089647126144,53790,2022,NA,1279714292290487,94,53790AC,PIGL,8.5,8.5,NA,
683089647126144,53790,2022,NA,1279714291290487,94,53790AD,PIGL,4.3,4.3,NA,
683089647126144,53790,2022,NA,1279714290290487,95,53790AE,PIMA,4.5,4.5,NA,
683089853126144,38881,2022,NA,1279715366290487,94,38881AC,PIGL,8.2,NA,NA,"could be site tree 1, same DIA in FIADB"
683089124126144,17375,2022,NA,1279694438290487,94,17375AF,PIGL,8.2,NA,NA,plot mislabeled - changed from 13543 to 13453 (Cahoon)
683089275126144,19581,2022,NA,1279698711290487,94,19581AH,PIGL,6.9,NA,NA,
683089351126144,52619,2022,NA,1279702834290487,95,52619AB,PIMA,4.5,NA,NA,
683089351126144,52619,2022,NA,1279702835290487,95,52619AC,PIMA,3.5,NA,NA,
683089351126144,52619,2022,NA,1279702836290487,95,52619AD,PIMA,4.4,NA,NA,
683089353126144,26038,2022,NA,1279703021290487,95,26038AA,PIMA,4.3,NA,NA,
683089353126144,26038,2022,NA,1279703022290487,95,26038AB,PIMA,3.5,NA,NA,
683089353126144,26038,2022,NA,1279703023290487,95,26038AC,PIMA,3.2,NA,NA,
923529333290487,25762,2022,NA,1279738070290487,95,25762AC,PIMA,4.2,NA,NA,
683089365126144,25013,2022,NA,1389692540290487,95,25013AA,PIMA,3.9,NA,NA,plot mislabeled - changed from 37365 to 37635 (Cahoon)
683089365126144,25013,2022,NA,1389692542290487,95,25013AB,PIMA,3.7,NA,NA,plot mislabeled - changed from 37365 to 37635 (Cahoon)
683089365126144,25013,2022,NA,1389692541290487,95,25013AC,PIMA,3.2,NA,NA,plot mislabeled - changed from 37365 to 37635 (Cahoon)
683089388126144,33439,2022,NA,1279704524290487,95,33439AA,PIMA,3.7,NA,NA,
683089388126144,33439,2022,NA,1279704523290487,95,33439AB,PIMA,3.4,NA,NA,
683089388126144,33439,2022,NA,1279704522290487,95,33439AC,PIMA,3.5,NA,NA,
923529362290487,63099,2022,NA,1279739801290487,95,63099AC,PIMA,3.4,NA,NA,
683089358126144,217,2023,NA,1549065947290487,94,00217AA,PIGL,12.6,12.6,15.5,
683089358126144,217,2023,NA,1549065948290487,94,00217AB,PIGL,13.3,13.3,13.4,
683089358126144,217,2023,NA,1549065949290487,94,00217AC,PIGL,9.1,9.1,3.1,
683089358126144,217,2023,1549065962290487,NA,94,00217AD,PIGL,8.5,8.5,8.3,
683089358126144,217,2023,1549065956290487,NA,94,00217AE,PIGL,6.5,6.5,NA,core missing!
683089625126144,221,2023,1549048832290487,1549048821290487,95,00221AA,PIMA,5.9,5.9,17.7,
683089625126144,221,2023,NA,1549048822290487,95,00221AB,PIMA,4.4,4.4,2.4,
683089625126144,221,2023,NA,1549048823290487,95,00221AC,PIMA,3.7,3.7,4.1,
683089625126144,221,2023,NA,1549048824290487,95,00221AD,PIMA,3.5,3.5,1.9,
683089036126144,241,2023,NA,1549049929290487,95,00241AA,PIMA,3.5,3.5,12.5,
683089036126144,241,2023,NA,1549049930290487,95,00241AB,PIMA,3.8,3.8000000000000003,6.2,
683089036126144,241,2023,NA,1549049931290487,95,00241AC,PIMA,4.1,4.1,18.3,
683089454126144,420,2023,NA,1549068824290487,95,00420AA,PIMA,5,5,NA,break near pith - offset inestimable
683089454126144,420,2023,NA,1549068825290487,95,00420AB,PIMA,4.6,4.6000000000000005,6.8,
683089454126144,420,2023,NA,1549068826290487,95,00420AC,PIMA,4.1,4.1,4.5,
683089454126144,420,2023,NA,1549068827290487,94,00420AD,PIGL,8.5,8.5,14,
683089454126144,420,2023,NA,1549068828290487,94,00420AE,PIGL,7.2,7.2,5.9,
683089454126144,420,2023,NA,1549068829290487,94,00420AF,PIGL,7.4,7.4,6.2,
683089159126144,910,2023,NA,1549057564290487,95,00910AA,PIMA,3,3,7.1,
683089159126144,910,2023,NA,1549057565290487,95,00910AB,PIMA,3.6,3.6,6.1,
683089159126144,910,2023,NA,1549057566290487,95,00910AC,PIMA,3.3,3.3000000000000003,0.6,
683089052126144,992,2023,NA,1549050806290487,95,00992AA,PIMA,4.1,4.1,1.1,
683089052126144,992,2023,NA,1549050807290487,95,00992AB,PIMA,3.5,3.5,1.6,
683089052126144,992,2023,NA,1549050808290487,95,00992AC,PIMA,4,4,0.9,
683089506126144,1371,2023,NA,1549070358290487,95,01371AA,PIMA,3.1,3.1,3.3,
683089506126144,1371,2023,NA,1549070359290487,95,01371AB,PIMA,3.2,3.2,5.8,
683089506126144,1371,2023,NA,1549070360290487,95,01371AC,PIMA,4.7,4.7,2,
683089378126144,1400,2023,NA,1549066467290487,95,01400AA,PIMA,3.2,3.2,0.3,
683089378126144,1400,2023,NA,1549066468290487,95,01400AB,PIMA,3.6,3.6,1,
683089378126144,1400,2023,NA,1549066469290487,95,01400AC,PIMA,3.1,3.1,0.7,
683089112126144,2251,2023,NA,1549054357290487,95,02251AA,PIMA,4.3,4.3,6.4,
683089112126144,2251,2023,NA,1549054358290487,95,02251AB,PIMA,3.2,3.2,0.6,
683089112126144,2251,2023,NA,1549054359290487,95,02251AC,PIMA,3.4,3.4,7.1,
683089438126144,2274,2023,NA,1549068378290487,95,02274AA,PIMA,4.7,4.7,9.8,
683089438126144,2274,2023,NA,1549068379290487,95,02274AB,PIMA,4.3,4.3,7.2,
683089438126144,2274,2023,NA,1549068380290487,95,02274AC,PIMA,5.1,5.1000000000000005,8.9,
683089438126144,2274,2023,NA,1549068381290487,95,02274AD,PIMA,4.1,4.1,3.8,
683089561126144,2484,2023,NA,1549046278290487,376,02484AA,BENE,8.4,8.4,9.1,
683089055126144,2874,2023,NA,1549050935290487,94,02874AA,PIGL,10.5,10.5,3.9,
683089055126144,2874,2023,NA,1549050936290487,94,02874AB,PIGL,14.9,14.9,22.2,
683089055126144,2874,2023,NA,1549050937290487,94,02874AC,PIGL,9,9,12.9,
683089055126144,2874,2023,1549050947290487,1549050938290487,94,02874AD,PIGL,9.4,9.4,7.7,
683089055126144,2874,2023,1549050948290487,NA,94,02874AE,PIGL,7.5,7.5,4.2,
683089055126144,2874,2023,1549050943290487,NA,94,02874AF,PIGL,5.4,5.4,2.8,
683089578126144,2959,2023,NA,1549046926290487,95,02959AA,PIMA,4.7,4.7,3.3,
683089578126144,2959,2023,NA,1549046927290487,95,02959AB,PIMA,5.4,5.4,4.1,
683089578126144,2959,2023,NA,1549046928290487,95,02959AC,PIMA,4.3,4.3,5.2,
683089578126144,2959,2023,NA,1549046929290487,95,02959AD,PIMA,4.5,4.5,9.2,
683089149126144,3706,2023,1549056666290487,1549056658290487,95,03706AA,PIMA,5.3,5.3,3.6,
683089149126144,3706,2023,1549056678290487,1549056659290487,95,03706AB,PIMA,7.1,7.1000000000000005,13.9,
683089149126144,3706,2023,NA,1549056660290487,95,03706AC,PIMA,5.8,5.8,19.8,
683089227126144,3854,2023,NA,1549060661290487,94,03854AA,PIGL,7.1,7.1000000000000005,5.6,
683089227126144,3854,2023,NA,1549060662290487,94,03854AB,PIGL,6.2,6.2,1,
683089227126144,3854,2023,NA,1549060663290487,94,03854AC,PIGL,7.2,7.2,5.3,
683089186126144,4403,2023,1549058414290487,1549058404290487,94,04403AA,PIGL,6.9,6.9,4.7,
683089186126144,4403,2023,1549058416290487,1549058405290487,94,04403AB,PIGL,7.5,7.5,6.3,
683089186126144,4403,2023,NA,1549058406290487,94,04403AC,PIGL,5.9,5.9,9.4,
683089315126144,4887,2023,1549064622290487,1549064605290487,94,04887AF,PIGL,13,17,6.3,
683089315126144,4887,2023,1549064625290487,NA,94,04887AG,PIGL,8.3,8.3,8.7,
683089635126144,4731,2023,NA,1549051365290487,95,04731AA,PIMA,4.3,4.3,7.1,
683089635126144,4731,2023,NA,1549051366290487,95,04731AB,PIMA,4.2,4.2,6.9,
683089635126144,4731,2023,NA,1549051367290487,95,04731AC,PIMA,4.4,4.4,12.2,
683089073126144,4842,2023,NA,1549052644290487,95,04842AA,PIMA,4.3,4.3,1.8,
683089073126144,4842,2023,NA,1549052645290487,95,04842AB,PIMA,4.2,4.2,1.3,
683089073126144,4842,2023,NA,1549052646290487,95,04842AC,PIMA,4.8,4.8,11.8,
683089315126144,4887,2023,1549064614290487,1549064600290487,94,04887AA,PIGL,14.5,14.5,4.4,
683089315126144,4887,2023,NA,1549064601290487,94,04887AB,PIGL,12.9,12.9,14.7,
683089315126144,4887,2023,NA,1549064602290487,94,04887AC,PIGL,12.3,12.3,8.5,
683089315126144,4887,2023,1549064612290487,1549064603290487,94,04887AD,PIGL,11.1,11.1,13.5,
683089315126144,4887,2023,1549064645290487,1549064604290487,94,04887AE,PIGL,16,16,5.1,
683089565126144,5314,2023,NA,1549046368290487,95,05314AA,PIMA,5.4,5.4,12.9,
683089201126144,5608,2023,NA,1549059114290487,94,05608AA,PIGL,6.8,6.8,8.3,
683089201126144,5608,2023,NA,1549059115290487,94,05608AB,PIGL,6.5,6.5,11.9,
683089201126144,5608,2023,NA,1549059116290487,94,05608AC,PIGL,5.5,5.5,2.1,
683089201126144,5608,2023,1549059129290487,NA,94,05608AD,PIGL,10,10,8.5,
683089201126144,5608,2023,1549059134290487,1549059117290487,94,05608AE,PIGL,7,7,1.7,
683089201126144,5608,2023,1549059130290487,1549059118290487,94,05608AF,PIGL,5,5,9.9,
NA,NA,NA,NA,NA,95,05823AA,PIMA,3.7,NA,NA,core in several pieces - unmeasurable
683089596126144,5829,2023,NA,1549047680290487,376,05829AA,BENE,6.6,6.6000000000000005,9.3,
683089596126144,5829,2023,1549047690290487,1549047681290487,94,05829AB,PIGL,9.6,9.6,5.4,
683089596126144,5829,2023,1549047701290487,1549047682290487,94,05829AC,PIGL,12.8,12.8,4.1,
683089596126144,5829,2023,1549047714290487,1549047683290487,94,05829AD,PIGL,15.2,15.200000000000001,NA,wound near pith - offset inestimable
683089596126144,5829,2023,1549047703290487,1549047684290487,94,05829AE,PIGL,5,5.1000000000000005,11.2,
683088887126144,5849,2023,1549072841290487,1549072831290487,94,05849AA,PIGL,8.8,8.8,4.9,
683088887126144,5849,2023,1549072842290487,1549072832290487,94,05849AB,PIGL,9.5,9.5,1.1,
683088887126144,5849,2023,NA,1549072827290487,94,05849AC,PIGL,3.9,3.9,0.8,
683088887126144,5849,2023,NA,1549072828290487,94,05849AD,PIGL,7.7,7.7,3.3,
683088887126144,5849,2023,NA,1549072829290487,94,05849AE,PIGL,4.9,4.9,2.5,
683088887126144,5849,2023,NA,1549072830290487,94,05849AF,PIGL,4.1,4.1,4,
683089089126144,5856,2023,1549053275290487,1549053267290487,94,05856AA,PIGL,5.9,5.9,0.8,
683089089126144,5856,2023,1549053282290487,1549053268290487,94,05856AB,PIGL,8.7,8.700000000000001,12.8,
683089089126144,5856,2023,NA,1549053264290487,94,05856AC,PIGL,9,9,5.4,
683089089126144,5856,2023,NA,1549053265290487,94,05856AD,PIGL,8,8,2.3,
683089089126144,5856,2023,NA,1549053266290487,94,05856AE,PIGL,5.9,5.9,0.4,
683089089126144,5856,2023,1549053273290487,NA,94,05856AF,PIGL,10.2,10.200000000000001,7.7,
683089122126144,6549,2023,NA,1549054730290487,95,06549AA,PIMA,4.2,4.2,10.1,
683089122126144,6549,2023,NA,1549054731290487,95,06549AB,PIMA,3.7,3.7,3.4,
683089122126144,6549,2023,NA,1549054732290487,95,06549AC,PIMA,3.8,3.8000000000000003,2.8,
683089122126144,6549,2023,1549054737290487,NA,95,06549AD,PIMA,5.1,5.1000000000000005,15.3,
683089260126144,6550,2023,1549061931290487,NA,94,06550AA,PIGL,9.2,9.200000000000001,2.7,
683089260126144,6550,2023,1549061934290487,NA,94,06550AB,PIGL,7.2,7.2,1.5,
683089078126144,7053,2023,NA,1549053118290487,376,07053AA,BENE,3.5,3.5,0.5,
683089078126144,7053,2023,NA,1549053119290487,376,07053AB,BENE,4.3,4.3,8.4,
683089078126144,7053,2023,NA,1549053120290487,376,07053AC,BENE,3.1,3.1,5.7,
683089400126144,7073,2023,NA,1549067009290487,95,07073AA,PIMA,3.1,3.1,7,
683089400126144,7073,2023,NA,1549067010290487,95,07073AB,PIMA,3.1,3.1,2.2,
683089400126144,7073,2023,NA,1549067011290487,95,07073AC,PIMA,3.5,3.5,1.1,
683089242126144,9551,2023,NA,1549061387290487,94,09551AA,PIGL,7.7,7.7,6.7,
683089242126144,9551,2023,1549061397290487,1549061388290487,94,09551AB,PIGL,8.6,8.6,20.1,
683089242126144,9551,2023,1549061401290487,1549061389290487,94,09551AC,PIGL,6.2,6.2,11.6,
683089602126144,9909,2023,NA,1549048010290487,94,09909AA,PIGL,4.3,4.3,7.4,
683089602126144,9909,2023,NA,1549048011290487,94,09909AB,PIGL,4.3,4.3,9.4,
683089602126144,9909,2023,1549048025290487,1549048012290487,94,09909AC,PIGL,6.2,6.2,1.6,
683089602126144,9909,2023,NA,1549048013290487,94,09909AD,PIGL,4.4,4.4,4.3,
683089602126144,9909,2023,NA,1549048014290487,94,09909AE,PIGL,5.5,5.5,1.6,
683089458126144,10416,2023,NA,1549069102290487,95,10416AA,PIMA,3.4,3.4,4.6,
683089458126144,10416,2023,NA,1549069103290487,95,10416AB,PIMA,3.7,3.7,7.7,
683089458126144,10416,2023,NA,1549069104290487,95,10416AC,PIMA,3.6,3.6,1,
683089290126144,10594,2023,1549063589290487,NA,94,10594AA,PIGL,6.5,6.5,7.3,
683089290126144,10594,2023,1549063590290487,NA,94,10594AB,PIGL,7.1,7.1000000000000005,4,
683089290126144,10594,2023,1549063591290487,NA,95,10594AC,PIMA,9.5,9.5,8.3,
683089614126144,11437,2023,1549048324290487,NA,94,11437AA,PIGL,7.2,7.2,23,
683089557126144,11629,2023,1549046089290487,1549046082290487,95,11629AA,PIMA,6.2,6.2,1.2,
683089557126144,11629,2023,1549046102290487,1549046083290487,95,11629AB,PIMA,7.5,7.5,4,
683089557126144,11629,2023,NA,1549046084290487,95,11629AC,PIMA,6.2,6.2,5.4,
NA,NA,NA,NA,NA,94,14358AA,PIGL,5.6,NA,5.5,
683089264126144,15080,2023,NA,1549062200290487,94,15080AA,PIGL,6.1,6.1000000000000005,1.1,
683089264126144,15080,2023,NA,1549062201290487,94,15080AB,PIGL,8.7,8.700000000000001,8.8,
683089264126144,15080,2023,NA,1549062202290487,94,15080AC,PIGL,5.7,5.7,6.3,
683089337126144,15154,2023,1549064979290487,1549064970290487,94,15154AA,PIGL,14.2,14.200000000000001,27.8,
683089337126144,15154,2023,NA,1549064971290487,94,15154AB,PIGL,10.3,10.3,24.1,
683089337126144,15154,2023,NA,1549064972290487,94,15154AC,PIGL,11.3,11.3,8.3,
683089490126144,15898,2023,NA,1549070032290487,95,15898AA,PIMA,4.1,4.1,10.2,
683089490126144,15898,2023,NA,1549070033290487,95,15898AB,PIMA,3.4,3.4,4.4,
683089490126144,15898,2023,NA,1549070034290487,95,15898AC,PIMA,2.1,2.1,5.3,
683089299126144,16153,2023,1549063871290487,1549063859290487,94,16153AB,PIGL,8.7,8.700000000000001,15.3,
683089299126144,16153,2023,1549063869290487,1549063860290487,94,16153AC,PIGL,9.4,9.4,NA,"core broken, pith offset inestimable"
683089299126144,16153,2023,NA,1549063861290487,94,16153AD,PIGL,8.4,8.4,NA,"core broken, pith offset inestimable"
683089299126144,16153,2023,1549063866290487,NA,94,16153AE,PIGL,6.9,6.9,9.7,
683089299126144,16153,2023,1549063867290487,NA,94,16153AF,PIGL,13.1,13.1,1.8,
683089299126144,16153,2023,1549063872290487,NA,94,16153AG,PIGL,12.4,12.4,NA,intrusion near pith - offset inestimable
683089751126144,16298,2023,NA,1549058732290487,95,16298AA,PIMA,2.5,2.5,4.5,
683089751126144,16298,2023,NA,1549058733290487,95,16298AB,PIMA,2.9,2.9,0.6,
683089751126144,16298,2023,NA,1549058734290487,95,16298AC,PIMA,3.9,3.9,3.3,
683089204126144,16406,2023,NA,1549059373290487,376,16406AA,BENE,4.8,4.8,5.3,
NA,NA,NA,NA,NA,95,16503AA,PIMA,2.8,NA,NA,core in several pieces - short series with missing rings in breaks - did not measure
683089544126144,16503,2023,NA,1549045159290487,95,16503AB,PIMA,3.2,3.2,1.2,
683089544126144,16503,2023,NA,1549045160290487,95,16503AC,PIMA,3.8,3.8000000000000003,6.1,
683089544126144,16503,2023,NA,1549045161290487,94,16503AD,PIGL,5.4,5.4,8.1,
683089544126144,16503,2023,1549045178290487,1549045162290487,94,16503AE,PIGL,6.8,6.8,3.8,
683089544126144,16503,2023,NA,1549045163290487,94,16503AF,PIGL,6.2,6.2,4.9,"bark missing, end year likely 2021"
683089166126144,17088,2023,NA,1549057791290487,95,17088AA,PIMA,3.8,3.8000000000000003,1.7,
683089166126144,17088,2023,NA,1549057792290487,95,17088AB,PIMA,4,4,3.3,
683089166126144,17088,2023,NA,1549057793290487,95,17088AC,PIMA,4.4,4.4,4.3,
683089303126144,17090,2023,1549064129290487,1549064118290487,94,17090AA,PIGL,NA,8.2,4,
683089303126144,17090,2023,NA,1549064120290487,94,17090AB,PIGL,7.6,7.6000000000000005,17.8,
683089303126144,17090,2023,NA,1549064119290487,94,17090AC,PIGL,7.4,7.4,10.7,
683089237126144,17231,2023,NA,1549061117290487,71,17231AA,LALA,3.9,3.9,2.7,
683089113126144,18888,2023,1549054497290487,1549054489290487,94,18888AA,PIGL,6.7,6.7,4.2,
683089113126144,18888,2023,1549054498290487,1549054490290487,94,18888AB,PIGL,7.1,7.1000000000000005,11.4,
683089113126144,18888,2023,NA,1549054491290487,94,18888AC,PIGL,7.4,7.4,14.7,
683089436126144,19010,2023,NA,1549068193290487,94,19010AA,PIGL,13.7,13.700000000000001,21.1,
683089436126144,19010,2023,1549068200290487,1549068194290487,94,19010AB,PIGL,13.9,13.9,4.8,
683089436126144,19010,2023,1549068223290487,1549068195290487,94,19010AC,PIGL,12.9,12.9,33.9,
683089539126144,19280,2023,NA,1549044824290487,95,19280AA,PIMA,2.1,2.1,2.1,
683089539126144,19280,2023,NA,1549044825290487,95,19280AB,PIMA,2.1,2.1,0.5,
683089172126144,19341,2023,1549058249290487,NA,95,19341AA,PIMA,2.8,2.8000000000000003,NA,core in several pieces - unmeasurable
683089172126144,19341,2023,1549058250290487,1549058238290487,95,19341AB,PIMA,4,4,0.6,
683089172126144,19341,2023,1549058250290487,1549058239290487,95,19341AB,PIMA,4,4,0.6,
683089172126144,19341,2023,NA,1549058240290487,95,19341AD,PIMA,3.9,3.9,6.3,
683089172126144,19341,2023,NA,1549058241290487,95,19341AD,PIMA,3.9,3.9,6.3,
683089402126144,19807,2023,NA,1549067197290487,95,19807AA,PIMA,4.5,4.5,7,
683089402126144,19807,2023,NA,1549067198290487,95,19807AB,PIMA,4.2,4.2,2.3,
683089402126144,19807,2023,NA,1549067199290487,95,19807AC,PIMA,4.6,4.6000000000000005,8.7,
683089597126144,19827,2023,NA,1549047833290487,95,19827AA,PIMA,3.3,3.3000000000000003,2.6,
683089597126144,19827,2023,NA,1549047834290487,95,19827AB,PIMA,3.2,3.2,7.1,"core broken at end, end year likely 2019"
683089597126144,19827,2023,NA,1549047835290487,95,19827AC,PIMA,4.8,4.8,NA,core broken - pith offset inestimable
683089245126144,20100,2023,NA,1549061577290487,94,20100AA,PIGL,5.7,5.7,9.2,
683089245126144,20100,2023,NA,1549061578290487,94,20100AB,PIGL,7.5,7.5,NA,core broken - pith offset inestimable
683089245126144,20100,2023,NA,1549061579290487,94,20100AC,PIGL,7.1,7.1000000000000005,7.1,
683089245126144,20100,2023,1549061596290487,1549061580290487,94,20100AD,PIGL,5.3,5.3,7.4,
683089540126144,20249,2023,1549044946290487,1549044936290487,94,20249AA,PIGL,6,6,0.7,
683089540126144,20249,2023,1549044957290487,1549044937290487,94,20249AB,PIGL,7.3,7.3,1.4,
683089540126144,20249,2023,NA,1549044935290487,94,20249AC,PIGL,7.8,7.8,3.3,
NA,NA,NA,NA,NA,95,20552AA,PIMA,2.5,NA,1.8,
683089136126144,20552,2023,NA,1549056100290487,95,20552AB,PIMA,3.3,3.3000000000000003,6.3,
683089136126144,20552,2023,NA,1549056099290487,71,20552AC,LALA,3.4,3.4,2.3,
683089136126144,20552,2023,1549056127290487,1549056101290487,95,20552AD,PIMA,8.3,8.3,23,
683089136126144,20552,2023,1549056125290487,1549056102290487,95,20552AE,PIMA,6.9,6.9,15.1,
683089430126144,20663,2023,NA,1549067679290487,95,20663AA,PIMA,3.7,3.7,0.7,
683089430126144,20663,2023,NA,1549067680290487,95,20663AB,PIMA,3,3,1.3,
683089430126144,20663,2023,NA,1549067681290487,95,20663AC,PIMA,2.5,2.5,0.6,
683089514126144,21183,2023,NA,1549070660290487,94,21183AA,PIGL,3.1,3.1,1.8,
683089514126144,21183,2023,NA,1549070662290487,94,21183AB,PIGL,3.7,3.7,0.5,
683089514126144,21183,2023,NA,1549070661290487,94,21183AC,PIGL,3.2,3.2,1.7,
683089509126144,21621,2023,1549070536290487,1549070509290487,94,21621AA,PIGL,8.5,8.5,6.3,
683089509126144,21621,2023,1549070523290487,1549070510290487,94,21621AB,PIGL,12.6,12.6,7.2,
683089509126144,21621,2023,NA,1549070511290487,94,21621AD,PIGL,12,12,7.3,
683089509126144,21621,2023,NA,1549070512290487,94,21621AE,PIGL,4.2,4.2,2.3,
683089509126144,21621,2023,NA,1549070513290487,94,21621AF,PIGL,5,6.6000000000000005,7.9,
683089509126144,21621,2023,NA,1549070514290487,94,21621AG,PIGL,6.6,5,18.8,
683089165126144,21924,2023,1549057691290487,1549057680290487,94,21924AA,PIGL,5.1,5.1000000000000005,2.7,
683089165126144,21924,2023,1549057686290487,1549057679290487,94,21924AB,PIGL,8.1,8.1,15.5,
683089165126144,21924,2023,NA,1549057681290487,94,21924AC,PIGL,5.6,5.6000000000000005,12.9,
683089342126144,22765,2023,NA,1549065219290487,94,22765AA,PIGL,8.7,8.700000000000001,5.9,
683089342126144,22765,2023,NA,1549065220290487,94,22765AB,PIGL,7,7,7.6,
683089342126144,22765,2023,NA,1549065221290487,94,22765AC,PIGL,5,5,0.5,
683089215126144,23142,2023,1549059714290487,1549059708290487,94,23142AA,PIGL,5.2,5.2,2.4,
683089215126144,23142,2023,NA,1549059705290487,94,23142AB,PIGL,4.6,4.6000000000000005,0.3,
683089215126144,23142,2023,NA,1549059706290487,94,23142AC,PIGL,4.4,4.4,1.1,
683089215126144,23142,2023,NA,1549059707290487,94,23142AD,PIGL,4.4,4.4,5.9,
683089489126144,23935,2023,NA,1549069880290487,94,23935AA,PIGL,5.1,5.1000000000000005,2.3,
683089489126144,23935,2023,NA,1549069881290487,94,23935AB,PIGL,4.9,4.9,2.7,
683089489126144,23935,2023,NA,1549069882290487,94,23935AC,PIGL,4,4,2.7,
683089489126144,23935,2023,NA,1549069883290487,94,23935AD,PIGL,3.9,3.9,2.7,
683089489126144,23935,2023,1549069888290487,NA,94,23935AE,PIGL,6.5,6.5,7.8,
683089193126144,24133,2023,NA,1549058563290487,95,24133AA,PIMA,2.9,2.9,6.3,
683089193126144,24133,2023,NA,1549058564290487,95,24133AB,PIMA,2.7,2.7,3.9,
683089193126144,24133,2023,NA,1549058565290487,95,24133AC,PIMA,2.9,2.9,5.8,
683089235126144,24961,2023,NA,1549060979290487,95,24961AA,PIMA,6.6,6.6000000000000005,6.1,
683089235126144,24961,2023,NA,1549060978290487,95,24961AB,PIMA,6.1,6.2,17.5,
683089235126144,24961,2023,NA,1549060980290487,95,24961AC,PIMA,4.8,4.8,2.2,
683089338126144,25101,2023,NA,1549065073290487,95,25101AA,PIMA,3.3,3.3000000000000003,1.3,
683089338126144,25101,2023,NA,1549065074290487,95,25101AB,PIMA,3,3,14.4,
683089338126144,25101,2023,NA,1549065075290487,95,25101AC,PIMA,3.5,3.5,1.5,
683089156126144,25556,2023,1549057142290487,1549057134290487,95,25556AA,PIMA,5.2,5.2,3.9,
683089156126144,25556,2023,NA,1549057135290487,95,25556AB,PIMA,4,4,13.7,
683089156126144,25556,2023,NA,1549057136290487,95,25556AC,PIMA,3.4,3.4,0.6,
683089156126144,25556,2023,NA,1549057137290487,95,25556AD,PIMA,4.7,4.7,2.6,
683089094126144,25763,2023,NA,1549053647290487,95,25763AA,PIMA,3.5,3.5,1.3,
683089094126144,25763,2023,NA,1549053648290487,95,25763AB,PIMA,3.6,3.6,2.8,
683089094126144,25763,2023,NA,1549053649290487,95,25763AC,PIMA,3.4,3.4,1.8,
683089233126144,26182,2023,NA,1549060809290487,95,26182AA,PIMA,6.6,6.6000000000000005,1.2,
683089233126144,26182,2023,NA,1549060810290487,95,26182AB,PIMA,7,7,2.6,
683089233126144,26182,2023,NA,1549060811290487,376,26182AC,BENE,6,6,13.8,
683089233126144,26182,2023,NA,1549060812290487,95,26182AD,PIMA,6,6,2.3,
683089233126144,26182,2023,1549060822290487,1549060813290487,94,26182AE,PIGL,7.7,7.7,1.4,
683089233126144,26182,2023,1549060823290487,1549060814290487,95,26182AF,PIMA,6,6,17.3,
683088885126144,26384,2023,NA,1549072705290487,95,26384AA,PIMA,3.5,3.5,1.5,
683088885126144,26384,2023,NA,1549072706290487,95,26384AB,PIMA,4.1,4.1,8.1,
NA,NA,NA,NA,NA,95,26384AC,PIMA,7.1,NA,3.2,
683088885126144,26384,2023,NA,1549072707290487,95,26384AD,PIMA,3.9,3.9,2.3,
683089285126144,26513,2023,NA,1549063437290487,95,26513AA,PIMA,4,4,4.1,
683089285126144,26513,2023,NA,1549063438290487,95,26513AB,PIMA,3.3,3.3000000000000003,1.6,
683089285126144,26513,2023,NA,1549063439290487,95,26513AC,PIMA,2.5,2.5,0.6,
683089285126144,26513,2023,NA,1549063440290487,95,26513AD,PIMA,3.7,3.7,0.7,
683089336126144,26578,2023,1549064812290487,1549064805290487,94,26578AA,PIGL,16.2,16.2,6.1,
683089336126144,26578,2023,1549064827290487,1549064806290487,94,26578AB,PIGL,13.1,13.1,11.5,
NA,NA,NA,NA,NA,94,26578AC,PIGL,11.5,NA,NA,core broken - offset inestimable
683089336126144,26578,2023,1549064817290487,NA,94,26578AD,PIGL,8.3,8.3,0.8,
683089126126144,27672,2023,NA,1549055025290487,95,27672AA,PIMA,4.5,4.5,4.3,
683089126126144,27672,2023,NA,1549055026290487,95,27672AB,PIMA,3.9,3.9,0.4,
683089126126144,27672,2023,NA,1549055027290487,95,27672AC,PIMA,4.4,4.4,11.4,
NA,NA,NA,NA,NA,95,28359AA,PIMA,3.3,NA,NA,large core segment missing - unmeasurable
683089273126144,28359,2023,NA,1549062962290487,95,28359AB,PIMA,4,4,0.8,
683089273126144,28359,2023,NA,1549062963290487,95,28359AC,PIMA,3.5,3.5,1.8,
683089273126144,28359,2023,1549062968290487,NA,95,28359AD,PIMA,7.1,7.1000000000000005,11,
683089273126144,28359,2023,1549062969290487,NA,95,28359AE,PIMA,5.1,5.1000000000000005,22.3,
683089571126144,29281,2023,NA,1549074997290487,94,29281AA,PIGL,5.5,5.5,0.9,
683089571126144,29281,2023,NA,1549074998290487,94,29281AB,PIGL,5.6,5.4,3.4,
683089571126144,29281,2023,NA,1549074999290487,94,29281AC,PIGL,NA,5.3,7.8,
683089571126144,29281,2023,1549075010290487,NA,94,29281AD,PIGL,NA,6.6000000000000005,12.4,broken segments/missing rings by bark - end year x-dates to 1984
683089569126144,29569,2023,NA,1549046497290487,95,29569AA,PIMA,3.5,3.5,5.7,
683089569126144,29569,2023,NA,1549046499290487,95,29569AC,PIMA,3.5,3.5,2.7,
NA,NA,NA,NA,NA,95,29569AC2,PIMA,3.4,NA,2.8,
683089531126144,30022,2023,NA,1549071324290487,95,30022AA,PIMA,3,3,3.5,
683089531126144,30022,2023,NA,1549071325290487,95,30022AB,PIMA,3.6,3.6,1.5,
683089531126144,30022,2023,NA,1549071326290487,95,30022AC,PIMA,3.7,3.7,2.7,
683089065126144,30891,2023,NA,1549052467290487,95,30891AA,PIMA,4.4,4.4,0.9,
683089065126144,30891,2023,NA,1549052468290487,95,30891AB,PIMA,3.9,3.9,1.5,
683089477126144,31252,2023,NA,1549069391290487,376,31252AA,BENE,6.1,6.1000000000000005,2.8,
683089477126144,31252,2023,1549069408290487,1549069392290487,94,31252AB,PIGL,9.7,9.700000000000001,0.9,
683089477126144,31252,2023,NA,1549069393290487,94,31252AC,PIGL,8.6,8.6,1.9,
683089380126144,31253,2023,1549066739290487,1549066727290487,94,31253AA,PIGL,7.3,7.3,2,
683089380126144,31253,2023,NA,1549066726290487,94,31253AB,PIGL,7.6,7.6000000000000005,8.7,
683089380126144,31253,2023,NA,1549066725290487,94,31253AC,PIGL,8.5,8.5,10.5,
683088700126144,31827,2023,NA,1549071994290487,94,31827AA,PIGL,7.3,7.3,10.9,
683088700126144,31827,2023,NA,1549071995290487,94,31827AB,PIGL,6.8,6.8,9.4,
683088700126144,31827,2023,NA,1549071996290487,94,31827AC,PIGL,7.9,7.9,5.8,
683089167126144,32360,2023,NA,1549057927290487,95,32360AA,PIMA,5.2,5.2,3.6,
NA,NA,NA,NA,NA,95,32360AB,PIMA,5.1,NA,NA,intrusion near pith - offset inestimable
683089167126144,32360,2023,NA,1549057928290487,95,32360AC,PIMA,3.8,3.8000000000000003,0.9,
683089041126144,32437,2023,NA,1549050091290487,94,32437AA,PIGL,8.8,8.8,23.5,
683089041126144,32437,2023,NA,1549050092290487,94,32437AB,PIGL,6.7,6.7,25.7,
683089041126144,32437,2023,NA,1549050093290487,94,32437AC,PIGL,8.8,8.8,21.5,
683089041126144,32437,2023,NA,1549050094290487,376,32437AD,BENE,9.2,9.200000000000001,6.4,
683089468126144,32699,2023,NA,1549069245290487,95,32699AA,PIMA,3.5,3.5,0.6,
683089468126144,32699,2023,NA,1549069246290487,95,32699AB,PIMA,2.8,2.8000000000000003,2.2,
683089468126144,32699,2023,NA,1549069247290487,95,32699AC,PIMA,4.4,4.4,1.2,
NA,NA,NA,NA,NA,94,32699AD,PIGL,9.9,NA,1.4,
683089440126144,33050,2023,NA,1549068532290487,95,33050AA,PIMA,4.6,4.6000000000000005,2.1,
683089440126144,33050,2023,NA,1549068529290487,95,33050AB,PIMA,3,3,0.9,
683089440126144,33050,2023,NA,1549068530290487,95,33050AC,PIMA,2.3,2.3000000000000003,2.4,
683089440126144,33050,2023,NA,1549068531290487,95,33050AD,PIMA,3.8,3.8000000000000003,0.9,
683089007126144,33129,2023,NA,1549047510290487,94,33129AA,PIGL,7.6,7.6000000000000005,13.1,
683089007126144,33129,2023,NA,1549047509290487,95,33129AB,PIMA,4.2,4.2,3.2,
683089007126144,33129,2023,NA,1549047513290487,95,33129AC,PIMA,3.5,3.5,0.7,
683089007126144,33129,2023,NA,1549047514290487,95,33129AD,PIMA,4.6,4.6000000000000005,8.2,
683089007126144,33129,2023,NA,1549047511290487,94,33129AE,PIGL,5.6,5.6000000000000005,2.4,
683089007126144,33129,2023,NA,1549047512290487,94,33129AF,PIGL,8.5,8.5,2.2,
683089203126144,33533,2023,1549059228290487,1549059220290487,94,33533AA,PIGL,14.3,14.3,1.1,
683089203126144,33533,2023,1549059237290487,NA,94,33533AB,PIGL,18.2,18.2,NA,pith not reached - offset inestimable
683089203126144,33533,2023,NA,1549059219290487,94,33533AC,PIGL,10.2,10.200000000000001,3.5,
683089203126144,33533,2023,1549059240290487,1549059221290487,94,33533AD,PIGL,5.4,5.4,1.7,
683089203126144,33533,2023,1549059242290487,1549059222290487,94,33533AE,PIGL,7.6,7.6000000000000005,17.1,
683089203126144,33533,2023,NA,1549059223290487,94,33533AF,PIGL,7.1,7.1000000000000005,4.1,
683089123126144,33548,2023,1549054907290487,1549054890290487,94,33548AA,PIGL,14.1,14.1,12.6,
683089123126144,33548,2023,NA,1549054888290487,94,33548AB,PIGL,13,13.5,NA,core broken - offset inestimable
683089123126144,33548,2023,NA,1549054889290487,94,33548AC,PIGL,9.8,9.8,12.8,
683089093126144,34035,2023,NA,1549053501290487,94,34035AA,PIGL,15.9,15.9,34.2,
683089093126144,34035,2023,NA,1549053502290487,94,34035AB,PIGL,15.8,15.8,14,
683089093126144,34035,2023,NA,1549053503290487,94,34035AC,PIGL,19.6,19.6,18.6,
683089093126144,34035,2023,NA,1549053504290487,95,34035AD,PIMA,4.6,4.6000000000000005,7.7,
683089093126144,34035,2023,NA,1549053505290487,95,34035AE,PIMA,3.8,3.8000000000000003,0.4,
683089093126144,34035,2023,NA,1549053506290487,95,34035AF,PIMA,5.6,5.6000000000000005,9.3,
683089093126144,34035,2023,NA,1549053507290487,95,34035AG,PIMA,4.4,4.4,5.9,
683089093126144,34035,2023,1549053516290487,1549053508290487,94,34035AH,PIGL,13.4,13.4,11.9,
683089093126144,34035,2023,1549053522290487,1549053509290487,94,34035AK,PIGL,11.2,11.200000000000001,19.6,
683089093126144,34035,2023,1549053517290487,1549053510290487,94,34035AL,PIGL,10.4,10.4,4.6,
683089613126144,34706,2023,NA,1549048152290487,94,34706AA,PIGL,4,4,3.2,
683089613126144,34706,2023,NA,1549048153290487,94,34706AB,PIGL,4.9,4.9,1.9,
683089613126144,34706,2023,1549048173290487,NA,94,34706AC,PIGL,7.9,7.9,5.5,
683089140126144,35656,2023,1549056305290487,1549056298290487,94,35656AA,PIGL,5.6,5.6000000000000005,13.5,
683089140126144,35656,2023,NA,1549056299290487,94,35656AB,PIGL,12.2,12.200000000000001,16.1,
683089140126144,35656,2023,NA,1549056300290487,94,35656AC,PIGL,7.4,7.4,2.2,
683089622126144,36151,2023,NA,1549048633290487,94,36151AA,PIGL,8.2,8.2,3.5,
683089622126144,36151,2023,1549048644290487,1549048634290487,94,36151AB,PIGL,6.8,6.8,1.9,
683089622126144,36151,2023,1549048647290487,1549048635290487,94,36151AC,PIGL,7.3,7.3,4.7,
683089622126144,36151,2023,1549048652290487,1549048636290487,94,36151AD,PIGL,11.1,11.1,28.8,
683089641126144,36186,2023,NA,1549051684290487,94,36186AA,PIGL,3.8,2.9,3.4,
683089059126144,36435,2023,1549051141290487,NA,94,36435AA,PIGL,5.3,5.3,11.6,
683089059126144,36435,2023,1549051142290487,NA,94,36435AB,PIGL,8.5,8.5,12,
683088869126144,36450,2023,NA,1549072212290487,94,36450AA,PIGL,4.9,4.9,NA,core broken - offset inestimable
683088869126144,36450,2023,NA,1549072213290487,94,36450AB,PIGL,4.9,4.9,0.4,
683088869126144,36450,2023,NA,1549072214290487,94,36450AC,PIGL,4.1,4.1,2.1,
683089238126144,36930,2023,1549061244290487,1549061235290487,94,36930AA,PIGL,8,8,1.1,
683089238126144,36930,2023,1549061249290487,1549061236290487,94,36930AB,PIGL,6.5,6.5,7.6,
683089238126144,36930,2023,NA,1549061237290487,94,36930AC,PIGL,6.8,6.8,2.3,
683089640126144,37306,2023,NA,1549051527290487,95,37306AA,PIMA,3.6,3.6,2.4,
683089640126144,37306,2023,NA,1549051528290487,95,37306AB,PIMA,3.2,3.2,5.5,
683089640126144,37306,2023,NA,1549051529290487,95,37306AC,PIMA,3.4,3.4,0.9,
683089075126144,37800,2023,NA,1549052974290487,95,37800AA,PIMA,2.4,2.4,5.7,
683089075126144,37800,2023,NA,1549052975290487,95,37800AB,PIMA,2.6,2.6,0.5,
683089075126144,37800,2023,NA,1549052976290487,95,37800AC,PIMA,2,2,0.4,
NA,NA,NA,NA,NA,95,38334AA,PIMA,2.8,NA,NA,core in several pieces - unmeasureable
683089295126144,38334,2023,NA,1549063758290487,95,38334AB,PIMA,2.6,2.6,1.6,
683089553126144,38461,2023,1549045917290487,1549045912290487,94,38461AA,PIGL,9.8,9.8,13.1,
683089553126144,38461,2023,1549045919290487,1549045910290487,94,38461AB,PIGL,6.4,6.4,1.7,
683089553126144,38461,2023,1549045920290487,1549045911290487,94,38461AC,PIGL,8.6,8.6,8.7,
683089553126144,38461,2023,NA,1549045907290487,94,38461AE,PIGL,8.5,8.5,17.5,
683089553126144,38461,2023,NA,1549045908290487,94,38461AF,PIGL,6.8,6.8,1.2,
683089553126144,38461,2023,NA,1549045909290487,94,38461AG,PIGL,8.3,8.3,4.1,
683089408126144,38973,2023,NA,1549067395290487,94,38973AB,PIGL,6.1,6.1000000000000005,4,
683089408126144,38973,2023,NA,1549067396290487,94,38973AC,PIGL,7,7,14.2,
683089408126144,38973,2023,1549067405290487,1549067397290487,94,38973AD,PIGL,6.6,6.6000000000000005,14.3,
683089408126144,38973,2023,1549067432290487,1549067398290487,94,38973AE,PIGL,8.8,8.8,4.3,
683089408126144,38973,2023,NA,1549067399290487,94,38973AF,PIGL,7.1,7.1000000000000005,3,
683089061126144,39063,2023,NA,1549052130290487,95,39063AA,PIMA,1.9,1.9000000000000001,0.4,
683089061126144,39063,2023,NA,1549052131290487,95,39063AB,PIMA,1.5,1.5,0.8,
683089061126144,39063,2023,NA,1549052132290487,95,39063AC,PIMA,3,3,3.9,
683089061126144,39063,2023,1549052145290487,NA,95,39063AD,PIMA,6.1,6.1000000000000005,9.1,
683089116126144,39628,2023,NA,1549054581290487,95,39628AA,PIMA,3,3,0.5,
683089116126144,39628,2023,NA,1549054582290487,95,39628AB,PIMA,2.9,2.9,7.6,
683089116126144,39628,2023,NA,1549054583290487,95,39628AC,PIMA,3,3,4.3,
683089280126144,39754,2023,NA,1549063129290487,95,39754AA,PIMA,3.7,3.7,8.3,
683089280126144,39754,2023,NA,1549063130290487,95,39754AB,PIMA,2.9,2.9,1.9,
683089280126144,39754,2023,NA,1549063131290487,95,39754AC,PIMA,3.2,3.2,7.1,
683089017126144,40681,2023,NA,1549049027290487,95,40681AA,PIMA,4.3,4.3,5.5,
683089017126144,40681,2023,NA,1549049028290487,95,40681AB,PIMA,4.3,4.3,2.8,
683089017126144,40681,2023,NA,1549049029290487,95,40681AC,PIMA,4,4,7.2,
683089356126144,41341,2023,NA,1549065773290487,94,41341AA,PIGL,9,9,7.7,
683089356126144,41341,2023,NA,1549065774290487,94,41341AB,PIGL,7.9,7.9,5,
683089356126144,41341,2023,NA,1549065775290487,94,41341AC,PIGL,7.8,7.8,6.3,
683089356126144,41341,2023,1549065786290487,1549065776290487,95,41341AD,PIMA,6.7,6.7,5.1,
683089356126144,41341,2023,1549065791290487,1549065777290487,94,41341AE,PIGL,5.9,5.9,0.8,
683089356126144,41341,2023,1549065816290487,1549065778290487,95,41341AF,PIMA,7.4,7.4,1.4,
683089356126144,41341,2023,1549065836290487,1549065779290487,94,41341AG,PIGL,8.2,8.2,4.6,
683089196126144,41939,2023,1549058880290487,1549058871290487,94,41939AA,PIGL,9.1,9.1,1.3,
683089196126144,41939,2023,NA,1549058868290487,94,41939AB,PIGL,10.6,10.6,4.1,
683089196126144,41939,2023,1549058902290487,1549058869290487,94,41939AC,PIGL,14.7,14.700000000000001,0.7,
683089196126144,41939,2023,NA,1549058870290487,94,41939AD,PIGL,10.3,10.3,16.6,
683089196126144,41939,2023,1549058895290487,NA,94,41939AE,PIGL,6.1,6.1000000000000005,5.7,
683089074126144,42353,2023,NA,1549052824290487,95,42353AA,PIMA,3.4,3.4,1.3,
683089074126144,42353,2023,NA,1549052825290487,95,42353AB,PIMA,3.1,3.1,0.5,
683089074126144,42353,2023,NA,1549052826290487,95,42353AC,PIMA,3.5,3.5,0.7,
683089431126144,43457,2023,NA,1549067779290487,94,43457AA,PIGL,12,12,59.6,
683089435126144,43527,2023,NA,1549068027290487,94,43527AA,PIGL,6.9,6.9,1.8,
683089435126144,43527,2023,NA,1549068028290487,94,43527AB,PIGL,6.1,6.1000000000000005,8.7,
683089435126144,43527,2023,NA,1549068029290487,94,43527AC,PIGL,7.1,7.1000000000000005,1.5,
NA,NA,NA,NA,NA,95,43673AA,PIMA,4.3,NA,NA,core in several pieces - unmeasureable
683089281126144,43673,2023,NA,1549063264290487,95,43673AB,PIMA,4.6,4.6000000000000005,1.6,unmeasureable near bark - inner rings measured with end year x-dated to 2011
NA,NA,NA,NA,NA,95,43673AC,PIMA,4.9,NA,NA,core in several pieces - unmeasureable
NA,NA,NA,NA,NA,95,43673AD,PIMA,5.5,NA,NA,core in several pieces - unmeasureable
683089478126144,44174,2023,NA,1549069556290487,95,44174AA,PIMA,4.5,4.5,2.7,
683089491126144,45234,2023,1549070174290487,1549070163290487,95,45234AB,PIMA,5.4,5.4,6.4,
683089491126144,45234,2023,NA,1549070164290487,95,45234AC,PIMA,3.9,3.9,1.5,
683089491126144,45234,2023,NA,1549070165290487,95,45234AD,PIMA,3.3,3.3000000000000003,0.8,
NA,NA,NA,NA,NA,95,45234AE,PIMA,3.4,NA,NA,
683089612126144,46258,2023,NA,1549075250290487,95,46258AA,PIMA,3.6,3.6,6.3,
683089612126144,46258,2023,NA,1549075251290487,95,46258AB,PIMA,4.1,4.1,0.6,
683089612126144,46258,2023,NA,1549075252290487,95,46258AC,PIMA,3.8,3.8000000000000003,0.8,
683089612126144,46258,2023,1549075257290487,NA,95,46258AD,PIMA,5.1,5.1000000000000005,1.5,
683089487126144,46533,2023,1549069721290487,NA,94,46533AA,PIGL,6.1,6.1000000000000005,1.1,
683089487126144,46533,2023,1549069739290487,1549069706290487,94,46533AB,PIGL,13.7,13.700000000000001,NA,core broken - pith offset inestimable
683089487126144,46533,2023,1549069739290487,1549069707290487,94,46533AB,PIGL,13.7,13.700000000000001,NA,core broken - pith offset inestimable
683089487126144,46533,2023,1549069719290487,NA,94,46533AC,PIGL,8.4,8.4,0.9,
683089487126144,46533,2023,1549069723290487,1549069708290487,94,46533AD,PIGL,11,11,0.8,
683089487126144,46533,2023,1549069723290487,1549069709290487,94,46533AD,PIGL,11,11,0.8,
683089487126144,46533,2023,1549069722290487,1549069711290487,94,46533AE,PIGL,9.7,9.700000000000001,10.6,
683089487126144,46533,2023,1549069722290487,1549069710290487,94,46533AE,PIGL,9.7,9.700000000000001,10.6,
683089651126144,46739,2023,NA,1549051830290487,94,46739AA,PIGL,8.5,8.5,1.7,"bark missing, end year likely 2019"
683089651126144,46739,2023,NA,1549051831290487,94,46739AB,PIGL,7.3,7.3,5.8,
683089651126144,46739,2023,NA,1549051832290487,94,46739AC,PIGL,6.8,6.8,6.8,
683089029126144,46743,2023,NA,1549049662290487,95,46743AA,PIMA,2.2,2.2,1.1,
683089029126144,46743,2023,NA,1549049663290487,95,46743AB,PIMA,3.8,3.8000000000000003,11.5,
683089029126144,46743,2023,NA,1549049664290487,95,46743AC,PIMA,2.7,2.7,4.9,
683089376126144,47285,2023,1549066340290487,1549066334290487,94,47285AA,PIGL,10.8,10.8,1.3,
683089376126144,47285,2023,1549066352290487,1549066335290487,94,47285AB,PIGL,15.8,15.8,13.1,
683089376126144,47285,2023,NA,1549066333290487,94,47285AC,PIGL,9.9,9.9,8.5,
683089001126144,47481,2023,NA,1549047341290487,95,47481AA,PIMA,3,3,0.7,
683089001126144,47481,2023,NA,1549047342290487,95,47481AB,PIMA,3,3,5.3,
683089001126144,47481,2023,NA,1549047343290487,95,47481AC,PIMA,4.5,4.5,4.6,
683089344126144,47725,2023,NA,1549065480290487,94,47725AA,PIGL,7.2,7.2,0.9,
683089344126144,47725,2023,NA,1549065481290487,94,47725AB,PIGL,8,8,NA,core broken - pith offset inestimable
683089344126144,47725,2023,NA,1549065482290487,94,47725AC,PIGL,7.4,7.4,11.3,
683089535126144,49322,2023,NA,1549071609290487,95,49322AA,PIMA,2.7,3.9,9.7,
683089535126144,49322,2023,NA,1549071610290487,95,49322AB,PIMA,3.7,3.7,0.9,
683089535126144,49322,2023,NA,1549071611290487,95,49322AC,PIMA,2.7,2.7,3.6,
683089535126144,49322,2023,NA,1549071612290487,94,49322AD,PIGL,4.2,4.2,7.2,
683089535126144,49322,2023,NA,1549071613290487,94,49322AE,PIGL,4.3,4.3,4.4,
683089535126144,49322,2023,NA,1549071614290487,94,49322AF,PIGL,4,4,10.5,
683089535126144,49322,2023,1549071623290487,NA,94,49322AG,PIGL,5.6,5.6000000000000005,9.6,
683089535126144,49322,2023,1549071630290487,NA,95,49322AH,PIMA,7.1,7.1000000000000005,6,
683089535126144,49322,2023,1549071631290487,NA,94,49322AI,PIGL,7.5,7.5,4.3,
683089530126144,49454,2023,NA,1549071196290487,95,49454AA,PIMA,2.1,2.1,0.7,
683089530126144,49454,2023,NA,1549071195290487,95,49454AB,PIMA,4.9,4.9,5.2,
683089530126144,49454,2023,NA,1549071197290487,95,49454AC,PIMA,3.6,3.6,1.4,
683088699126144,50140,2023,NA,1549071834290487,95,50140AA,PIMA,4,4,1.9,
683088699126144,50140,2023,NA,1549071835290487,95,50140AB,PIMA,3.4,3.4,2.8,
683088699126144,50140,2023,NA,1549071836290487,95,50140AC,PIMA,4.5,4.5,1,
683089702126144,50209,2023,NA,1549054003290487,71,50209AA,LALA,2.7,2.7,0.7,
683089702126144,50209,2023,NA,1549054004290487,71,50209AB,LALA,4.7,4.7,0.9,
683089702126144,50209,2023,NA,1549054005290487,71,50209AC,LALA,3.8,3.8000000000000003,0.8,
683089702126144,50209,2023,1549054013290487,NA,95,50209AD,PIMA,5.3,5.2,12.7,
683088871126144,50356,2023,NA,1549072367290487,94,50356AA,PIGL,8.3,8.3,0.9,
683088871126144,50356,2023,NA,1549072368290487,94,50356AB,PIGL,9.9,9.9,4.5,
683089105126144,51102,2023,NA,1549054173290487,95,51102AA,PIMA,3.4,3.4,6.9,
683089105126144,51102,2023,NA,1549054174290487,95,51102AB,PIMA,4,4,8.1,
683089105126144,51102,2023,NA,1549054175290487,95,51102AC,PIMA,3.2,3.2,4,
683089105126144,51102,2023,1549054197290487,NA,95,51102AD,PIMA,5.7,5.7,4.7,
683089308126144,51261,2023,NA,1549064281290487,95,51261AA,PIMA,6.5,6.5,7.1,
683089308126144,51261,2023,NA,1549064282290487,95,51261AB,PIMA,6,6,19.1,
683089308126144,51261,2023,NA,1549064283290487,95,51261AC,PIMA,6.5,6.5,11.7,
683088893126144,51713,2023,NA,1549072919290487,94,51713AA,PIGL,10.7,10.700000000000001,4.2,
683089532126144,52726,2023,1549071482290487,1549071474290487,94,52726AA,PIGL,5.4,5.4,4,
683089532126144,52726,2023,NA,1549071475290487,94,52726AB,PIGL,6.7,6.7,26.1,
683089532126144,52726,2023,1549071492290487,1549071476290487,94,52726AC,PIGL,9,9,3,
683089532126144,52726,2023,1549071496290487,NA,94,52726AE,PIGL,12.6,12.6,11.3,
683089532126144,52726,2023,1549071498290487,1549071477290487,94,52726AF,PIGL,7,7,21.2,
683089025126144,52979,2023,NA,1549075425290487,95,52979AA,PIMA,4.9,4.9,11.2,
683089025126144,52979,2023,NA,1549075426290487,95,52979AB,PIMA,4,4,0.7,
683089025126144,52979,2023,NA,1549075427290487,95,52979AC,PIMA,3.2,3.2,3.4,
683089147126144,53044,2023,NA,1549056455290487,94,53044AA,PIGL,7.1,7.1000000000000005,3.5,
683089147126144,53044,2023,NA,1549056456290487,94,53044AB,PIGL,5.9,5.9,12,
683089147126144,53044,2023,NA,1549056457290487,94,53044AC,PIGL,14.9,14.9,3.3,
683089147126144,53044,2023,NA,1549056458290487,94,53044AD,PIGL,13.9,13.9,4.5,
683089147126144,53044,2023,NA,1549056459290487,94,53044AE,PIGL,13.3,13.3,9.9,
683089147126144,53044,2023,NA,1549056460290487,376,53044AF,BENE,7.3,7.3,4.3,
683089147126144,53044,2023,1549056522290487,1549056461290487,94,53044AG,PIGL,18.2,18.2,9.6,
683089147126144,53044,2023,1549056479290487,1549056462290487,95,53044AH,PIMA,6,6,15.6,
683089147126144,53044,2023,1549056482290487,1549056463290487,95,53044AI,PIMA,7,7,14.7,
683089147126144,53044,2023,1549056508290487,1549056464290487,94,53044AJ,PIGL,5.2,5.2,7.1,
683089396126144,53358,2023,NA,1549066889290487,95,53358AA,PIMA,3.7,3.7,0.6,
683089396126144,53358,2023,NA,1549066890290487,95,53358AB,PIMA,2.4,2.4,1.2,
683089396126144,53358,2023,NA,1549066891290487,95,53358AC,PIMA,2.2,2.2,0.6,
683089417126144,53876,2023,NA,1549067537290487,94,53876AA,PIGL,11,11,2.2,
683089417126144,53876,2023,NA,1549067538290487,94,53876AB,PIGL,13.3,13.3,11.5,
683089417126144,53876,2023,1549067548290487,1549067539290487,94,53876AC,PIGL,9.2,9.200000000000001,0.9,
683089721126144,54443,2023,1549056818290487,1549056811290487,94,54443AA,PIGL,8,8,8.2,
683089721126144,54443,2023,1549056822290487,1549056813290487,94,54443AB,PIGL,12.2,12.200000000000001,11.6,
683089721126144,54443,2023,1549056825290487,1549056812290487,94,54443AC,PIGL,6.8,6.8,2.9,
683089456126144,54464,2023,NA,1549068964290487,95,54464AA,PIMA,3.3,3.3000000000000003,4,
683089456126144,54464,2023,NA,1549068965290487,95,54464AB,PIMA,3.3,3.3000000000000003,4,
683089456126144,54464,2023,NA,1549068966290487,95,54464AC,PIMA,3,3,0.5,
683089034126144,54699,2023,NA,1549049783290487,94,54699AA,PIGL,12.4,12.4,NA,break in core - pith offset inestimable
683089034126144,54699,2023,NA,1549049784290487,94,54699AB,PIGL,12.9,12.9,4.6,
683089034126144,54699,2023,NA,1549049785290487,94,54699AC,PIGL,19.5,19.5,NA,core broken - pith offset inestimable
683089034126144,54699,2023,NA,1549049786290487,94,54699AD,PIGL,8.1,8.1,9.7,
683089034126144,54699,2023,NA,1549049787290487,94,54699AE,PIGL,8.4,8.4,9,
683089034126144,54699,2023,1549049794290487,1549049788290487,94,54699AF,PIGL,6.7,6.7,4.3,
683089034126144,54699,2023,1549049795290487,NA,94,54699AG,PIGL,10.4,10.4,NA,"branch intrusion near pith - measurements truncated, pith offset inestimable"
683089309126144,54765,2023,NA,1549064416290487,94,54765AA,PIGL,7.3,7.3,1.5,
683089309126144,54765,2023,NA,1549064418290487,94,54765AB,PIGL,5.5,5.5,11.6,
683089309126144,54765,2023,NA,1549064419290487,94,54765AC,PIGL,8.7,8.700000000000001,12.2,
683089309126144,54765,2023,NA,1549064417290487,94,54765AE,PIGL,5.7,5.7,3,
683088881126144,54831,2023,NA,1549072582290487,94,54831AA,PIGL,3.7,3.7,0.8,
683088881126144,54831,2023,NA,1549072583290487,94,54831AC,PIGL,4.5,4.5,0.8,
683088881126144,54831,2023,NA,1549072584290487,94,54831AD,PIGL,5.1,5.1000000000000005,4.9,
683088881126144,54831,2023,1549072599290487,1549072585290487,94,54831AE,PIGL,5.8,5.8,4.4,
683088873126144,55454,2023,NA,1549072465290487,94,55454AA,PIGL,14.7,14.700000000000001,6.7,
683088873126144,55454,2023,NA,1549072466290487,376,55454AB,BENE,8.2,8.2,10.2,
683088873126144,55454,2023,NA,1549072467290487,94,55454AC,PIGL,10.1,10.1,14.9,
683088873126144,55454,2023,1549072477290487,1549072468290487,94,55454AD,PIGL,11.2,11.200000000000001,7.7,
683089042126144,55502,2023,NA,1549050255290487,94,55502AA,PIGL,3.9,3.9,0.9,
683089042126144,55502,2023,NA,1549050256290487,94,55502AB,PIGL,3.1,3.1,16.9,
683089042126144,55502,2023,NA,1549050257290487,94,55502AC,PIGL,3.5,3.5,1.9,
683089042126144,55502,2023,1549050266290487,1549050258290487,94,55502AD,PIGL,10.7,10.700000000000001,19,
683089042126144,55502,2023,1549050277290487,1549050259290487,94,55502AE,PIGL,8.2,8.2,0.6,
683089042126144,55502,2023,1549050265290487,1549050260290487,94,55502AF,PIGL,5.9,5.9,24.2,
683089433126144,56091,2023,NA,1549067895290487,95,56091AA,PIMA,3.6,3.6,1.2,2 cores taken
NA,NA,NA,NA,NA,95,56091AA2,PIMA,3.6,NA,1.3,2 cores taken
683089433126144,56091,2023,NA,1549067896290487,95,56091AB,PIMA,3,3,1.1,
683089433126144,56091,2023,NA,1549067897290487,95,56091AC,PIMA,4.1,4.1,8.6,
683089266126144,56684,2023,1549062635290487,1549062628290487,94,56684AA,PIGL,13.5,13.5,NA,core broken - pith offset inestimable
683089266126144,56684,2023,1549062634290487,1549062629290487,94,56684AB,PIGL,12,12,19.9,
683089266126144,56684,2023,NA,1549062627290487,94,56684AC,PIGL,11.6,11.6,0.6,
683089519126144,57152,2023,NA,1549070980290487,95,57152AA,PIMA,4.3,4.3,1.7,
683089519126144,57152,2023,1549070997290487,1549070981290487,95,57152AB,PIMA,5.5,5.5,2.6,
683089519126144,57152,2023,1549071005290487,NA,95,57152AC,PIMA,7.3,7.3,19,
683089519126144,57152,2023,NA,1549070982290487,95,57152AD,PIMA,4.2,4.2,0.8,
683089519126144,57152,2023,NA,1549070983290487,95,57152AE,PIMA,3.8,3.8000000000000003,2,
683089325126144,57702,2023,NA,1549075567290487,95,57702AA,PIMA,3.6,3.6,0.5,
683089325126144,57702,2023,NA,1549075568290487,95,57702AB,PIMA,3.4,3.4,6.1,
683089325126144,57702,2023,NA,1549075569290487,95,57702AC,PIMA,3.7,3.7,4.5,
683089265126144,58381,2023,NA,1549062332290487,94,58381AA,PIGL,4.2,4.2,0.8,
683089265126144,58381,2023,NA,1549062333290487,94,58381AB,PIGL,4.1,4.1,0.4,
683089265126144,58381,2023,NA,1549062334290487,94,58381AC,PIGL,4.7,4.7,2.8,
683089265126144,58381,2023,1549062345290487,NA,94,58381AD,PIGL,6.7,6.7,0.9,
683089026126144,58911,2023,NA,1549049412290487,95,58911AA,PIMA,3.3,3.3000000000000003,2.7,
683089026126144,58911,2023,NA,1549049413290487,95,58911AC,PIMA,3.3,3.3000000000000003,0.5,
683089026126144,58911,2023,NA,1549049414290487,95,58911AD,PIMA,2.9,2.9,0.9,
683089064126144,59027,2023,NA,1549052289290487,95,59027AA,PIMA,7.7,7.7,8.7,
683089064126144,59027,2023,NA,1549052290290487,95,59027AB,PIMA,7.8,7.8,16.5,
683089064126144,59027,2023,NA,1549052291290487,376,59027AC,BENE,9.1,9.1,16.9,
683089064126144,59027,2023,1549052301290487,1549052292290487,95,59027AD,PIMA,6.6,6.6000000000000005,5,
683089541126144,59064,2023,NA,1549045056290487,94,59064AA,PIGL,9.1,9.1,2.7,
683089541126144,59064,2023,NA,1549045057290487,94,59064AB,PIGL,10.7,10.700000000000001,7.4,
683089541126144,59064,2023,NA,1549045058290487,94,59064AC,PIGL,14.4,14.4,NA,core broken - pith offset inestimable
683089220126144,60622,2023,NA,1549059868290487,95,60622AA,PIMA,3.4,3.4,4.5,
683089220126144,60622,2023,NA,1549059869290487,95,60622AB,PIMA,3.4,3.4,5.9,
683089220126144,60622,2023,NA,1549059870290487,95,60622AC,PIMA,4.1,4.1,NA,
NA,NA,NA,NA,NA,95,61520AA,PIMA,3.4,NA,NA,core in several pieces - unmeasureable
NA,NA,NA,NA,NA,95,61520AB,PIMA,4.3,NA,NA,core in several pieces - unmeasureable
683089270126144,61520,2023,NA,1549062779290487,95,61520AC,PIMA,4.4,4.4,9.3,
683089551126144,61594,2023,NA,1549045428290487,94,61594AA,PIGL,4.6,4.6000000000000005,2.7,
683089551126144,61594,2023,NA,1549045429290487,94,61594AB,PIGL,4.5,4.5,6.8,
683089551126144,61594,2023,NA,1549045430290487,94,61594AC,PIGL,4.4,4.4,NA,
683089551126144,61594,2023,1549045439290487,NA,94,61594AD,PIGL,6.1,6.1000000000000005,1.6,
683089205126144,62769,2023,NA,1549059518290487,94,62769AA,PIGL,9.3,9.3,41.6,
683089205126144,62769,2023,NA,1549059519290487,94,62769AB,PIGL,5.8,5.8,0.9,
683089205126144,62769,2023,NA,1549059520290487,94,62769AC,PIGL,7.1,7.1000000000000005,NA,pith offset inestimable - intrusion obscures inner rings
683089051126144,63062,2023,1549050645290487,1549050627290487,95,63062AA,PIMA,7.3,7.3,2.5,
683089051126144,63062,2023,1549050643290487,1549050628290487,95,63062AB,PIMA,6.3,6.3,4.8,
683089051126144,63062,2023,NA,1549050629290487,95,63062AC,PIMA,8,8,11.4,
683089051126144,63062,2023,NA,1549050630290487,94,63062AD,PIGL,9,9,17,
683089051126144,63062,2023,NA,1549050631290487,94,63062AF,PIGL,10.3,10.3,3,
683089051126144,63062,2023,NA,1549050632290487,376,63062AG,BENE,8.3,8.3,11.5,
1238207432290487,36,2024,NA,1800053106290487,95,00036AA,PIMA,2.3,2.3000000000000003,1.6,
1238207432290487,36,2024,NA,1800053107290487,95,00036AA,PIMA,2.3,2.3000000000000003,1.6,
1238207432290487,36,2024,NA,1800053108290487,95,00036AB,PIMA,3,3,0.7,
1238207432290487,36,2024,NA,1800053109290487,95,00036AB,PIMA,3,3,0.7,
NA,NA,NA,NA,NA,95,00036AC,PIMA,2.8,NA,2,
683089032126144,522,2024,1800037047290487,1800037026290487,94,00522AA,PIGL,7.3,7.3,4.2,
683089032126144,522,2024,NA,1800037027290487,94,00522AB,PIGL,6.8,6.8,1.1,
683089032126144,522,2024,1800037033290487,NA,94,00522AC,PIGL,5.2,5.2,12.1,
683089032126144,522,2024,1800037046290487,NA,94,00522AD,PIGL,9.9,9.9,2.1,
683089032126144,522,2024,NA,1800037028290487,94,00522AE,PIGL,7.6,7.6000000000000005,7.5,
683089054126144,1272,2024,1800037614290487,NA,94,01272AA,PIGL,5.2,5.2,10.3,
683089054126144,1272,2024,1800037616290487,NA,94,01272AB,PIGL,7.6,7.6000000000000005,4.7,
683089054126144,1272,2024,NA,1800037608290487,94,01272AC,PIGL,4.5,4.5,8.6,
683089054126144,1272,2024,NA,1800037607290487,94,01272AD,PIGL,4.8,4.8,15.6,
683089054126144,1272,2024,NA,1800037609290487,94,01272AE,PIGL,4.3,4.3,3.4,
683089279126144,2299,2024,NA,1800043368290487,94,02299AA,PIGL,7.5,7.5,5.6,
683089279126144,2299,2024,NA,1800043369290487,376,02299AB,BENE,4.2,4.2,7.8,
683089279126144,2299,2024,1800043384290487,NA,94,02299AC,PIGL,5.4,5.4,9.5,
683089414126144,3362,2024,1800045683290487,1800045653290487,94,03362AA,PIGL,8.9,8.9,12.2,
683089414126144,3362,2024,1800045684290487,1800045654290487,94,03362AB,PIGL,6.3,6.3,8.8,
683089414126144,3362,2024,NA,1800045655290487,94,03362AC,PIGL,7.7,7.7,10.1,
683089414126144,3362,2024,NA,1800045656290487,94,03362AD,PIGL,11.2,11.200000000000001,5.8,
683089414126144,3362,2024,NA,1800045657290487,94,03362AE,PIGL,8.6,8.6,16.3,
683089414126144,3362,2024,NA,1800045658290487,94,03362AF,PIGL,5.5,5.5,2.1,
683089414126144,3362,2024,NA,1800045659290487,94,03362AG,PIGL,3.6,3.6,0.6,
683089414126144,3362,2024,NA,1800045661290487,94,03362AH,PIGL,3.2,3.2,4.2,
683089414126144,3362,2024,NA,1800045660290487,376,03362AI,BENE,3.3,3.3000000000000003,2.7,
NA,NA,NA,NA,NA,94,03674AA,PIGL,1.9,NA,0.7,
NA,NA,NA,NA,NA,94,03674AB,PIGL,2.3,NA,1.6,
NA,NA,NA,NA,NA,94,03674AC,PIGL,2.6,NA,0.9,
NA,NA,NA,NA,NA,94,03674AD,PIGL,2.3,NA,NA,core missing
683089144126144,3930,2024,1800040355290487,1800040345290487,94,03930AA,PIGL,5.9,5.9,12.8,
683089144126144,3930,2024,1800040359290487,1800040346290487,94,03930AB,PIGL,9.6,9.6,30.5,
683089144126144,3930,2024,1800040360290487,1800040347290487,94,03930AC,PIGL,8.5,8.5,10.2,
683089144126144,3930,2024,1800040367290487,1800040348290487,94,03930AD,PIGL,11.9,11.9,30.4,
683089144126144,3930,2024,NA,1800040349290487,94,03930AE,PIGL,5.6,5.6000000000000005,6.7,
1238207304290487,4678,2024,NA,1800050376290487,95,04678AA,PIMA,3,3,1.1,
1238207304290487,4678,2024,NA,1800050377290487,95,04678AB,PIMA,4.9,4.9,1.5,
1238207304290487,4678,2024,NA,1800050378290487,95,04678AC,PIMA,2.7,2.7,0.9,
NA,NA,NA,NA,NA,95,05169AA,PIMA,2.3,NA,2.2,
1238207467290487,5169,2024,NA,1800051298290487,95,05169AB,PIMA,3.9,3.9,0.9,
1238207467290487,5169,2024,NA,1800051299290487,95,05169AC,PIMA,3.1,3.1,4.3,
1238207477290487,5730,2024,1800051610290487,1800051597290487,94,05730AA,PIGL,8.6,8.6,1.4,
1238207477290487,5730,2024,1800051608290487,1800051598290487,94,05730AB,PIGL,10.6,10.6,11.8,
1238207477290487,5730,2024,1800051607290487,1800051599290487,94,05730AC,PIGL,5.8,5.8,0.4,
1238207477290487,5730,2024,NA,1800051600290487,94,05730AD,PIGL,6.3,6.3,8.6,
1238207477290487,5730,2024,1800051611290487,NA,94,05730AE,PIGL,5.5,5.5,2.2,
1238207477290487,5730,2024,1800051612290487,NA,94,05730AF,PIGL,7.1,7.1000000000000005,1.8,
683089497126144,6572,2024,NA,1800055542290487,376,06572AA,BENE,6.4,6.4,11.3,
683089076126144,7285,2024,1800038728290487,1800038715290487,94,07285AA,PIGL,6.7,6.7,11.5,
683089076126144,7285,2024,NA,1800038716290487,94,07285AB,PIGL,7.2,7.2,8.3,
683089076126144,7285,2024,NA,1800038717290487,94,07285AC,PIGL,7.4,7.9,4.5,
683089076126144,7285,2024,1800038754290487,NA,94,07285AD,PIGL,9,9,0.6,
683089076126144,7285,2024,1800038734290487,NA,94,07285AE,PIGL,3.7,3.7,1.7,
683089076126144,7285,2024,1800038736290487,NA,94,07285AF,PIGL,12.4,12.4,31,
683089076126144,7285,2024,1800038732290487,NA,94,07285AG,PIGL,8.7,8.700000000000001,2.4,
683089155126144,8858,2024,NA,1800041000290487,94,08858AA,PIGL,5.1,5.1000000000000005,13.1,
683089155126144,8858,2024,NA,1800041001290487,94,08858AB,PIGL,7,7,10.9,
683089155126144,8858,2024,1800041025290487,1800041002290487,94,08858AC,PIGL,6.2,6.2,8.9,
683089155126144,8858,2024,NA,1800041003290487,94,08858AD,PIGL,4.2,4.2,1,
683089155126144,8858,2024,NA,1800041004290487,94,08858AE,PIGL,4.9,4.9,8.2,
683089464126144,8964,2024,1800046602290487,1800046595290487,94,08964AA,PIGL,5.3,5.3,2.2,
683089464126144,8964,2024,1800046605290487,1800046596290487,94,08964AB,PIGL,8.1,8.1,8.9,
683089464126144,8964,2024,1800046607290487,NA,94,08964AC,PIGL,11.6,11.6,11.8,
683089464126144,8964,2024,NA,1800046592290487,94,08964AD,PIGL,8.7,8.700000000000001,3.9,
683089464126144,8964,2024,NA,1800046593290487,94,08964AE,PIGL,9.5,9.5,12.1,
683089464126144,8964,2024,NA,1800046594290487,94,08964AF,PIGL,7.7,7.7,12,
683089184126144,9412,2024,NA,1800041690290487,NA,09412AA,POBA,8.9,8.9,1.1,
1318851249290487,9714,2024,1800055149290487,1800055141290487,94,09714AA,PIGL,12.3,12.3,4.9,
1318851249290487,9714,2024,1800055152290487,1800055142290487,94,09714AB,PIGL,9.9,9.9,11.4,
1238207359290487,11181,2024,1800053944290487,1800053937290487,94,11181AA,PIGL,14.2,14.200000000000001,2.8,
1238207359290487,11181,2024,1800053945290487,1800053938290487,94,11181AB,PIGL,20.9,15.9,6.7,
1238207359290487,11181,2024,NA,1800053939290487,94,11181AC,PIGL,19.2,19.2,44.6,
NA,NA,NA,NA,NA,94,11181AD,PIGL,10.2,NA,13,
683089255126144,11827,2024,NA,1800042925290487,94,11827AA,PIGL,10.1,10.1,3,
683089255126144,11827,2024,1800042936290487,1800042926290487,94,11827AB,PIGL,6.5,6.5,1.2,
683089255126144,11827,2024,NA,1800042927290487,94,11827AC,PIGL,7.6,7.6000000000000005,6.7,
683089255126144,11827,2024,NA,1800042928290487,94,11827AD,PIGL,7.6,7.6000000000000005,8.2,
683089608126144,11970,2024,1800036253290487,1800036245290487,94,11970AA,PIGL,5.6,5.6000000000000005,8.7,
683089608126144,11970,2024,NA,1800036246290487,94,11970AB,PIGL,4.3,4.3,7.9,
683089608126144,11970,2024,NA,1800036247290487,94,11970AC,PIGL,4.2,4.2,8.1,
683089608126144,11970,2024,NA,1800036248290487,94,11970AD,PIGL,4.3,4.3,1.9,
683089045126144,11999,2024,NA,1800037497290487,94,11999AA,PIGL,10.8,10.8,13,
683089045126144,11999,2024,NA,1800037498290487,94,11999AB,PIGL,8.9,8.9,3.9,
683089632126144,13080,2024,NA,1800037928290487,94,13080AA,PIGL,12.6,12.6,4,
683089632126144,13080,2024,NA,1800037929290487,94,13080AB,PIGL,12.8,12.8,15.6,
683089632126144,13080,2024,1800037959290487,1800037930290487,94,13080AC,PIGL,13.5,13.5,33.5,
683089632126144,13080,2024,1800037951290487,NA,94,13080AD,PIGL,8.7,8.700000000000001,18.9,
683089632126144,13080,2024,1800037954290487,NA,94,13080AE,PIGL,6.8,6.8,21,
683089632126144,13080,2024,1800037955290487,NA,94,13080AF,PIGL,10.5,10.5,20.6,
683089632126144,13080,2024,1800037956290487,NA,94,13080AG,PIGL,11.8,11.8,13.8,
683089632126144,13080,2024,1800037935290487,NA,94,13080AH,PIGL,17.7,17.7,26.4,
1238207498290487,13620,2024,NA,1800052018290487,95,13620AA,PIMA,3.1,3.1,0.7,
1238207498290487,13620,2024,NA,1800052019290487,95,13620AB,PIMA,2.7,2.7,3.7,
1238207498290487,13620,2024,NA,1800052020290487,95,13620AC,PIMA,3.6,3.6,12.1,
1238207498290487,13620,2024,1800052036290487,1800052021290487,95,13620AD,PIMA,5.3,5.3,5.2,
683089087126144,13782,2024,NA,1800039027290487,94,13782AA,PIGL,6.9,6.9,9.5,
683089087126144,13782,2024,NA,1800039028290487,94,13782AB,PIGL,7.5,7.5,3.4,
683089087126144,13782,2024,NA,1800039029290487,94,13782AC,PIGL,9,9,16.3,
1238207358290487,15075,2024,NA,1800053778290487,95,15075AA,PIMA,4.6,4.6000000000000005,0.5,
1238207358290487,15075,2024,NA,1800053779290487,95,15075AB,PIMA,3.6,3.6,5.2,
1238207358290487,15075,2024,NA,1800053780290487,95,15075AC,PIMA,3.8,3.8000000000000003,1.9,
1238207358290487,15075,2024,1800053786290487,1800053781290487,95,15075AD,PIMA,5.2,5.2,7.5,
683089579126144,15763,2024,1800035186290487,1800035177290487,94,15763AA,PIGL,7.9,7.9,1.4,
683089579126144,15763,2024,1800035213290487,NA,94,15763AB,PIGL,9.2,9.200000000000001,25,
683089579126144,15763,2024,NA,1800035178290487,94,15763AC,PIGL,8,8,5.7,
683089579126144,15763,2024,NA,1800035179290487,94,15763AD,PIGL,6.6,6.6000000000000005,13.5,
683089579126144,15763,2024,NA,1800035180290487,94,15763AE,PIGL,3.5,3.5,2.7,
1238207448290487,16649,2024,1800053287290487,1800053279290487,94,16649AA,PIGL,10.7,10.700000000000001,9.9,
1238207448290487,16649,2024,1800053296290487,NA,94,16649AB,PIGL,12.9,12.9,NA,pith offset inestimable
1238207448290487,16649,2024,NA,1800053280290487,94,16649AC,PIGL,9,9,1.5,
1238207448290487,16649,2024,1800053300290487,NA,94,16649AD,PIGL,14.7,14.700000000000001,NA,pith offset inestimable
1238207448290487,16649,2024,1800053302290487,NA,94,16649AE,PIGL,16,16,NA,pith offset inestimable
1238207448290487,16649,2024,1800053285290487,NA,94,16649AF,PIGL,5.1,5.1000000000000005,0.7,
1238207448290487,16649,2024,1800053289290487,NA,94,16649AG,PIGL,7,7,2.7,
1318851245290487,17113,2024,NA,1800055008290487,95,17113AA,PIMA,2.4,2.4,1.7,
1318851245290487,17113,2024,NA,1800055007290487,95,17113AB,PIMA,2.1,2.1,0.6,
NA,NA,NA,NA,NA,95,17113AC,PIMA,2.7,NA,2.3,
683089283126144,17857,2024,1800043523290487,1800043518290487,94,17857AA,PIGL,11.5,11.5,10.4,
683089283126144,17857,2024,1800043527290487,NA,94,17857AB,PIGL,7.8,7.8,0.7,
683089283126144,17857,2024,1800043529290487,NA,94,17857AC,PIGL,16.8,16.8,15.1,
683089283126144,17857,2024,1800043550290487,NA,94,17857AD,PIGL,13.8,13.8,0.6,
683089283126144,17857,2024,NA,1800043516290487,94,17857AE,PIGL,14.3,14.3,9.1,
683089283126144,17857,2024,NA,1800043517290487,94,17857AF,PIGL,11.3,11.3,4.1,
683089283126144,17857,2024,1800043534290487,NA,94,17857AG,PIGL,6.6,6.6000000000000005,1.4,
683089382126144,18209,2024,1800056133290487,NA,94,18209AD,PIGL,5.5,5.5,3.6,
683089737126144,18386,2024,NA,1800040653290487,94,18386AA,PIGL,3.8,3.8000000000000003,2.5,
683089737126144,18386,2024,NA,1800040654290487,94,18386AB,PIGL,3.7,3.7,0.7,
683089737126144,18386,2024,NA,1800040655290487,94,18386AC,PIGL,4.9,4.9,1.3,
683089012126144,18510,2024,NA,1800035884290487,376,18510AA,BENE,10.2,10.200000000000001,0.9,
683089012126144,18510,2024,NA,1800035885290487,94,18510AB,PIGL,8.8,8.8,22.4,
683089012126144,18510,2024,NA,1800035886290487,94,18510AC,PIGL,8.6,8.6,5,
683089012126144,18510,2024,NA,1800035887290487,94,18510AD,PIGL,5,5,5.8,
683089068126144,20545,2024,NA,1800038570290487,94,20545AA,PIGL,7.1,7.1000000000000005,4.6,
683089068126144,20545,2024,NA,1800038571290487,94,20545AB,PIGL,7.6,7.6000000000000005,16,
683089068126144,20545,2024,1800038587290487,1800038572290487,94,20545AC,PIGL,3.7,6.4,0.9,
683089068126144,20545,2024,NA,1800038573290487,94,20545AD,PIGL,6.4,3.7,12,
683089068126144,20545,2024,NA,1800038574290487,94,20545AE,PIGL,4.1,4.1,7.4,
683089068126144,20545,2024,NA,1800038575290487,94,20545AF,PIGL,4.7,4.6000000000000005,3.3,
683089516126144,21082,2024,1800047639290487,1800047629290487,71,21082AA,LALA,5.8,5.8,3.5,
683089516126144,21082,2024,NA,1800047626290487,95,21082AB,PIMA,4.3,4.3,2.9,
683089516126144,21082,2024,NA,1800047627290487,95,21082AC,PIMA,4,4,9.4,
683089516126144,21082,2024,NA,1800047628290487,95,21082AD,PIMA,3.6,3.6,8.6,
683089516126144,21082,2024,NA,1800047630290487,71,21082AE,LALA,4.9,4.9,9.5,
683089516126144,21082,2024,NA,1800047631290487,71,21082AF,LALA,6.5,6.5,2.2,
683089516126144,21082,2024,1800047645290487,NA,94,21082AG,PIGL,7.4,7.4,1.8,
683089516126144,21082,2024,1800047638290487,NA,95,21082AH,PIMA,5.9,5.9,8,
1318851139290487,21518,2024,NA,1800054714290487,95,21518AA,PIMA,3.5,3.5,10.7,
1318851139290487,21518,2024,NA,1800054715290487,95,21518AB,PIMA,4.5,4.5,5.3,
NA,NA,NA,NA,NA,94,21819AA,PIGL,14.9,NA,6.7,
683089101126144,21819,2024,NA,1800055848290487,94,21819AB,PIGL,7.4,7.4,2.5,
683089101126144,21819,2024,NA,1800055849290487,94,21819AC,PIGL,5.6,5.6000000000000005,6,
683089101126144,21819,2024,NA,1800055850290487,94,21819AD,PIGL,5.7,5.9,12,
1238207356290487,21833,2024,NA,1800053612290487,95,21833AA,PIMA,4.2,4.2,7.8,
1238207356290487,21833,2024,NA,1800053613290487,95,21833AB,PIMA,3.9,3.9,0.9,
1238207356290487,21833,2024,NA,1800053614290487,95,21833AC,PIMA,3.2,3.2,4.2,
683089680126144,21874,2024,1800039545290487,1800039537290487,94,21874AA,PIGL,5,5,7.7,
683089680126144,21874,2024,NA,1800039538290487,94,21874AB,PIGL,4.6,4.6000000000000005,3.2,
683089680126144,21874,2024,NA,1800039539290487,94,21874AC,PIGL,4.4,4.4,4.3,
683089680126144,21874,2024,NA,1800039540290487,94,21874AD,PIGL,4.3,4.3,7.8,
683089492126144,22539,2024,1800047043290487,NA,94,22539AA,PIGL,6.2,6.2,4,
683089492126144,22539,2024,1800047046290487,NA,94,22539AB,PIGL,7.2,7.2,11.5,
683089492126144,22539,2024,NA,1800047032290487,94,22539AC,PIGL,16,16,1.1,
683089492126144,22539,2024,1800047075290487,1800047033290487,94,22539AD,PIGL,11.2,11.200000000000001,9.2,
683089492126144,22539,2024,NA,1800047034290487,94,22539AE,PIGL,12.8,12.8,2.7,
683089481126144,23051,2024,NA,1800046754290487,94,23051AA,PIGL,4.8,4.8,0.7,
683089481126144,23051,2024,NA,1800046755290487,94,23051AB,PIGL,3.4,3.4,1.6,
683089481126144,23051,2024,NA,1800046756290487,94,23051AC,PIGL,4.5,4.5,14.7,
683089481126144,23051,2024,NA,1800046757290487,94,23051AD,PIGL,4.2,4.2,1.1,
683089481126144,23051,2024,NA,1800046758290487,94,23051AE,PIGL,3.4,3.4,11,
683089481126144,23051,2024,NA,1800046759290487,94,23051AF,PIGL,4.3,4.3,1.7,
683089481126144,23051,2024,1800046765290487,1800046760290487,94,23051AG,PIGL,7.5,7.5,3,
683089481126144,23051,2024,1800046776290487,NA,94,23051AH,PIGL,5.4,5.4,7.9,
683089441126144,23408,2024,NA,1800046117290487,94,23408AA,PIGL,9.7,9.700000000000001,34.8,
683089441126144,23408,2024,NA,1800046118290487,94,23408AB,PIGL,9.6,9.6,17.5,
683089441126144,23408,2024,NA,1800046119290487,94,23408AC,PIGL,12.8,12.8,18.6,
683089441126144,23408,2024,1800046127290487,NA,94,23408AD,PIGL,10.9,10.9,10.3,
683089441126144,23408,2024,1800046131290487,NA,94,23408AE,PIGL,8.2,8.2,1.3,
683089441126144,23408,2024,1800046135290487,NA,94,23408AF,PIGL,5.5,5.5,2,
683089441126144,23408,2024,1800046143290487,NA,94,23408AG,PIGL,6,6,7.1,
683089345126144,23813,2024,1800044663290487,1800044654290487,94,23813AA,PIGL,6.2,6.2,4.3,
683089345126144,23813,2024,1800044664290487,NA,94,23813AB,PIGL,9.4,9.4,7.9,
683089345126144,23813,2024,1800044665290487,1800044655290487,94,23813AC,PIGL,12.6,12.6,13.9,
683089345126144,23813,2024,1800044667290487,1800044656290487,94,23813AD,PIGL,8,8,0.5,
683089345126144,23813,2024,NA,1800044657290487,94,23813AE,PIGL,7.2,7.2,3.2,
683089322126144,23845,2024,1800044351290487,1800044329290487,94,23845AA,PIGL,11,11,1.6,
683089322126144,23845,2024,1800044353290487,1800044330290487,94,23845AB,PIGL,15,15,1.2,
683089322126144,23845,2024,NA,1800044331290487,94,23845AC,PIGL,11.6,11.6,5.4,
683089322126144,23845,2024,NA,1800044332290487,94,23845AD,PIGL,12.7,12.700000000000001,9.2,
683089322126144,23845,2024,NA,1800044333290487,94,23845AE,PIGL,14.8,14.8,11.8,
683089322126144,23845,2024,1800044346290487,1800044334290487,94,23845AF,PIGL,10.3,10.3,10.4,
683089322126144,23845,2024,1800044356290487,NA,94,23845AG,PIGL,8.7,8.700000000000001,12.6,
683089322126144,23845,2024,1800044340290487,NA,94,23845AH,PIGL,5.4,5.4,1.4,
683089257126144,23857,2024,NA,1800043081290487,94,23857AA,PIGL,6.8,6.8,3.4,
683089257126144,23857,2024,NA,1800043082290487,94,23857AB,PIGL,5.3,5.3,5.2,
683089257126144,23857,2024,1800043091290487,1800043083290487,94,23857AC,PIGL,7.2,7.2,11.2,
NA,NA,NA,NA,NA,94,23857AD,PIGL,4.5,NA,4,
683089257126144,23857,2024,1800043101290487,1800043084290487,94,23857AE,PIGL,5.1,5.1000000000000005,3.5,
683089257126144,23857,2024,1800043096290487,NA,94,23857AF,PIGL,10.3,10.3,43.6,
683089459126144,24376,2024,1800046462290487,1800046451290487,95,24376AA,PIMA,6.1,6.1000000000000005,1.8,
683089459126144,24376,2024,NA,1800046452290487,95,24376AB,PIMA,3.6,3.6,2.8,
683089459126144,24376,2024,NA,1800046453290487,95,24376AC,PIMA,3.2,3.2,1.5,
683089459126144,24376,2024,NA,1800046454290487,95,24376AD,PIMA,2.7,2.7,1.7,
1238207299290487,25707,2024,1800050233290487,1800050225290487,95,25707AA,PIMA,5,5,1,
1238207299290487,25707,2024,NA,1800050227290487,95,25707AB,PIMA,3.5,3.5,7.3,
1238207299290487,25707,2024,NA,1800050226290487,95,25707AC,PIMA,4.1,4.1,0.7,
1238207299290487,25707,2024,NA,1800050228290487,95,25707AD,PIMA,3.6,3.6,3,
683089084126144,26140,2024,NA,1800038863290487,94,26140AA,PIGL,8,8,7.5,
683089084126144,26140,2024,NA,1800038864290487,94,26140AA,PIGL,8,8,7.5,
683089084126144,26140,2024,NA,1800038865290487,94,26140AB,PIGL,9.9,9.9,1.2,
683089084126144,26140,2024,NA,1800038866290487,94,26140AB,PIGL,9.9,9.9,1.2,
683089084126144,26140,2024,NA,1800038867290487,94,26140AC,PIGL,6.5,6.5,6.9,
683089084126144,26140,2024,NA,1800038868290487,94,26140AC,PIGL,6.5,6.5,6.9,
683089084126144,26140,2024,NA,1800038869290487,94,26140AD,PIGL,8.6,8.5,2.8,
683089084126144,26140,2024,NA,1800038870290487,94,26140AD,PIGL,8.6,8.5,2.8,
683089084126144,26140,2024,1800038892290487,1800038871290487,94,26140AE,PIGL,13.5,13.5,4.5,
683089084126144,26140,2024,1800038892290487,1800038872290487,94,26140AE,PIGL,13.5,13.5,4.5,
683089104126144,26562,2024,1800039396290487,1800039367290487,94,26562AA,PIGL,5,5,6.1,
683089104126144,26562,2024,NA,1800039368290487,94,26562AB,PIGL,6.4,6.4,2,
683089104126144,26562,2024,NA,1800039369290487,94,26562AC,PIGL,7,7,7.9,
683089104126144,26562,2024,NA,1800039370290487,94,26562AD,PIGL,10.1,10.1,14.6,
683089104126144,26562,2024,1800039375290487,NA,94,26562AE,PIGL,8.9,8.9,25.4,
683089104126144,26562,2024,1800039377290487,NA,94,26562AF,PIGL,5.2,5.2,9.8,
683088741126144,27114,2024,1800034552290487,1800034538290487,94,27114AA,PIGL,9.7,9.700000000000001,7.1,
683088741126144,27114,2024,NA,1800034539290487,94,27114AB,PIGL,7.8,7.8,24,
683088741126144,27114,2024,NA,1800034540290487,376,27114AC,BENE,3.2,3.2,8.5,
NA,NA,NA,NA,NA,94,27114AD,PIGL,13.4,NA,6.8,
683089207126144,27327,2024,1800042447290487,1800042437290487,94,27327AA,PIGL,13.5,13.5,19.1,
683089207126144,27327,2024,1800042451290487,1800042438290487,94,27327AB,PIGL,6.4,6.4,4.3,
683089207126144,27327,2024,1800042460290487,1800042439290487,94,27327AC,PIGL,8.4,8.4,3.7,
683089207126144,27327,2024,1800042461290487,NA,94,27327AE,PIGL,10.9,10.9,8.5,
683089207126144,27327,2024,NA,1800042440290487,94,27327AF,PIGL,7.3,7.3,9.6,
NA,NA,NA,NA,NA,95,27477AA,PIMA,2.7,NA,4.4,
NA,NA,NA,NA,NA,95,27477AB,PIMA,5.3,NA,3.9,
NA,NA,NA,NA,NA,95,27477AC,PIMA,3.4,NA,0.8,
683089174126144,28138,2024,NA,1800041291290487,376,28138AA,BENE,4,4,1.2,
683089174126144,28138,2024,NA,1800041292290487,94,28138AB,PIGL,3,3,7.9,
683089174126144,28138,2024,NA,1800041293290487,94,28138AC,PIGL,3.9,3.9,3.4,
683089536126144,28685,2024,NA,1800048001290487,95,28685AA,PIMA,4.2,4.2,1,
683089536126144,28685,2024,NA,1800048002290487,95,28685AB,PIMA,3.1,3.1,3.2,
683089536126144,28685,2024,NA,1800048003290487,95,28685AC,PIMA,4.4,4.4,9.2,
1238207419290487,29169,2024,NA,1800052822290487,71,29169AA,LALA,3.1,3.1,8.7,
1238207419290487,29169,2024,NA,1800052823290487,71,29169AA,LALA,3.1,3.1,8.7,
1238207419290487,29169,2024,NA,1800052824290487,71,29169AB,LALA,2.6,2.6,2.3,
1238207419290487,29169,2024,NA,1800052825290487,71,29169AB,LALA,2.6,2.6,2.3,
1238207419290487,29169,2024,NA,1800052826290487,71,29169AC,LALA,3.1,3.1,1.3,
1238207419290487,29169,2024,NA,1800052827290487,71,29169AC,LALA,3.1,3.1,1.3,
683089382126144,18209,2024,NA,1800056124290487,94,18209AA,PIGL,4,4,0.6,
683089382126144,18209,2024,NA,1800056125290487,94,18209AB,PIGL,4.9,4.9,30.5,
683089382126144,18209,2024,NA,1800056126290487,94,18209AC,PIGL,4.5,4.5,16.3,
683089129126144,30184,2024,1800040257290487,NA,94,30184AA,PIGL,5.4,5.4,2.5,
1238207323290487,30390,2024,1800050986290487,1800050979290487,94,30390AA,PIGL,6.6,6.6000000000000005,3.1,
1238207323290487,30390,2024,1800050987290487,1800050980290487,94,30390AB,PIGL,9.2,9.200000000000001,0.8,
1238207323290487,30390,2024,NA,1800050974290487,95,30390AC,PIMA,4.5,4.5,4.6,
1238207323290487,30390,2024,NA,1800050975290487,95,30390AD,PIMA,4.5,4.5,1.2,
1238207323290487,30390,2024,NA,1800050976290487,95,30390AE,PIMA,3.1,3.1,1.1,
1238207323290487,30390,2024,NA,1800050977290487,94,30390AF,PIGL,4.7,4.7,6.1,
NA,NA,NA,NA,NA,95,30390AG,PIMA,4.2,NA,NA,severe rot - measurements truncated
1238207323290487,30390,2024,NA,1800050978290487,376,30390AH,BENE,3.7,3.7,6.6,
1642865864290487,30989,2024,NA,1800057192290487,95,30989AA,PIMA,4.6,4.6000000000000005,10.9,
1642865864290487,30989,2024,NA,1800057193290487,95,30989AB,PIMA,3.7,3.7,3.8,
1642865864290487,30989,2024,NA,1800057194290487,95,30989AC,PIMA,2.5,2.5,2.2,
1238207369290487,31314,2024,NA,1800054059290487,95,31314AA,PIMA,2.9,2.9,3.8,
1238207369290487,31314,2024,NA,1800054060290487,95,31314AB,PIMA,3.8,3.8000000000000003,9.6,
1238207369290487,31314,2024,NA,1800054061290487,95,31314AC,PIMA,4.1,4.1,3.2,
1238207369290487,31314,2024,1800054076290487,NA,95,31314AD,PIMA,5.3,5.3,6.8,
1238207369290487,31314,2024,1800054077290487,NA,71,31314AE,LALA,6.3,6.3,0.1,
683089209126144,31918,2024,NA,1800056679290487,94,31918AA,PIGL,13.6,13.6,22.9,
683089209126144,31918,2024,NA,1800056680290487,94,31918AB,PIGL,9.7,9.700000000000001,13.6,
683089209126144,31918,2024,NA,1800056681290487,94,31918AC,PIGL,7.9,7.9,2.4,
1238207444290487,31932,2024,NA,1800055710290487,95,31932AA,PIMA,6.1,6.1000000000000005,4.9,
1238207444290487,31932,2024,NA,1800055711290487,95,31932AB,PIMA,3.5,3.5,1.3,
1238207444290487,31932,2024,NA,1800055712290487,95,31932AC,PIMA,4.7,4.7,10.9,
1238207444290487,31932,2024,NA,1800055713290487,95,31932AD,PIMA,3.8,3.8000000000000003,0.9,
683089324126144,32121,2024,NA,1800054383290487,94,32121AA,PIGL,3.1,3.1,2.7,
683089324126144,32121,2024,NA,1800054382290487,94,32121AB,PIGL,4.8,4.8,2.2,
683089324126144,32121,2024,1800054396290487,1800054384290487,94,32121AC,PIGL,7.4,7.4,9.2,
683089324126144,32121,2024,1800054411290487,1800054385290487,94,32121AD,PIGL,6.2,6.2,6.3,
683089333126144,32314,2024,NA,1800044455290487,94,32314AA,PIGL,4.1,4.1,3.9,
683089333126144,32314,2024,NA,1800044456290487,94,32314AB,PIGL,3.5,3.5,6.7,
683089333126144,32314,2024,NA,1800044457290487,94,32314AC,PIGL,5,5,6.8,
683089333126144,32314,2024,1800044474290487,NA,94,32314AD,PIGL,7.7,7.7,12.2,
683089333126144,32314,2024,1800044463290487,NA,94,32314AE,PIGL,6.8,6.8,1.2,
1238207499290487,32696,2024,NA,1800052174290487,95,32696AA,PIMA,4.1,4.1,2.5,
1238207499290487,32696,2024,NA,1800052175290487,95,32696AB,PIMA,5.1,5.1000000000000005,3.7,
1238207499290487,32696,2024,NA,1800052176290487,95,32696AC,PIMA,4,4,13.1,
683089188126144,35003,2024,1800041823290487,1800041813290487,94,35003AA,PIGL,5.9,5.9,4.4,
683089188126144,35003,2024,1800041827290487,1800041814290487,94,35003AB,PIGL,8.2,8.2,1.1,
683089188126144,35003,2024,NA,1800041815290487,94,35003AC,PIGL,6.8,6.8,29.1,
683089188126144,35003,2024,NA,1800041816290487,376,35003AD,BENE,5.5,5.5,4.4,
1318851257290487,35049,2024,NA,1800055260290487,95,35049AA,PIMA,3.3,3.3000000000000003,2.9,
1318851257290487,35049,2024,NA,1800055261290487,95,35049AB,PIMA,3.4,3.4,4.5,
1318851257290487,35049,2024,NA,1800055262290487,95,35049AC,PIMA,3.6,3.6,2.4,
683089183126144,35118,2024,NA,1800041553290487,94,35118AA,PIGL,5,5,7.8,
683089183126144,35118,2024,NA,1800041554290487,94,35118AB,PIGL,7.3,7.3,5.4,
683089183126144,35118,2024,NA,1800041555290487,94,35118AC,PIGL,7.2,7.2,4.5,
683089183126144,35118,2024,1800041564290487,1800041556290487,94,35118AD,PIGL,6.2,6.2,2,
683089183126144,35118,2024,1800041565290487,1800041557290487,94,35118AE,PIGL,8.1,8.1,7.6,
683089183126144,35118,2024,1800041572290487,NA,94,35118AF,PIGL,10.8,10.8,19.1,
683089183126144,35118,2024,1800041577290487,NA,94,35118AG,PIGL,11.4,11.4,38.4,
683089288126144,35253,2024,1800043713290487,1800043703290487,94,35253AA,PIGL,11.7,11.700000000000001,6.5,
683089288126144,35253,2024,1800043710290487,1800043704290487,94,35253AB,PIGL,10.4,10.4,11.7,
683089288126144,35253,2024,1800043726290487,1800043705290487,94,35253AC,PIGL,14.1,14.1,10.9,
683089288126144,35253,2024,1800043721290487,NA,94,35253AD,PIGL,7.3,7.3,7.7,
683089609126144,35261,2024,1800036441290487,NA,94,35261AA,PIGL,9.4,9.4,2.4,
683089609126144,35261,2024,1800036431290487,NA,94,35261AB,PIGL,5.1,5.1000000000000005,0.6,
683089594126144,35841,2024,NA,1800036115290487,94,35841AA,PIGL,3.2,3.2,1,
683089594126144,35841,2024,NA,1800036116290487,94,35841AA,PIGL,3.2,3.2,1,
683089594126144,35841,2024,NA,1800036117290487,94,35841AB,PIGL,4.1,4.1,1,
683089594126144,35841,2024,NA,1800036118290487,94,35841AB,PIGL,4.1,4.1,1,
683089594126144,35841,2024,NA,1800036119290487,94,35841AC,PIGL,5.8,5.8,26.5,
683089594126144,35841,2024,NA,1800036120290487,94,35841AC,PIGL,5.8,5.8,26.5,
683088746126144,36273,2024,NA,1800034695290487,741,36273AA,POBA2,14.4,14.4,32.7,
683088746126144,36273,2024,NA,1800034696290487,741,36273AB,POBA2,2.6,2.6,1.9,
1238207392290487,36475,2024,1800052347290487,1800052340290487,95,36475AA,PIMA,6.2,6.2,12.4,
1238207392290487,36475,2024,NA,1800052339290487,95,36475AB,PIMA,4.2,4.2,0.4,
1238207392290487,36475,2024,NA,1800052338290487,95,36475AC,PIMA,4.8,4.8,3.8,
1238207392290487,36475,2024,1800052360290487,NA,94,36475AD,PIGL,5.1,5.1000000000000005,4.4,
1238207483290487,37376,2024,NA,1800051718290487,95,37376AA,PIMA,3.7,3.7,0.6,
1238207483290487,37376,2024,NA,1800051717290487,95,37376AB,PIMA,3.3,3.3000000000000003,1.3,
1238207483290487,37376,2024,NA,1800051719290487,95,37376AC,PIMA,4.9,4.9,12.5,
683089314126144,37827,2024,1800044159290487,1800044151290487,94,37827AA,PIGL,7.9,7.9,2.6,
683089314126144,37827,2024,1800044170290487,1800044152290487,94,37827AB,PIGL,5.8,5.8,2.8,
683089314126144,37827,2024,NA,1800044153290487,94,37827AC,PIGL,6.8,6.8,3.4,
1238207334290487,38312,2024,NA,1800053464290487,71,38312AA,LALA,4.1,4.1,3,
1238207334290487,38312,2024,NA,1800053465290487,71,38312AB,LALA,4.4,4.4,8.3,
NA,NA,NA,NA,NA,71,38312AC,LALA,3.3,NA,3.8,
NA,NA,NA,NA,NA,94,38492AA,PIGL,6.3,NA,7.3,
1642865649290487,40158,2024,NA,1800056952290487,95,40158AA,PIMA,4.1,4.1,5.8,
1642865649290487,40158,2024,NA,1800056953290487,95,40158AB,PIMA,4.1,4.1,3.7,
1642865649290487,40158,2024,NA,1800056954290487,95,40158AC,PIMA,4.1,4.1,3,
683089247126144,40751,2024,NA,1800042784290487,94,40751AA,PIGL,8.4,8.4,10.5,
683089247126144,40751,2024,NA,1800042785290487,376,40751AB,BENE,5.6,5.6000000000000005,4.2,
683089247126144,40751,2024,NA,1800042786290487,94,40751AC,PIGL,9.2,9.200000000000001,27.4,
683089247126144,40751,2024,NA,1800042787290487,376,40751AD,BENE,12.4,12.4,3.9,
683089247126144,40751,2024,NA,1800042788290487,94,40751AE,PIGL,10,10,20.7,
683088698126144,40807,2024,1800048176290487,1800048168290487,94,40807AA,PIGL,8.4,8.4,10.8,
683088698126144,40807,2024,1800048177290487,NA,94,40807AB,PIGL,6.5,6.5,1.5,
683088698126144,40807,2024,1800048180290487,1800048169290487,94,40807AC,PIGL,9.1,9.1,8.9,
683088698126144,40807,2024,NA,1800048167290487,94,40807AD,PIGL,8.2,8.2,7.2,
683088698126144,40807,2024,NA,1800048170290487,94,40807AE,PIGL,11.4,11.4,28.5,
683088698126144,40807,2024,NA,1800048171290487,94,40807AF,PIGL,6.1,6.1000000000000005,3.6,
683089005126144,41055,2024,NA,1800035713290487,94,41055AA,PIGL,2.6,2.6,3.8,
683089005126144,41055,2024,NA,1800035714290487,94,41055AB,PIGL,3,3,4.8,
683089005126144,41055,2024,NA,1800035715290487,94,41055AD,PIGL,3.2,3.2,2,
1238207371290487,41225,2024,NA,1800054210290487,95,41225AA,PIMA,3.7,3.7,8.7,
1238207371290487,41225,2024,1800054219290487,1800054211290487,95,41225AB,PIMA,5.6,5.6000000000000005,4.5,
1238207371290487,41225,2024,NA,1800054212290487,95,41225AC,PIMA,4.4,4.4,1.4,
1238207371290487,41225,2024,NA,1800054213290487,95,41225AD,PIMA,4.7,4.7,7.9,
1238207371290487,41225,2024,NA,1800054214290487,95,41225AE,PIMA,3.5,3.5,3.6,
NA,NA,NA,NA,NA,95,42108AA,PIMA,3.1,NA,5.1,
NA,NA,NA,NA,NA,95,42108AB,PIMA,2.7,NA,2,
NA,NA,NA,NA,NA,95,42108AC,PIMA,3.3,NA,4.8,
683089775126144,42312,2024,NA,1800042246290487,376,42312AA,BENE,6.5,6.5,12.1,
683089910126144,42390,2024,NA,1800044798290487,376,42390AA,BENE,5.7,5.7,4.7,
1238207446290487,42724,2024,NA,1800056533290487,94,42724AA,PIGL,9,9,5,
1238207446290487,42724,2024,1800056544290487,1800056534290487,94,42724AB,PIGL,12.3,12.3,17.2,
1238207446290487,42724,2024,1800056545290487,1800056535290487,94,42724AC,PIGL,9.2,9.200000000000001,1.3,
1238207446290487,42724,2024,NA,1800056536290487,94,42724AD,PIGL,4,4,2.5,
1238207446290487,42724,2024,NA,1800056537290487,94,42724AE,PIGL,4.9,4.9,0.8,
1238207446290487,42724,2024,NA,1800056538290487,94,42724AF,PIGL,4.2,4.2,0.7,
1238207446290487,42724,2024,1800056547290487,NA,94,42724AH,PIGL,8.6,8.6,0.9,
1238207446290487,42724,2024,1800056550290487,NA,94,42724AI,PIGL,5.1,5.1000000000000005,3.3,
683089698126144,43168,2024,NA,1800039822290487,95,43168AA,PIMA,3.2,3.2,2.1,
683089698126144,43168,2024,NA,1800039823290487,95,43168AB,PIMA,2.7,2.7,7.2,
683089698126144,43168,2024,NA,1800039824290487,95,43168AC,PIMA,3,3,1.4,
683089698126144,43168,2024,1800039832290487,NA,95,43168AD,PIMA,6.7,6.7,11.7,
683089517126144,43265,2024,1800047826290487,NA,94,43265AA,PIGL,9,9,0.5,
683089517126144,43265,2024,NA,1800047811290487,94,43265AB,PIGL,7.1,7.1000000000000005,15.3,
683089517126144,43265,2024,NA,1800047812290487,94,43265AC,PIGL,7.3,7.3,15.8,
683089517126144,43265,2024,1800047839290487,1800047813290487,94,43265AD,PIGL,5.9,5.9,12.2,
683089517126144,43265,2024,NA,1800047814290487,94,43265AE,PIGL,7.4,7.4,3.7,
683089517126144,43265,2024,1800047835290487,1800047815290487,94,43265AF,PIGL,8.5,8.5,3.6,
683089517126144,43265,2024,1800047823290487,1800047816290487,94,43265AH,PIGL,7.2,7.2,17.4,
683089517126144,43265,2024,1800047824290487,NA,94,43265AI,PIGL,5.4,5.4,0.8,
683089169126144,43615,2024,1800041177290487,1800041168290487,94,43615AA,PIGL,12.3,12.3,14.6,
683089169126144,43615,2024,NA,1800041169290487,94,43615AB,PIGL,9.3,9.3,4.7,
683089169126144,43615,2024,NA,1800041170290487,94,43615AC,PIGL,9.6,9.6,10,
683089169126144,43615,2024,1800041193290487,1800041171290487,94,43615AD,PIGL,9.7,9.700000000000001,1.4,
683089169126144,43615,2024,1800041192290487,NA,94,43615AE,PIGL,5.5,5.5,4,
683089610126144,45135,2024,NA,1800036563290487,94,45135AA,PIGL,7.7,7.7,10.9,
683089610126144,45135,2024,NA,1800036564290487,94,45135AB,PIGL,8.8,8.8,6.7,
683089610126144,45135,2024,NA,1800036565290487,94,45135AC,PIGL,8.9,8.9,0.9,
683089610126144,45135,2024,NA,1800036566290487,94,45135AD,PIGL,8.6,8.6,17.4,
683089610126144,45135,2024,NA,1800036567290487,376,45135AE,BENE,7.7,7.7,4.5,
683089610126144,45135,2024,1800036581290487,NA,94,45135AF,PIGL,13.2,13.200000000000001,4.2,
683089610126144,45135,2024,NA,1800036568290487,94,45135AG,PIGL,6.5,6.5,1.2,
683089610126144,45135,2024,1800036586290487,1800036569290487,94,45135AI,PIGL,6,6,0.6,
683089610126144,45135,2024,1800036596290487,1800036570290487,94,45135AK,PIGL,5.5,5.5,2.2,
683089004126144,45686,2024,1800035563290487,NA,94,45686AA,PIGL,7.5,7.5,3.1,
683089004126144,45686,2024,NA,1800035553290487,94,45686AB,PIGL,12.3,12.3,6.4,
683089004126144,45686,2024,NA,1800035554290487,94,45686AC,PIGL,9.4,9.4,17.3,
683089004126144,45686,2024,NA,1800035555290487,94,45686AD,PIGL,11,11,0.8,
683089004126144,45686,2024,1800035573290487,NA,94,45686AE,PIGL,10.8,10.8,6.4,
683089504126144,45701,2024,NA,1800047413290487,94,45701AA,PIGL,8.9,8.9,21,
683089504126144,45701,2024,NA,1800047414290487,94,45701AB,PIGL,7.8,7.8,22.1,
683089504126144,45701,2024,NA,1800047415290487,94,45701AC,PIGL,7.5,7.5,11.6,
1238207320290487,45850,2024,1800050843290487,1800050814290487,95,45850AA,PIMA,5.4,5.4,8.4,
1238207320290487,45850,2024,NA,1800050815290487,95,45850AB,PIMA,5,5,4.9,
1238207320290487,45850,2024,NA,1800050816290487,95,45850AC,PIMA,5.8,5.8,8,
683089611126144,46338,2024,NA,1800036727290487,94,46338AA,PIGL,11.9,11.9,39.9,
NA,NA,NA,NA,NA,94,46338AB,PIGL,12.3,NA,NA,
683089611126144,46338,2024,1800036744290487,1800036732290487,94,46338AC,PIGL,9.5,9.5,37.1,
683089611126144,46338,2024,NA,1800036729290487,95,46338AD,PIMA,3.9,3.9,8,
683089611126144,46338,2024,NA,1800036728290487,95,46338AE,PIMA,3.9,3.9,2.9,
683089611126144,46338,2024,NA,1800036730290487,95,46338AF,PIMA,3.1,3.1,1.5,
683089611126144,46338,2024,1800036745290487,1800036731290487,94,46338AG,PIGL,5.3,5.3,7.9,
1238207372290487,46759,2024,NA,1800056819290487,71,46759AA,LALA,3.7,3.7,0.4,
1238207254290487,47383,2024,NA,1800050072290487,95,47383AA,PIMA,3.7,3.7,0.8,
1238207254290487,47383,2024,NA,1800050073290487,95,47383AB,PIMA,4.7,4.7,2.7,
1238207254290487,47383,2024,NA,1800050074290487,95,47383AC,PIMA,3.1,3.1,1,
1238207254290487,47383,2024,1800050079290487,NA,95,47383AD,PIMA,5,5,7.2,
1238207305290487,47490,2024,NA,1800050515290487,95,47490AA,PIMA,3.7,3.7,0.7,
1238207305290487,47490,2024,NA,1800050516290487,95,47490AB,PIMA,3.3,3.3000000000000003,4.7,
1238207305290487,47490,2024,NA,1800050517290487,95,47490AC,PIMA,3.5,3.5,1.1,
1238207507290487,47596,2024,NA,1800052544290487,95,47596AA,PIMA,3.8,3.8000000000000003,4.6,
1238207507290487,47596,2024,NA,1800052545290487,95,47596AB,PIMA,3.8,3.8000000000000003,1.9,
1238207507290487,47596,2024,NA,1800052546290487,95,47596AC,PIMA,4.9,4.9,7.3,
683089191126144,48165,2024,1800041965290487,1800041952290487,94,48165AA,PIGL,10.5,10.5,2.3,
683089191126144,48165,2024,1800041971290487,1800041954290487,94,48165AB,PIGL,12.5,12.5,20.3,
683089191126144,48165,2024,NA,1800041953290487,94,48165AC,PIGL,12.3,12.3,18.1,
1642865575290487,49113,2024,NA,1800057713290487,95,49113AA,PIMA,4.2,4.2,12.8,
1642865575290487,49113,2024,NA,1800057714290487,95,49113AB,PIMA,4.3,4.3,2,
1642865575290487,49113,2024,NA,1800057715290487,95,49113AC,PIMA,4,4,8.6,
683089019126144,50616,2024,NA,1800036909290487,94,50616AA,PIGL,13.3,13.3,30.3,
683089019126144,50616,2024,1800036916290487,1800036910290487,94,50616AB,PIGL,10.3,10.3,5.3,
683089019126144,50616,2024,1800036918290487,1800036911290487,94,50616AC,PIGL,12.4,12.4,11.3,
683089019126144,50616,2024,1800036919290487,NA,94,50616AD,PIGL,20.4,20.400000000000002,27.5,
683089019126144,50616,2024,1800036920290487,NA,94,50616AE,PIGL,7.1,7.1000000000000005,14,
683089019126144,50616,2024,1800036917290487,NA,94,50616AF,PIGL,5.1,5.1000000000000005,NA,core missing
1238207317290487,50904,2024,NA,1800050660290487,95,50904AA,PIMA,3.4,3.4,0.9,
1238207317290487,50904,2024,NA,1800050661290487,95,50904AB,PIMA,3.5,3.5,7.5,
1238207317290487,50904,2024,NA,1800050662290487,95,50904AC,PIMA,4.1,4.1,9,
NA,NA,NA,NA,NA,94,53139AB,PIGL,6,NA,10.1,
1238207253290487,51569,2024,1800049909290487,1800049892290487,95,51569AA,PIMA,5.3,5.3,3.7,
1238207253290487,51569,2024,NA,1800049893290487,95,51569AB,PIMA,4.1,4.1,1.6,
1238207253290487,51569,2024,1800049928290487,1800049894290487,94,51569AC,PIGL,10.3,10.3,2.4,
1238207253290487,51569,2024,NA,1800049895290487,94,51569AD,PIGL,11.9,11.9,17.8,
1238207253290487,51569,2024,NA,1800049896290487,94,51569AE,PIGL,12.6,12.6,11.2,
1238207253290487,51569,2024,NA,1800049897290487,95,51569AF,PIMA,3.9,3.9,0.7,
NA,NA,NA,NA,NA,94,51569AG,PIGL,7,NA,0.7,
683089485126144,51896,2024,NA,1800046911290487,94,51896AA,PIGL,11.3,11.3,25.1,
683089485126144,51896,2024,NA,1800046912290487,376,51896AB,BENE,5.6,5.6000000000000005,1.5,
1642864151290487,52178,2024,NA,1800057531290487,95,52178AA,PIMA,3.5,3.5,4.2,
1642864151290487,52178,2024,1800057548290487,1800057532290487,95,52178AB,PIMA,5,5,7.1,
1642864151290487,52178,2024,NA,1800057533290487,95,52178AC,PIMA,4.2,4.2,6.8,
1642864151290487,52178,2024,NA,1800057534290487,95,52178AD,PIMA,2.7,2.7,0.8,
1238207491290487,52392,2024,NA,1800051870290487,95,52392AA,PIMA,3.5,3.5,7.4,
1238207491290487,52392,2024,NA,1800051871290487,95,52392AB,PIMA,3.9,3.9,5.5,
1238207491290487,52392,2024,NA,1800051872290487,95,52392AC,PIMA,4.1,4.1,9.1,
1238207508290487,52939,2024,1800052699290487,1800052694290487,94,52939AA,PIGL,9.2,9.200000000000001,1.3,
1238207508290487,52939,2024,1800052709290487,1800052691290487,94,52939AB,PIGL,11.3,11.3,10,
1238207508290487,52939,2024,NA,1800052692290487,94,52939AC,PIGL,16.4,16.4,1.7,
1238207508290487,52939,2024,NA,1800052693290487,94,52939AD,PIGL,10.2,10.200000000000001,0.7,
683089496126144,53139,2024,NA,1800049707290487,94,53139AG,PIGL,4.1,4.1,6.3,
683089496126144,53139,2024,1800049714290487,NA,94,53139AA,PIGL,6.2,6.2,6.9,
683089496126144,53139,2024,1800049725290487,1800049705290487,94,53139AC,PIGL,6.3,6.3,7.1,
683089496126144,53139,2024,NA,1800049706290487,94,53139AD,PIGL,7.9,7.9,10.1,
683089496126144,53139,2024,NA,1800049708290487,94,53139AE,PIGL,5.2,5.2,9.9,
NA,NA,NA,NA,NA,94,53139AF,PIGL,5.5,NA,6.7,
683089496126144,53139,2024,NA,1800049709290487,94,53139AH,PIGL,4,4,6.2,
NA,NA,NA,NA,NA,94,53139AI,PIGL,13,NA,2.4,
683089057126144,53273,2024,1800037791290487,1800037782290487,94,53273AA,PIGL,7.6,7.6000000000000005,1.1,
683089057126144,53273,2024,1800037799290487,1800037783290487,94,53273AB,PIGL,6.8,6.8,0.4,
683089057126144,53273,2024,NA,1800037784290487,94,53273AC,PIGL,7.1,7.1000000000000005,1.1,
683089057126144,53273,2024,1800037794290487,NA,94,53273AD,PIGL,11.2,11.200000000000001,17.7,
683089057126144,53273,2024,1800037792290487,NA,94,53273AE,PIGL,9.9,9.9,1.1,
683089643126144,53397,2024,NA,1800038092290487,94,53397AA,PIGL,4.4,4.4,2.4,
683089643126144,53397,2024,NA,1800038093290487,94,53397AB,PIGL,4.2,4.2,0.9,
683089643126144,53397,2024,NA,1800038094290487,94,53397AC,PIGL,3.3,3.3000000000000003,0.6,
683089643126144,53397,2024,NA,1800038095290487,376,53397AD,BENE,1.6,1.6,1.2,
683089390126144,54552,2024,1800054633290487,1800054621290487,94,54552AA,PIGL,9.3,9.3,7.5,
683089390126144,54552,2024,NA,1800054622290487,94,54552AC,PIGL,9.2,9.200000000000001,1.6,
683089390126144,54552,2024,NA,1800054623290487,94,54552AD,PIGL,8.6,8.6,23.5,
683089390126144,54552,2024,NA,1800054624290487,94,54552AE,PIGL,7.3,7.3,6.5,
683089246126144,55303,2024,1800042643290487,1800042632290487,94,55303AA,PIGL,6.7,6.7,12.7,
683089246126144,55303,2024,NA,1800042633290487,94,55303AB,PIGL,3.8,3.8000000000000003,13.4,
683089246126144,55303,2024,NA,1800042634290487,94,55303AC,PIGL,4.2,4.2,6.4,
683089246126144,55303,2024,NA,1800042635290487,94,55303AD,PIGL,3.5,3.5,6.5,
683089035126144,55414,2024,NA,1800037189290487,94,55414AA,PIGL,7.6,7.6000000000000005,1.4,
683089035126144,55414,2024,NA,1800037190290487,94,55414AB,PIGL,8.4,8.4,2.1,
683089035126144,55414,2024,NA,1800037191290487,94,55414AC,PIGL,8.3,8.3,1.7,
683089035126144,55414,2024,NA,1800037192290487,94,55414AD,PIGL,3.8,3.8000000000000003,1.4,
683089035126144,55414,2024,NA,1800037193290487,94,55414AE,PIGL,4.6,4.6000000000000005,1.6,
683089035126144,55414,2024,NA,1800037194290487,94,55414AF,PIGL,4.6,4.6000000000000005,1.6,
683089035126144,55414,2024,1800037201290487,NA,94,55414AG,PIGL,5.6,5.6000000000000005,10.1,
1238207421290487,55535,2024,1800052954290487,1800052944290487,94,55535AA,PIGL,6.2,6.2,2.2,
1238207421290487,55535,2024,NA,1800052945290487,376,55535AB,BENE,3.6,3.6,8.6,
1238207421290487,55535,2024,NA,1800052946290487,94,55535AC,PIGL,7.1,7.1000000000000005,13.9,
1238207421290487,55535,2024,NA,1800052947290487,94,55535AD,PIGL,5.2,5.2,1.1,
1238207421290487,55535,2024,NA,1800052948290487,94,55535AE,PIGL,3.6,3.6,6.4,
1238207421290487,55535,2024,NA,1800052949290487,95,55535AF,PIMA,4.6,4.6000000000000005,1.8,
683089500126144,55588,2024,1800047266290487,1800047260290487,94,55588AA,PIGL,7.7,7.7,1,
NA,NA,NA,NA,NA,94,55588AB,PIGL,8.7,NA,NA,missing rings in break - measurements truncated - pith offset inestimable
683089500126144,55588,2024,NA,1800047261290487,94,55588AC,PIGL,5.6,5.6000000000000005,1,
683089500126144,55588,2024,1800047269290487,NA,94,55588AD,PIGL,6.4,6.4,2,
683089500126144,55588,2024,1800047286290487,NA,94,55588AE,PIGL,9.4,9.4,4.9,
683089370126144,55800,2024,NA,1800045139290487,94,55800AA,PIGL,3,3,7.1,
683089370126144,55800,2024,NA,1800045140290487,94,55800AB,PIGL,3.7,3.7,0.9,
683089370126144,55800,2024,NA,1800045141290487,94,55800AC,PIGL,4.1,4.1,5,
683089370126144,55800,2024,1800045149290487,NA,94,55800AD,PIGL,6.3,6.3,6.3,
683089648126144,57124,2024,NA,1800038224290487,94,57124AA,PIGL,4.3,4.3,2.5,
683089648126144,57124,2024,NA,1800038225290487,94,57124AB,PIGL,4.9,4.9,5.3,
683089648126144,57124,2024,NA,1800038226290487,94,57124AC,PIGL,4.7,4.7,6.7,
683089648126144,57124,2024,1800038231290487,NA,94,57124AD,PIGL,7.7,7.7,6.1,
683089648126144,57124,2024,1800038239290487,NA,94,57124AE,PIGL,5.9,5.9,6.1,
683089421126144,57977,2024,NA,1800045841290487,94,57977AA,PIGL,4.9,4.9,8.6,
NA,NA,NA,NA,NA,94,57977AB,PIGL,8.4,NA,8.3,
683089421126144,57977,2024,1800045850290487,NA,94,57977AC,PIGL,9,9,2.7,
683089421126144,57977,2024,NA,1800045842290487,94,57977AD,PIGL,4.3,4.3,18.5,
683089421126144,57977,2024,NA,1800045843290487,94,57977AE,PIGL,4.9,4.9,8.3,
683089395126144,59184,2024,1800045330290487,1800045323290487,94,59184AA,PIGL,6.5,6.5,12.2,
683089395126144,59184,2024,NA,1800045324290487,94,59184AB,PIGL,8.4,8.4,6.1,
683089395126144,59184,2024,NA,1800045325290487,94,59184AC,PIGL,7.2,7.2,2.7,
683089110126144,59325,2024,NA,1800040138290487,94,59325AA,PIGL,8.9,8.9,7.2,
683089110126144,59325,2024,NA,1800040139290487,94,59325AB,PIGL,7,7,2.4,
683089110126144,59325,2024,1800040155290487,1800040140290487,94,59325AC,PIGL,10.2,10.200000000000001,21.8,
683089110126144,59325,2024,1800040158290487,1800040141290487,94,59325AD,PIGL,6.5,6.5,12.3,
683089189126144,59357,2024,1800055960290487,1800055950290487,94,59357AA,PIGL,5.2,5.2,10.2,
683089189126144,59357,2024,1800055963290487,1800055951290487,94,59357AB,PIGL,7.7,7.7,1,
683089189126144,59357,2024,NA,1800055952290487,94,59357AC,PIGL,7,7,1.6,
683089189126144,59357,2024,NA,1800055953290487,94,59357AD,PIGL,7.8,7.8,1.9,
683089189126144,59357,2024,NA,1800055954290487,94,59357AE,PIGL,7.3,7.3,0.4,
NA,NA,NA,NA,NA,94,61452AA,PIGL,15,NA,14.2,
683089040126144,61452,2024,NA,1800037351290487,94,61452AB,PIGL,14.8,14.8,13.9,
NA,NA,NA,NA,NA,94,61452AC,PIGL,11.6,NA,16.1,
683089422126144,61648,2024,NA,1800046010290487,94,61648AA,PIGL,7.3,7.3,0.8,
683089422126144,61648,2024,NA,1800046011290487,94,61648AB,PIGL,11.9,11.9,7.7,
683089422126144,61648,2024,NA,1800046012290487,94,61648AC,PIGL,12.1,12.1,19.4,
683089198126144,63012,2024,1800049571290487,1800049560290487,94,63012AA,PIGL,12.3,12.3,1.9,
683089198126144,63012,2024,NA,1800049561290487,94,63012AB,PIGL,3.6,3.6,1.6,
683089198126144,63012,2024,NA,1800049562290487,94,63012AC,PIGL,8.9,8.9,16.9,
683089198126144,63012,2024,NA,1800049563290487,94,63012AD,PIGL,7.7,7.7,2.4,
683089198126144,63012,2024,NA,1800049564290487,94,63012AE,PIGL,8.1,8.1,3.9,
683089198126144,63012,2024,NA,1800049565290487,94,63012AF,PIGL,3.8,3.8000000000000003,20.9,
683089198126144,63012,2024,NA,1800049566290487,94,63012AG,PIGL,2.7,2.7,4.1,
683089311126144,63104,2024,NA,1800043942290487,94,63104AA,PIGL,8.6,8.6,2.6,
683089311126144,63104,2024,NA,1800043943290487,94,63104AB,PIGL,8.4,8.4,5.7,
683089311126144,63104,2024,NA,1800043944290487,94,63104AC,PIGL,8.9,8.9,6.7,
683089311126144,63104,2024,1800043950290487,NA,94,63104AD,PIGL,9.1,9.1,20.5,
683089311126144,63104,2024,1800043949290487,NA,94,63104AE,PIGL,5,5,1.5,
683089369126144,63721,2024,1800044972290487,1800044951290487,94,63721AA,PIGL,7.3,7.3,1.3,
683089369126144,63721,2024,1800044986290487,1800044952290487,94,63721AB,PIGL,5.8,5.8,10.5,
683089369126144,63721,2024,NA,1800044953290487,94,63721AC,PIGL,7.5,7.5,21.8,
683089369126144,63721,2024,NA,1800044954290487,94,63721AD,PIGL,7.9,7.9,9.3,
683089369126144,63721,2024,NA,1800044955290487,94,63721AE,PIGL,8.3,8.3,1.4,
683089738126144,63780,2024,1800040816290487,1800040804290487,94,63780AA,PIGL,5.4,5.4,6.1,
683089738126144,63780,2024,NA,1800040803290487,94,63780AC,PIGL,4.6,4.6000000000000005,1.2,
683089738126144,63780,2024,NA,1800040805290487,94,63780AD,PIGL,3.3,3.3000000000000003,1.7,
683089738126144,63780,2024,NA,1800040806290487,94,63780AE,PIGL,2.9,2.9,4.2,
683089738126144,63780,2024,NA,1800040807290487,94,63780AF,PIGL,5.7,5.7,8.3,
1642864747290487,63920,2024,NA,1800057344290487,95,63920AA,PIMA,4,4,9.5,
1642864747290487,63920,2024,NA,1800057345290487,95,63920AB,PIMA,4,4,0.9,
1642864747290487,63920,2024,1800057354290487,1800057346290487,95,63920AC,PIMA,5,5,2.7,
1642864747290487,63920,2024,NA,1800057347290487,95,63920AD,PIMA,3.1,3.1,2.9,
1642864747290487,63920,2024,NA,1800057348290487,95,63920AE,PIMA,5,5,3.5,
923529342290487,169,2025,NA,1922470277290487,95,00169AA,PIMA,2.7,2.7,1.8,NA
923529342290487,169,2025,NA,1922470278290487,95,00169AB,PIMA,3.2,3.2,2.6,NA
923529342290487,169,2025,NA,1922470279290487,95,00169AC,PIMA,3.3,3.3000000000000003,2.2,NA
1318851298290487,405,2025,NA,1922486876290487,95,00405AD,PIMA,3.4,3.4,3,NA
1318851298290487,405,2025,NA,1922486877290487,95,00405AE,PIMA,5.5,5.5,2,NA
1238207424290487,1206,2025,1922477644290487,1922477633290487,95,01206AA,PIMA,5.9,5.9,1,NA
1238207424290487,1206,2025,1922477643290487,1922477634290487,95,01206AB,PIMA,7.4,7.4,1.1,NA
1238207424290487,1206,2025,NA,1922477635290487,95,01206AC,PIMA,6.9,6.9,7.1,NA
1238207424290487,1206,2025,NA,1922477636290487,95,01206AD,PIMA,3.7,3.7,2.2,NA
1238207424290487,1206,2025,NA,1922477637290487,95,01206AE,PIMA,3.7,3.7,2.6,NA
1238207424290487,1206,2025,NA,1922477638290487,95,01206AF,PIMA,4.1,4.1,6.4,NA
NA,NA,NA,NA,NA,71,01206AG,LALA,6.8,NA,7.3,NA
923529349290487,1250,2025,NA,1922484618290487,95,01250AA,PIMA,4.1,4.1,10.6,NA
923529349290487,1250,2025,NA,1922484619290487,95,01250AB,PIMA,3.7,3.7,3.5,NA
923529349290487,1250,2025,NA,1922484620290487,95,01250AC,PIMA,2.1,2.1,1.2,NA
NA,NA,NA,NA,NA,95,03933AA,PIMA,1.3,NA,1.1,NA
1642866017290487,3933,2025,NA,1922483953290487,71,03933AB,LALA,3.6,3.6,0.8,NA
NA,NA,NA,NA,NA,95,03933AC,PIMA,1.4,NA,1,NA
1642866017290487,3933,2025,NA,1922483954290487,95,03933AD,PIMA,1.5,1.5,1.2,NA
1642866017290487,3933,2025,NA,1922483955290487,71,03933AE,LALA,4.2,4.2,2.6,NA
NA,NA,NA,NA,NA,71,03933AF,LALA,1.6,NA,0.6,NA
923529330290487,4699,2025,NA,1922469723290487,95,04699AA,PIMA,2.6,2.6,0.7,NA
923529330290487,4699,2025,NA,1922469724290487,95,04699AB,PIMA,2.9,2.9,0.9,NA
923529330290487,4699,2025,NA,1922469725290487,95,04699AC,PIMA,3.5,3.5,3.5,NA
683089493126144,5056,2025,NA,1922467010290487,94,05056AA,PIGL,12,12,8.9,NA
683089493126144,5056,2025,NA,1922467009290487,94,05056AB,PIGL,12.5,12.5,3.3,NA
683089493126144,5056,2025,1922467034290487,1922467011290487,94,05056AC,PIGL,17.1,17.1,3.3,NA
1318851410290487,5116,2025,1922487937290487,1922487929290487,94,05116AA,PIGL,7.4,7.4,2,NA
1318851410290487,5116,2025,NA,1922487930290487,94,05116AB,PIGL,6.7,6.7,4.8,NA
1318851410290487,5116,2025,NA,1922487931290487,94,05116AC,PIGL,6.6,6.6000000000000005,10.3,NA
1642865699290487,6381,2025,NA,1922492694290487,95,06381AA,PIMA,4.6,4.6000000000000005,10.9,NA
1642865699290487,6381,2025,NA,1922492695290487,95,06381AB,PIMA,3.6,3.6,9.2,NA
1642865699290487,6381,2025,NA,1922492696290487,95,06381AC,PIMA,3.7,3.7,4,NA
1238207493290487,9032,2025,1922473742290487,1922473713290487,71,09032AA,LALA,5.8,5.8,2.2,NA
1238207493290487,9032,2025,NA,1922473714290487,95,09032AB,PIMA,5,5,2,NA
1238207493290487,9032,2025,NA,1922473715290487,95,09032AC,PIMA,5.4,5.4,2.2,NA
1642866382290487,9147,2025,NA,1922482847290487,95,09147AA,PIMA,3.7,3.7,1.4,NA
1642866382290487,9147,2025,NA,1922482848290487,95,09147AB,PIMA,3.2,3.2,0.7,NA
1318851157290487,9601,2025,1922485292290487,1922485272290487,94,09601AA,PIGL,17.4,17.400000000000002,2,NA
1318851157290487,9601,2025,NA,1922485273290487,94,09601AB,PIGL,9,9,1.1,NA
1318851157290487,9601,2025,NA,1922485274290487,94,09601AC,PIGL,16.8,16.8,2.3,NA
1238207416290487,9678,2025,NA,1922476049290487,95,09678AA,PIMA,4.7,4.7,1.7,NA
1238207416290487,9678,2025,NA,1922476050290487,95,09678AB,PIMA,2.9,2.9,1.2,NA
1238207416290487,9678,2025,NA,1922476051290487,95,09678AC,PIMA,4.1,4.1,0.7,NA
923529335290487,11327,2025,NA,1922469996290487,95,11327AA,PIMA,4.5,4.5,2.4,NA
923529335290487,11327,2025,NA,1922469997290487,95,11327AB,PIMA,4.1,4.1,1.1,NA
923529335290487,11327,2025,NA,1922469998290487,95,11327AC,PIMA,4,4,8.8,NA
923529322290487,12088,2025,NA,1922469094290487,71,12088AA,LALA,2.7,2.7,6.8,NA
923529322290487,12088,2025,NA,1922469095290487,71,12088AB,LALA,2.4,2.4,0.2,NA
923529322290487,12088,2025,NA,1922469096290487,71,12088AC,LALA,2.6,2.6,0.2,NA
1238207324290487,12189,2025,NA,1922472672290487,95,12189AA,PIMA,4.5,4.5,1.2,NA
1238207324290487,12189,2025,NA,1922472673290487,95,12189AB,PIMA,4.2,4.2,1.1,NA
1238207324290487,12189,2025,NA,1922472674290487,95,12189AC,PIMA,4.1,4.1,1.7,NA
1642864539290487,12266,2025,NA,1922483430290487,71,12266AA,LALA,3,3,1.2,NA
1642864539290487,12266,2025,NA,1922483429290487,71,12266AB,LALA,3.6,3.6,0.4,NA
1642864539290487,12266,2025,NA,1922483428290487,71,12266AC,LALA,3,3,1.8,NA
1642864539290487,12266,2025,NA,1922483431290487,94,12266AD,PIGL,8.9,8.9,7.1,NA
1642864539290487,12266,2025,NA,1922483432290487,94,12266AE,PIGL,7.8,7.8,1.6,NA
1642864539290487,12266,2025,NA,1922483433290487,94,12266AF,PIGL,6.1,6.1000000000000005,5.6,NA
1318851301290487,12810,2025,NA,1922487313290487,95,12810AA,PIMA,4.9,4.9,1.7,NA
1318851301290487,12810,2025,NA,1922487314290487,95,12810AB,PIMA,3,3,12.8,NA
1318851301290487,12810,2025,NA,1922487315290487,95,12810AC,PIMA,3.2,3.2,1.3,NA
923529354290487,13826,2025,NA,1922485014290487,95,13826AA,PIMA,4.3,4.9,0.7,NA
923529354290487,13826,2025,NA,1922485015290487,95,13826AB,PIMA,4.9,4.3,1.4,NA
923529354290487,13826,2025,NA,1922485016290487,95,13826AC,PIMA,3,3,0.4,NA
923529323290487,15721,2025,NA,1922482253290487,95,15721AA,PIMA,3.6,3.6,5.7,NA
923529323290487,15721,2025,NA,1922482254290487,95,15721AB,PIMA,4.5,4.5,8.5,NA
923529323290487,15721,2025,NA,1922482255290487,95,15721AC,PIMA,4.5,4.5,1.4,NA
923529341290487,17292,2025,NA,1922470141290487,95,17292AA,PIMA,2.2,2.2,4.6,NA
923529341290487,17292,2025,NA,1922470142290487,95,17292AB,PIMA,3.3,3.3000000000000003,0.6,NA
923529341290487,17292,2025,NA,1922470143290487,95,17292AC,PIMA,3.1,3.1,5.4,NA
1238207481290487,17894,2025,NA,1922473595290487,94,17894AA,PIGL,12,12,3,NA
1238207481290487,17894,2025,1922473622290487,1922473596290487,94,17894AB,PIGL,7.9,7.9,0.5,NA
1238207433290487,18010,2025,NA,1922477938290487,71,18010AA,LALA,2.4,2.4,1.3,NA
NA,NA,NA,NA,NA,71,18010AB,LALA,3.1,NA,2.8,NA
1238207433290487,18010,2025,NA,1922477939290487,71,18010AC,LALA,2.3,2.2,0.6,NA
1238207502290487,18076,2025,NA,1922489623290487,71,18076AA,LALA,4.1,4.1,9.7,NA
1238207502290487,18076,2025,NA,1922489624290487,71,18076AB,LALA,3.2,3.2,1.3,NA
1238207502290487,18076,2025,NA,1922489625290487,71,18076AC,LALA,3.8,3.8000000000000003,8.3,NA
1318851183290487,18581,2025,NA,1922485575290487,94,18581AA,PIGL,10.7,10.700000000000001,6.9,NA
1318851299290487,18616,2025,NA,1922487025290487,95,18616AA,PIMA,2.8,2.8000000000000003,1.9,NA
1318851299290487,18616,2025,NA,1922487026290487,95,18616AB,PIMA,2.7,2.7,1,NA
1318851299290487,18616,2025,NA,1922487027290487,95,18616AC,PIMA,2.7,2.7,0.8,NA
1238207250290487,19498,2025,NA,1922470781290487,95,19498AA,PIMA,5.5,5.5,12.3,NA
1238207250290487,19498,2025,NA,1922470782290487,95,19498AB,PIMA,7.9,7.3,4.8,NA
1238207250290487,19498,2025,NA,1922470783290487,95,19498AC,PIMA,4.5,4.5,2.1,NA
1238207250290487,19498,2025,NA,1922470784290487,95,19498AD,PIMA,4.6,4.6000000000000005,13.6,NA
923529343290487,19941,2025,NA,1922470410290487,95,19941AA,PIMA,3.2,3.2,2,NA
923529343290487,19941,2025,NA,1922470411290487,95,19941AB,PIMA,2.6,2.6,5.3,NA
NA,NA,NA,NA,NA,95,19941AC,PIMA,3.4,NA,2.6,NA
1238207269290487,21279,2025,NA,1922471186290487,95,21279AA,PIMA,3.7,3.7,0.9,NA
1238207269290487,21279,2025,NA,1922471187290487,95,21279AB,PIMA,3.1,3.2,4,NA
1238207269290487,21279,2025,NA,1922471188290487,95,21279AC,PIMA,3.1,3.1,7.1,NA
1238207296290487,22371,2025,NA,1922471897290487,95,22371AA,PIMA,3,3,2.7,NA
1238207296290487,22371,2025,NA,1922471898290487,95,22371AB,PIMA,3.1,3.1,6.2,NA
1318851125290487,23192,2025,NA,1922481732290487,94,23192AA,PIGL,10,10,1.6,NA
1318851125290487,23192,2025,NA,1922481733290487,376,23192AB,BENE,4.5,4.5,5.2,NA
1642864596290487,23460,2025,NA,1922483621290487,95,23460AA,PIMA,4.3,4.3,1.3,NA
1642864596290487,23460,2025,NA,1922483622290487,95,23460AB,PIMA,2.8,2.8000000000000003,1,NA
1642864596290487,23460,2025,NA,1922483623290487,95,23460AC,PIMA,2.6,2.6,1.9,NA
1238207335290487,24147,2025,NA,1922479111290487,94,24147AA,PIGL,15.9,15.9,27.5,NA
1642864455290487,24488,2025,1922491877290487,1922491870290487,94,24488AA,PIGL,8.7,8.700000000000001,7.7,NA
1642864455290487,24488,2025,NA,1922491871290487,94,24488AB,PIGL,7,7,2.9,NA
1642864455290487,24488,2025,NA,1922491872290487,94,24488AC,PIGL,8.3,8.3,3.7,NA
1318851270290487,26408,2025,1922485925290487,1922485892290487,94,26408AA,PIGL,10.1,10.1,12.5,NA
1318851270290487,26408,2025,1922485929290487,1922485893290487,94,26408AB,PIGL,15.7,15.700000000000001,2,NA
1318851270290487,26408,2025,NA,1922485894290487,94,26408AC,PIGL,17.1,17.1,33,NA
1318851270290487,26408,2025,NA,1922485895290487,94,26408AD,PIGL,5.1,5.1000000000000005,0.6,NA
1318851270290487,26408,2025,NA,1922485896290487,94,26408AE,PIGL,6.1,6.1000000000000005,14.6,NA
1318851270290487,26408,2025,NA,1922485897290487,94,26408AF,PIGL,6.2,6.2,20.5,NA
1318851270290487,26408,2025,NA,1922485898290487,95,26408AG,PIMA,2.6,2.6,1.1,NA
1238207267290487,26563,2025,NA,1922484362290487,95,26563AA,PIMA,3.1,3.1,0.8,NA
1238207267290487,26563,2025,NA,1922484363290487,95,26563AB,PIMA,2.7,2.7,1.1,NA
1238207267290487,26563,2025,NA,1922484364290487,95,26563AC,PIMA,2.2,2.2,1,NA
NA,NA,NA,NA,NA,95,26568AA,PIMA,1.2,NA,2.3,NA
1642865104290487,29408,2025,NA,1922491591290487,95,29408AA,PIMA,3.4,3.4,0.9,NA
1642865104290487,29408,2025,NA,1922491592290487,95,29408AB,PIMA,4.1,4.1,1.8,NA
1642865104290487,29408,2025,NA,1922491593290487,95,29408AC,PIMA,3.8,3.8000000000000003,2.9,NA
1318851323290487,29612,2025,NA,1922487743290487,95,29612AA,PIMA,5.9,5.9,0.3,NA
1318851323290487,29612,2025,NA,1922487744290487,95,29612AB,PIMA,5.2,5.2,11.7,NA
1318851323290487,29612,2025,NA,1922487745290487,95,29612AC,PIMA,6.3,6.3,0.7,NA
1318851276290487,29838,2025,NA,1922486450290487,95,29838AA,PIMA,3.3,3.3000000000000003,1.1,NA
1318851276290487,29838,2025,NA,1922486451290487,95,29838AB,PIMA,4.4,4.4,1.8,NA
1318851276290487,29838,2025,NA,1922486452290487,95,29838AC,PIMA,3.5,3.5,2.3,NA
923529353290487,30981,2025,NA,1922484842290487,95,30981AA,PIMA,3.9,3.9,4.9,NA
923529353290487,30981,2025,NA,1922484843290487,95,30981AB,PIMA,3.3,3.3000000000000003,3.3,NA
923529353290487,30981,2025,NA,1922484844290487,95,30981AC,PIMA,4.5,4.5,0.7,NA
1642864108290487,31183,2025,1922483221290487,1922483209290487,94,31183AA,PIGL,5.1,5.1000000000000005,9.9,NA
1642864108290487,31183,2025,NA,1922483207290487,94,31183AB,PIGL,8.5,8.5,2.3,NA
1642864108290487,31183,2025,NA,1922483208290487,94,31183AC,PIGL,7.7,7.7,11,NA
1238207409290487,31216,2025,NA,1922475924290487,95,31216AA,PIMA,4,4,9.3,NA
1238207409290487,31216,2025,NA,1922475925290487,95,31216AB,PIMA,4.1,4.1,1.3,NA
1238207409290487,31216,2025,NA,1922475926290487,95,31216AC,PIMA,3.9,3.9,1.2,NA
1238207265290487,32338,2025,NA,1922470928290487,94,32338AA,PIGL,11.6,11.6,7.7,NA
1238207265290487,32338,2025,1922470944290487,1922470929290487,94,32338AB,PIGL,9.5,9.700000000000001,3.8,NA
1238207265290487,32338,2025,NA,1922470930290487,94,32338AC,PIGL,12.1,12.1,31.7,NA
683089588126144,32669,2025,1922467382290487,1922467351290487,71,32669AA,LALA,5.2,5.2,8.9,NA
683089588126144,32669,2025,NA,1922467352290487,71,32669AB,LALA,3.4,3.4,5.3,NA
683089588126144,32669,2025,NA,1922467353290487,71,32669AC,LALA,4,4,2.9,NA
1318851305290487,33167,2025,NA,1922484483290487,95,33167AA,PIMA,3.6,3.6,0.5,NA
1318851305290487,33167,2025,NA,1922484484290487,95,33167AB,PIMA,1.8,1.8,4.4,NA
1318851305290487,33167,2025,NA,1922484485290487,95,33167AC,PIMA,2.2,2.2,1.8,NA
923529325290487,33878,2025,NA,1922469272290487,94,33878AA,PIGL,8.3,8.3,15.2,NA
923529325290487,33878,2025,1922469280290487,1922469273290487,94,33878AB,PIGL,5,5,0.5,NA
923529325290487,33878,2025,1922469285290487,1922469274290487,94,33878AC,PIGL,12.6,12.6,6,NA
923529325290487,33878,2025,NA,1922469275290487,94,33878AD,PIGL,6.1,6.1000000000000005,0.7,NA
1238207407290487,34625,2025,NA,1922475795290487,95,34625AA,PIMA,4,4,8.9,NA
1238207407290487,34625,2025,NA,1922475796290487,95,34625AB,PIMA,3.9,3.9,5.2,NA
1642864767290487,36971,2025,NA,1922482986290487,95,36971AA,PIMA,4.1,4.1,1.5,NA
1642864767290487,36971,2025,NA,1922482987290487,95,36971AB,PIMA,3,3,2.1,NA
1642864767290487,36971,2025,NA,1922482988290487,95,36971AC,PIMA,3.4,3.4,8.4,NA
1238207394290487,37165,2025,1922475410290487,1922475395290487,94,37165AA,PIGL,7.2,7.2,1.6,NA
1238207394290487,37165,2025,1922475416290487,1922475396290487,94,37165AB,PIGL,5.7,5.7,2.8,NA
1238207394290487,37165,2025,NA,1922475397290487,94,37165AC,PIGL,7.9,7.9,18.2,NA
1642865398290487,37930,2025,NA,1922482724290487,95,37930AA,PIMA,3,3,1.3,NA
683089261126144,39666,2025,NA,1922466642290487,95,39666AA,PIMA,4,4,1,NA
683089261126144,39666,2025,NA,1922466643290487,95,39666AB,PIMA,5.5,5.5,17.2,NA
683089261126144,39666,2025,NA,1922466644290487,95,39666AC,PIMA,4,4,9.4,NA
683089261126144,39666,2025,NA,1922466645290487,95,39666AD,PIMA,3,3,5.6,NA
923529311290487,39870,2025,NA,1922489316290487,95,39870AA,PIMA,4.7,4.7,7.3,NA
923529311290487,39870,2025,NA,1922489317290487,95,39870AB,PIMA,4.9,4.9,10.9,NA
923529311290487,39870,2025,NA,1922489318290487,95,39870AC,PIMA,4.2,4.2,6.9,NA
923529328290487,40044,2025,NA,1922469567290487,95,40044AA,PIMA,3.3,3.3000000000000003,1.3,NA
923529328290487,40044,2025,NA,1922469568290487,95,40044AB,PIMA,3,3,2.3,NA
923529328290487,40044,2025,NA,1922469569290487,95,40044AC,PIMA,4.3,4.3,2.8,NA
923529328290487,40044,2025,NA,1922469570290487,94,40044AE,PIGL,4.1,4.1,2.2,NA
923529328290487,40044,2025,NA,1922469571290487,94,40044AF,PIGL,5.7,5.7,6.7,NA
923529328290487,40044,2025,NA,1922469572290487,94,40044AH,PIGL,6,6,5,NA
1238207403290487,41295,2025,NA,1922475522290487,71,41295AA,LALA,3.7,3.7,6.5,NA
1238207403290487,41295,2025,NA,1922475523290487,71,41295AB,LALA,3.1,3.1,2.8,NA
1238207403290487,41295,2025,NA,1922475524290487,71,41295AC,LALA,5.4,5.4,13.6,NA
1238207273290487,41821,2025,1922471295290487,1922471288290487,94,41821AA,PIGL,9.1,9,17.4,NA
1238207273290487,41821,2025,1922471297290487,1922471289290487,94,41821AB,PIGL,8.8,8.8,8.9,NA
1238207273290487,41821,2025,NA,1922471290290487,94,41821AC,PIGL,8.3,8.3,20.1,NA
683089566126144,41962,2025,1922467198290487,1922467190290487,94,41962AA,PIGL,9,9,7.5,NA
683089566126144,41962,2025,1922467209290487,1922467191290487,94,41962AB,PIGL,13.4,13.4,3.3,NA
683089566126144,41962,2025,NA,1922467192290487,94,41962AC,PIGL,9.9,9.9,6.6,NA
1238207268290487,42158,2025,NA,1922471049290487,95,42158AA,PIMA,3.9,3.9,8.3,NA
1238207268290487,42158,2025,NA,1922471050290487,95,42158AB,PIMA,4.6,4.6000000000000005,16.2,NA
1238207268290487,42158,2025,NA,1922471051290487,95,42158AC,PIMA,6.7,6.7,5.3,NA
1238207268290487,42158,2025,NA,1922471052290487,95,42158AC,PIMA,6.7,6.7,5.3,NA
1238207268290487,42158,2025,NA,1922471053290487,95,42158AD,PIMA,4.3,4.3,2.2,NA
1238207368290487,43766,2025,1922479574290487,1922479566290487,94,43766AA,PIGL,6.3,6.3,3.5,NA
1238207368290487,43766,2025,NA,1922479567290487,94,43766AB,PIGL,7.6,7.6000000000000005,6.4,NA
1238207368290487,43766,2025,NA,1922479568290487,94,43766AC,PIGL,6.7,6.7,0.9,NA
1642865752290487,47733,2025,1922491290290487,1922491280290487,94,47733AA,PIGL,7.8,7.8,11.9,NA
1642865752290487,47733,2025,NA,1922491281290487,95,47733AB,PIMA,4.5,4.5,17.2,NA
1642865752290487,47733,2025,NA,1922491282290487,95,47733AC,PIMA,4.6,4.6000000000000005,12,NA
1642865752290487,47733,2025,NA,1922491283290487,95,47733AD,PIMA,2.4,2.4,3.9,NA
1642865752290487,47733,2025,NA,1922491284290487,94,47733AE,PIGL,8.8,8.8,11.3,NA
1642865752290487,47733,2025,NA,1922491285290487,94,47733AF,PIGL,7.2,7.2,17.7,NA
1642865752290487,47733,2025,1922491291290487,NA,94,47733AG,PIGL,6.1,6.1000000000000005,11.5,NA
1318851311290487,48213,2025,NA,1922490472290487,94,48213AA,PIGL,6.7,6.7,10.2,NA
1318851311290487,48213,2025,NA,1922490473290487,94,48213AB,PIGL,7.6,7.6000000000000005,3.8,NA
1318851311290487,48213,2025,1922490482290487,1922490474290487,94,48213AC,PIGL,8.8,8.8,13.8,NA
923529352290487,48264,2025,NA,1922484749290487,94,48264AA,PIGL,8.9,8.9,1.5,NA
923529326290487,49348,2025,NA,1922488152290487,95,49348AA,PIMA,3.6,3.6,3.2,NA
923529326290487,49348,2025,NA,1922488153290487,95,49348AB,PIMA,3,3,0.8,NA
923529326290487,49348,2025,NA,1922488154290487,95,49348AC,PIMA,3.2,3.2,4.5,NA
1318851275290487,50235,2025,NA,1922486260290487,71,50235AA,LALA,2.6,2.6,1.7,NA
1318851275290487,50235,2025,NA,1922486261290487,71,50235AB,LALA,3.2,3.2,0.9,NA
1318851275290487,50235,2025,NA,1922486262290487,71,50235AC,LALA,4,4,3.7,NA
1238207510290487,50278,2025,1922476590290487,1922476583290487,71,50278AA,LALA,8.5,8.5,10.8,NA
1238207510290487,50278,2025,NA,1922476584290487,71,50278AB,LALA,7.1,7.1000000000000005,0.5,NA
1238207510290487,50278,2025,NA,1922476585290487,71,50278AC,LALA,8.9,8.9,1.6,NA
NA,NA,NA,NA,NA,95,50278AD,PIMA,7.2,NA,5.3,NA
1642864006290487,50753,2025,1922482430290487,1922482425290487,95,50753AA,PIMA,4,5.2,0.5,NA
1642864006290487,50753,2025,NA,1922482423290487,95,50753AB,PIMA,4.7,4.7,0.7,NA
1642864006290487,50753,2025,NA,1922482424290487,95,50753AC,PIMA,5.2,4,11.3,NA
1238207244290487,51289,2025,NA,1922470659290487,94,51289AA,PIGL,5.5,5.5,2.6,NA
923529327290487,51391,2025,NA,1922469412290487,95,51391AA,PIMA,3.5,3.5,0.9,NA
923529327290487,51391,2025,NA,1922469411290487,95,51391AB,PIMA,3.3,3.3000000000000003,2.7,NA
923529327290487,51391,2025,NA,1922469413290487,95,51391AC,PIMA,3.1,3.1,1.3,NA
1238207440290487,51418,2025,NA,1922478068290487,94,51418AA,PIGL,8.3,8.3,12.2,NA
1238207440290487,51418,2025,NA,1922478069290487,94,51418AB,PIGL,7.1,7.1000000000000005,3.9,NA
1238207440290487,51418,2025,1922478076290487,1922478070290487,94,51418AC,PIGL,7.6,7.6000000000000005,7.1,NA
1238207440290487,51418,2025,1922478080290487,1922478071290487,94,51418AD,PIGL,13.6,13.6,2.1,NA
1642866301290487,51708,2025,NA,1922484175290487,95,51708AA,PIMA,3.2,3.2,2.1,NA
1642866301290487,51708,2025,NA,1922484176290487,95,51708AB,PIMA,3.3,3.3000000000000003,1.9,NA
1642866301290487,51708,2025,NA,1922484177290487,95,51708AC,PIMA,4.2,4.2,0.9,NA
923529312290487,51810,2025,NA,1922488293290487,95,51810AA,PIMA,3.6,3.6,2.8,NA
923529312290487,51810,2025,NA,1922488294290487,95,51810AB,PIMA,3.9,3.9,2,NA
923529312290487,51810,2025,NA,1922488295290487,95,51810AC,PIMA,3.3,3.3000000000000003,5.8,NA
1238207429290487,52149,2025,NA,1922477798290487,376,52149AA,BENE,3.4,3.4,0.6,NA
1238207313290487,52179,2025,NA,1922472340290487,95,52179AA,PIMA,3.9,3.9,11,NA
1238207313290487,52179,2025,NA,1922472342290487,376,52179AB,BENE,10.1,10.1,2.1,NA
1238207313290487,52179,2025,NA,1922472341290487,94,52179AC,PIGL,13,13,9.3,NA
1642865013290487,52460,2025,NA,1922490688290487,95,52460AA,PIMA,2.7,2.7,1.4,NA
1642865013290487,52460,2025,NA,1922490689290487,95,52460AB,PIMA,2,2,2.5,NA
1642865013290487,52460,2025,NA,1922490690290487,95,52460AC,PIMA,3.4,3.4,1.3,NA
1238207442290487,52561,2025,NA,1922478221290487,95,52561AA,PIMA,3.4,3.4,1.2,NA
1238207442290487,52561,2025,NA,1922478222290487,95,52561AB,PIMA,2.5,2.5,4.3,NA
1238207442290487,52561,2025,NA,1922478223290487,95,52561AC,PIMA,3.9,3.9,7.3,NA
1318851280290487,52676,2025,NA,1922481899290487,95,52676AA,PIMA,2.6,2.6,1.6,NA
1318851280290487,52676,2025,NA,1922481900290487,95,52676AB,PIMA,3.4,3.4,1,NA
1318851280290487,52676,2025,NA,1922481901290487,95,52676AC,PIMA,3.2,3.2,2.3,NA
923529309290487,52896,2025,NA,1922489496290487,95,52896AA,PIMA,2.9,2.9,0.7,NA
923529309290487,52896,2025,NA,1922489497290487,95,52896AB,PIMA,3.2,3.2,0.5,NA
923529309290487,52896,2025,NA,1922489498290487,95,52896AC,PIMA,3.4,3.4,3.2,NA
1238207301290487,53082,2025,NA,1922472030290487,95,53082AA,PIMA,6.3,6.3,3.9,NA
1238207301290487,53082,2025,NA,1922472031290487,95,53082AA,PIMA,6.3,6.3,3.9,NA
1238207301290487,53082,2025,NA,1922472032290487,95,53082AB,PIMA,7.2,7.2,1.8,NA
1238207301290487,53082,2025,NA,1922472033290487,95,53082AB,PIMA,7.2,7.2,1.8,NA
1238207301290487,53082,2025,NA,1922472034290487,95,53082AC,PIMA,7.4,7.4,2.3,NA
1238207301290487,53082,2025,NA,1922472035290487,95,53082AC,PIMA,7.4,7.4,2.3,NA
1318851292290487,54153,2025,NA,1922486645290487,94,54153AA,PIGL,6.2,6.2,5.4,NA
1318851292290487,54153,2025,NA,1922486646290487,94,54153AB,PIGL,6.5,6.5,16.9,NA
1318851292290487,54153,2025,NA,1922486647290487,94,54153AC,PIGL,5.9,5.9,2.8,NA
1318851292290487,54153,2025,NA,1922486648290487,95,54153AD,PIMA,3.3,3.3000000000000003,2.1,NA
1318851292290487,54153,2025,NA,1922486649290487,95,54153AE,PIMA,3.1,3.1,1.1,NA
1318851292290487,54153,2025,NA,1922486650290487,95,54153AF,PIMA,3.3,3.3000000000000003,1.1,NA
1238207496290487,54180,2025,1922474021290487,1922474011290487,94,54180AA,PIGL,7.5,7.5,0.6,NA
1238207496290487,54180,2025,1922474028290487,1922474012290487,94,54180AB,PIGL,6.3,6.3,1.2,NA
1238207496290487,54180,2025,NA,1922474008290487,95,54180AC,PIMA,3.5,3.5,2.4,NA
1238207496290487,54180,2025,NA,1922474009290487,95,54180AD,PIMA,3.6,3.6,6,NA
1238207496290487,54180,2025,NA,1922474010290487,95,54180AE,PIMA,4.2,4.2,1.7,NA
1238207496290487,54180,2025,NA,1922474013290487,94,54180AF,PIGL,7.2,7.2,4.9,NA
1318851300290487,55441,2025,NA,1922487172290487,95,55441AA,PIMA,4.4,4.4,6.5,NA
1318851300290487,55441,2025,NA,1922487173290487,95,55441AB,PIMA,3.9,3.9,0.9,NA
1318851300290487,55441,2025,NA,1922487174290487,95,55441AC,PIMA,3.7,3.7,3.8,NA
1318851303290487,56745,2025,NA,1922482095290487,94,56745AA,PIGL,5.1,5.1000000000000005,0.9,NA
1318851303290487,56745,2025,NA,1922482096290487,94,56745AB,PIGL,4,4,1.1,NA
1318851303290487,56745,2025,NA,1922482097290487,94,56745AC,PIGL,4.4,4.4,0.8,NA
1642865371290487,56913,2025,NA,1922481591290487,95,56913AA,PIMA,4.2,4.2,2.4,NA
1642865371290487,56913,2025,NA,1922481592290487,95,56913AB,PIMA,3.4,3.4,2.6,NA
1642865371290487,56913,2025,NA,1922481593290487,95,56913AC,PIMA,3.8,3.8000000000000003,3,NA
1642863976290487,57959,2025,NA,1922481278290487,95,57959AA,PIMA,3.2,3.2,1,NA
1642863976290487,57959,2025,NA,1922481279290487,95,57959AB,PIMA,3.1,3.1,10.4,NA
1642863976290487,57959,2025,NA,1922481280290487,95,57959AC,PIMA,2.4,2.4,4.1,NA
1318851307290487,58220,2025,1922487524290487,1922487508290487,95,58220AA,PIMA,5.2,5.2,6.3,NA
1318851307290487,58220,2025,NA,1922487509290487,95,58220AB,PIMA,5.5,5.5,1.4,NA
1318851307290487,58220,2025,NA,1922487510290487,95,58220AC,PIMA,5.3,5.3,1.9,NA
1318851307290487,58220,2025,NA,1922487511290487,95,58220AD,PIMA,4.4,4.4,1.1,NA
1318851307290487,58220,2025,NA,1922487512290487,95,58220AE,PIMA,3.4,3.4,7,NA
1318851307290487,58220,2025,NA,1922487513290487,95,58220AF,PIMA,3.3,3.3000000000000003,8.5,NA
1238207319290487,58383,2025,NA,1922472508290487,95,58383AA,PIMA,4.2,4.2,1.1,NA
1238207319290487,58383,2025,NA,1922472509290487,95,58383AB,PIMA,4.2,4.2,2.7,NA
1238207319290487,58383,2025,NA,1922472510290487,95,58383AC,PIMA,4.5,4.5,5.2,NA
1238207373290487,58590,2025,NA,1922479687290487,71,58590AA,LALA,3.7,3.7,4.4,NA
1238207373290487,58590,2025,NA,1922479688290487,71,58590AB,LALA,3.7,3.7,2.1,NA
1238207373290487,58590,2025,NA,1922479689290487,95,58590AC,PIMA,4.5,4.5,1.2,NA
1238207373290487,58590,2025,NA,1922479690290487,95,58590AD,PIMA,4.7,4.7,1.6,NA
1238207373290487,58590,2025,NA,1922479691290487,95,58590AE,PIMA,3,3,1,NA
1238207373290487,58590,2025,NA,1922479692290487,71,58590AF,LALA,7.2,7.2,3.2,NA
1318851182290487,58903,2025,NA,1922485421290487,94,58903AA,PIGL,6.7,6.7,0.5,NA
1318851182290487,58903,2025,NA,1922485425290487,94,58903AB,PIGL,6.8,6.8,12.7,NA
1318851182290487,58903,2025,NA,1922485426290487,94,58903AC,PIGL,7.3,7.3,2,NA
1318851182290487,58903,2025,NA,1922485424290487,94,58903AD,PIGL,3.7,3.7,1.1,NA
1318851182290487,58903,2025,NA,1922485422290487,94,58903AE,PIGL,4.7,4.7,1.3,NA
1318851182290487,58903,2025,NA,1922485423290487,94,58903AF,PIGL,4.3,4.3,9.9,NA
1238207494290487,58956,2025,NA,1922473859290487,95,58956AA,PIMA,3.2,3.2,1.8,NA
1238207494290487,58956,2025,NA,1922473860290487,95,58956AB,PIMA,2.9,2.9,2.7,NA
1238207494290487,58956,2025,NA,1922473861290487,95,58956AC,PIMA,3,3.1,0.9,NA
923529313290487,59281,2025,1922468968290487,1922468958290487,94,59281AA,PIGL,10.3,10.3,4.8,NA
923529313290487,59281,2025,1922468965290487,1922468959290487,94,59281AB,PIGL,12.9,12.9,1.4,NA
923529313290487,59281,2025,1922468974290487,1922468960290487,94,59281AC,PIGL,13,13,0.9,NA
NA,NA,NA,NA,NA,94,59765AA,PIGL,7.1,NA,6.9,NA
NA,NA,NA,NA,NA,94,59765AB,PIGL,3.8,NA,1.1,NA
NA,NA,NA,NA,NA,94,59765AC,PIGL,4.4,NA,0.4,NA
1238207475290487,25287,2025,NA,1922473462290487,95,60229AA,PIMA,4.3,4.3,4.9,NA
1238207475290487,25287,2025,NA,1922473463290487,95,60229AB,PIMA,4.6,4.6000000000000005,4.7,NA
1238207475290487,25287,2025,NA,1922473464290487,95,60229AC,PIMA,4.4,4.4,3.8,NA
1238207475290487,25287,2025,NA,1922473465290487,94,60229AD,PIGL,8.5,8.5,0.7,NA
1238207475290487,25287,2025,NA,1922473466290487,95,60229AE,PIMA,5.6,5.6000000000000005,2.7,NA
1238207475290487,25287,2025,1922473474290487,1922473467290487,94,60229AF,PIGL,5.3,5.3,0.8,NA
NA,NA,NA,NA,NA,71,60229AG,LALA,5.9,NA,8.5,NA
1642864267290487,60968,2025,NA,1922492231290487,95,60968AA,PIMA,5.3,5.3,0.6,NA
1642864267290487,60968,2025,1922492244290487,1922492232290487,95,60968AB,PIMA,4.8,4.8,1.1,NA
1642864267290487,60968,2025,NA,1922492233290487,95,60968AD,PIMA,3.9,3.9,6.9,NA
1642864677290487,61097,2025,NA,1922481448290487,95,61097AA,PIMA,3.8,3.8000000000000003,7.3,NA
1642864677290487,61097,2025,1922481458290487,1922481449290487,95,61097AB,PIMA,5.2,5.2,2.8,NA
1642864677290487,61097,2025,NA,1922481451290487,95,61097AC,PIMA,4.2,4.2,1.8,NA
1642864677290487,61097,2025,NA,1922481450290487,95,61097AD,PIMA,4.4,4.4,2.7,NA
1238207340290487,61947,2025,NA,1922479352290487,95,61947AA,PIMA,2.5,2.5,13.3,NA
1238207340290487,61947,2025,NA,1922479353290487,95,61947AB,PIMA,3.5,3.5,4.3,NA
NA,NA,NA,NA,NA,95,64297AA,PIMA,2.6,NA,1.5,NA
NA,NA,NA,NA,NA,NA,,,NA,NA,NA,NA
