PLT_CN,PLOT_FIADB,MEASYEAR,INVYR,TREE_CN,STREE_CN,LAT_FUZZED,LON_FUZZED,SPCD,series,species,DBH_cm,d2pith_mm,notes_lab
9.23529E+14,63099,2022,2022,1.27974E+15,1.27974E+15,62.07209,-158.6031,95,63099AA,PIMA,8.38,NA,NA
9.23529E+14,21604,2022,2022,1.27974E+15,NA,62.00491,-160.1853,94,21604AA,PIGL,26.67,NA,NA
9.23529E+14,25762,2022,2022,1.27974E+15,NA,61.77856,-158.986,95,25762AA,PIMA,2.79,NA,NA
9.23529E+14,32429,2022,2022,1.27974E+15,NA,62.05811,-160.5848,95,32429AA,PIMA,12.95,NA,NA
9.23529E+14,9511,2022,2022,1.27974E+15,NA,62.16595,-158.6647,95,09511AA,PIMA,12.95,NA,NA
9.23529E+14,42722,2022,2022,1.27974E+15,NA,62.28236,-158.9113,71,42722AA,LALA,12.95,NA,NA
9.23529E+14,42722,2022,2022,1.27974E+15,NA,62.28236,-158.9113,95,42722AB,PIMA,13.72,NA,NA
9.23529E+14,59042,2022,2022,1.27974E+15,NA,61.74097,-160.0298,94,59042AA,PIGL,17.78,NA,SITE TREE
9.23529E+14,8015,2022,2022,1.27974E+15,NA,61.9076,-158.7056,95,08015AA,PIMA,15.24,NA,plot mislabeled- changed from 4897 to 4987 (Cahoon)
9.23529E+14,8015,2022,2022,1.27974E+15,NA,61.9076,-158.7056,95,08015AB,PIMA,17.78,NA,plot mislabeled- changed from 4897 to 4987 (Cahoon)
9.23529E+14,14172,2022,2022,1.27974E+15,NA,61.80709,-159.8877,95,14172AA,PIMA,13.46,NA,NA
8.86189E+14,2760,2022,2021,1.27974E+15,NA,60.083371,-151.404445,95,02760AA,PIMA,12.7,NA,NA
8.86189E+14,56329,2022,2021,1.27973E+15,NA,59.748093,-151.542692,94,56329AA,PIGL,17.27,NA,NA
8.86189E+14,53294,2022,2021,1.27973E+15,NA,59.82482,-151.358295,94,53294AA,PIGL,14.22,NA,NA
6.8309E+14,57260,2022,2020,1.27971E+15,NA,62.00869,-157.4991,94,57260AA,PIGL,41.66,NA,NA
6.8309E+14,37774,2022,2020,1.27971E+15,NA,61.6792,-158.2151,95,37774AA,PIMA,12.7,NA,NA
6.8309E+14,40587,2022,2020,1.27971E+15,NA,61.45868,-160.5661,94,40587AA,PIGL,34.04,NA,NA
6.8309E+14,40587,2022,2020,1.27971E+15,NA,61.45868,-160.5661,94,40587AB,PIGL,28.45,NA,NA
6.8309E+14,47511,2022,2020,1.27971E+15,1.27971E+15,60.76271,-158.4185,94,47511AA,PIGL,45.97,NA,NA
6.8309E+14,47511,2022,2020,1.27971E+15,1.27971E+15,60.76271,-158.4185,94,47511AB,PIGL,26.42,NA,NA
6.8309E+14,22792,2022,2020,1.27971E+15,NA,61.22193,-158.6709,94,22792AA,PIGL,26.42,NA,NA
6.8309E+14,22792,2022,2020,1.27971E+15,NA,61.22193,-158.6709,94,22792AB,PIGL,28.7,NA,NA
6.8309E+14,22792,2022,2020,1.27971E+15,NA,61.22193,-158.6709,94,22792AC,PIGL,33.27,NA,NA
6.8309E+14,503,2022,2020,1.27971E+15,NA,61.86105,-155.301,94,00503AA,PIGL,27.18,NA,NA
6.8309E+14,503,2022,2020,1.27971E+15,NA,61.86105,-155.301,94,00503AB,PIGL,28.96,NA,NA
6.8309E+14,24456,2022,2020,1.27971E+15,NA,61.23064,-160.0812,94,24456AA,PIGL,18.8,NA,NA
6.8309E+14,56318,2022,2020,1.27971E+15,NA,61.28217,-156.6196,95,56318AA,PIMA,18.29,NA,NA
6.8309E+14,59980,2022,2020,1.27971E+15,NA,61.85052,-158.8443,95,59980AA,PIMA,12.7,NA,NA
6.8309E+14,59980,2022,2020,1.27971E+15,NA,61.85052,-158.8443,95,59980AB,PIMA,18.29,NA,NA
6.8309E+14,59980,2022,2020,1.27971E+15,NA,61.85052,-158.8443,94,59980AC,PIGL,13.72,NA,SITE 1?
6.8309E+14,9563,2022,2020,1.27971E+15,NA,61.72243,-156.1196,95,09563AA,PIMA,14.48,NA,NA
6.83089E+14,7824,2022,2020,1.27971E+15,NA,61.58072,-159.402,94,07824AA,PIGL,21.34,NA,NA
6.83089E+14,33257,2022,2020,1.27971E+15,NA,61.04642,-159.2745,94,33257AA,PIGL,19.05,NA,NA
6.83089E+14,33257,2022,2020,1.27971E+15,NA,61.04642,-159.2745,94,33257AB,PIGL,23.11,NA,NA
6.83089E+14,33257,2022,2020,1.27971E+15,NA,61.04642,-159.2745,94,33257AC,PIGL,12.7,NA,NA
6.83089E+14,33257,2022,2020,1.27971E+15,NA,61.04642,-159.2745,94,33257AD,PIGL,14.22,NA,NA
6.83089E+14,48529,2022,2020,1.27971E+15,NA,60.89011,-159.3539,94,48529AA,PIGL,44.7,NA,NA
6.83089E+14,48529,2022,2020,1.27971E+15,NA,60.89011,-159.3539,94,48529AB,PIGL,24.38,NA,NA
6.83089E+14,26460,2022,2020,1.27971E+15,NA,61.67233,-157.4982,95,26460AA,PIMA,17.53,NA,NA
6.83089E+14,26460,2022,2020,1.27971E+15,NA,61.67233,-157.4982,95,26460AB,PIMA,14.22,NA,NA
6.83089E+14,26460,2022,2020,1.27971E+15,NA,61.67233,-157.4982,95,26460AC,PIMA,12.7,NA,NA
6.83089E+14,26460,2022,2020,1.27971E+15,NA,61.67233,-157.4982,94,26460AD,PIGL,26.16,NA,NA
6.83089E+14,26460,2022,2020,1.27971E+15,NA,61.67233,-157.4982,95,26460AE,PIMA,12.95,NA,NA
6.83089E+14,26460,2022,2020,1.27971E+15,NA,61.67233,-157.4982,95,26460AF,PIMA,21.34,NA,NA
6.83089E+14,42059,2022,2020,1.2797E+15,NA,61.64951,-158.0296,94,42059AA,PIGL,22.61,NA,NA
6.83089E+14,52619,2022,2020,1.2797E+15,NA,61.34583,-156.4665,95,52619AA,PIMA,14.48,NA,NA
6.83089E+14,22897,2022,2020,1.2797E+15,1.2797E+15,61.38902,-160.7035,94,22897AA,PIGL,17.27,NA,NA
6.83089E+14,45440,2022,2020,1.2797E+15,NA,61.61533,-158.3616,94,45440AA,PIGL,13.21,NA,NA
6.83089E+14,45440,2022,2020,1.2797E+15,NA,61.61533,-158.3616,95,45440AB,PIMA,15.24,NA,NA
6.83089E+14,44688,2022,2020,1.2797E+15,NA,61.47908,-159.343,94,44688AA,PIGL,24.64,NA,NA
6.83089E+14,44688,2022,2020,1.2797E+15,NA,61.47908,-159.343,94,44688AB,PIGL,25.15,NA,NA
6.83089E+14,44688,2022,2020,1.2797E+15,NA,61.47908,-159.343,94,44688AC,PIGL,28.96,NA,NA
6.83089E+14,44688,2022,2020,1.2797E+15,NA,61.47908,-159.343,94,44688AD,PIGL,21.84,NA,NA
6.83089E+14,44264,2022,2020,1.2797E+15,NA,61.64314,-159.2543,94,44264AA,PIGL,26.67,NA,NA
6.83089E+14,44264,2022,2020,1.2797E+15,NA,61.64314,-159.2543,94,44264AB,PIGL,16.26,NA,NA
6.83089E+14,44264,2022,2020,1.2797E+15,NA,61.64314,-159.2543,94,44264AC,PIGL,20.83,NA,NA
6.83089E+14,721,2022,2020,1.2797E+15,NA,61.34177,-158.2158,95,00721AA,PIMA,17.02,NA,NA
6.83089E+14,5767,2022,2020,1.2797E+15,1.2797E+15,61.81308,-157.9348,94,05767AA,PIGL,20.32,NA,NA
6.83089E+14,5767,2022,2020,1.2797E+15,1.2797E+15,61.81308,-157.9348,94,05767AB,PIGL,17.02,NA,NA
6.83089E+14,5767,2022,2020,1.2797E+15,1.2797E+15,61.81308,-157.9348,94,05767AC,PIGL,18.54,NA,NA
6.83089E+14,4046,2022,2020,1.2797E+15,NA,61.6848,-158.9284,94,04046AA,PIGL,29.21,NA,NA
6.83089E+14,4046,2022,2020,1.2797E+15,1.2797E+15,61.6848,-158.9284,94,04046AB,PIGL,18.29,NA,NA
6.83089E+14,4046,2022,2020,1.2797E+15,NA,61.6848,-158.9284,94,04046AC,PIGL,17.02,NA,NA
6.83089E+14,19696,2022,2020,1.2797E+15,NA,61.39117,-158.5777,94,19696AA,PIGL,18.8,NA,NA
6.83089E+14,19696,2022,2020,1.2797E+15,NA,61.39117,-158.5777,94,19696AB,PIGL,31.24,NA,NA
6.83089E+14,19696,2022,2020,1.2797E+15,NA,61.39117,-158.5777,94,19696AC,PIGL,17.53,NA,NA
6.83089E+14,8459,2022,2020,1.2797E+15,NA,61.66306,-158.7347,94,08459AA,PIGL,23.37,NA,plot mislabeled - changed from 30056 to 30086 (Cahoon)
6.83089E+14,8459,2022,2020,1.2797E+15,NA,61.66306,-158.7347,94,08459AB,PIGL,14.22,NA,plot mislabeled - changed from 30056 to 30086 (Cahoon)
6.83089E+14,8459,2022,2020,1.2797E+15,NA,61.66306,-158.7347,94,08459AC,PIGL,14.99,NA,plot mislabeled - changed from 30056 to 30086 (Cahoon)
6.83089E+14,841,2022,2020,1.2797E+15,NA,60.74147,-158.2408,94,00841AA,PIGL,38.35,NA,NA
6.83089E+14,11161,2022,2020,1.2797E+15,NA,61.55862,-159.9201,94,11161AA,PIGL,34.54,NA,NA
6.83089E+14,11161,2022,2020,1.2797E+15,NA,61.55862,-159.9201,94,11161AB,PIGL,45.72,NA,NA
6.83089E+14,2224,2022,2020,1.2797E+15,NA,61.55356,-156.7471,95,02224AA,PIMA,16.51,NA,NA
6.83089E+14,30077,2022,2020,1.2797E+15,NA,61.25988,-159.5666,94,30077AA,PIGL,16.76,NA,NA
6.83089E+14,30077,2022,2020,1.2797E+15,NA,61.25988,-159.5666,94,30077AB,PIGL,27.43,NA,NA
6.83089E+14,17375,2022,2020,1.27969E+15,NA,61.82574,-155.6394,94,17375AA,PIGL,37.34,NA,plot mislabeled - changed from 13543 to 13453 (Cahoon)
6.83089E+14,17375,2022,2020,1.27969E+15,NA,61.82574,-155.6394,71,17375AB,LALA,17.02,NA,plot mislabeled - changed from 13543 to 13453 (Cahoon)
6.83089E+14,17375,2022,2020,1.27969E+15,NA,61.82574,-155.6394,94,17375AC,PIGL,25.15,NA,plot mislabeled - changed from 13543 to 13453 (Cahoon)
6.83089E+14,17375,2022,2020,1.27969E+15,NA,61.82574,-155.6394,94,17375AD,PIGL,14.48,NA,plot mislabeled - changed from 13543 to 13453 (Cahoon)
6.83089E+14,17375,2022,2020,1.27969E+15,NA,61.82574,-155.6394,94,17375AE,PIGL,21.08,NA,SITE;  plot mislabeled - changed from 13543 to 13453 (Cahoon)
6.83089E+14,48992,2022,2020,1.27969E+15,NA,61.61547,-159.0582,94,48992AA,PIGL,27.94,NA,NA
6.83089E+14,38707,2022,2020,1.27969E+15,NA,61.52499,-156.5457,95,38707AA,PIMA,14.22,NA,NA
6.83089E+14,13026,2022,2020,1.27969E+15,NA,61.71548,-159.8344,94,13026AA,PIGL,17.02,NA,NA
6.83089E+14,27801,2022,2020,1.27969E+15,1.27969E+15,61.8478,-157.5921,94,27801AA,PIGL,22.35,NA,NA
6.83089E+14,27801,2022,2020,1.27969E+15,1.27969E+15,61.8478,-157.5921,94,27801AB,PIGL,20.07,NA,NA
6.83089E+14,27801,2022,2020,1.27969E+15,NA,61.8478,-157.5921,94,27801AC,PIGL,25.4,NA,NA
6.83089E+14,23539,2022,2020,1.27969E+15,NA,61.40355,-156.8409,95,23539AA,PIMA,14.22,NA,INC ONLY
6.83089E+14,17570,2022,2020,1.27969E+15,NA,61.16959,-159.5167,94,17570AA,PIGL,45.47,NA,NA
6.83089E+14,17570,2022,2020,1.27969E+15,NA,61.16959,-159.5167,94,17570AB,PIGL,48.77,NA,NA
6.83089E+14,17570,2022,2020,1.27969E+15,NA,61.16959,-159.5167,94,17570AC,PIGL,40.13,NA,NA
6.83089E+14,17570,2022,2020,1.27969E+15,NA,61.16959,-159.5167,94,17570AD,PIGL,37.59,NA,NA
6.83089E+14,3150,2022,2020,1.27969E+15,NA,61.71016,-158.3954,94,03150AA,PIGL,46.48,NA,NA
6.83089E+14,3150,2022,2020,1.27969E+15,NA,61.71016,-158.3954,94,03150AB,PIGL,17.78,NA,NA
6.83089E+14,10246,2022,2020,1.27969E+15,NA,61.10214,-159.6435,94,10246AA,PIGL,32.77,NA,EXTRA FOR SEAN
6.83089E+14,10246,2022,2020,1.27969E+15,NA,61.10214,-159.6435,94,10246AB,PIGL,13.21,NA,EXTRA FOR SEAN
6.83089E+14,3150,2022,2020,NA,1.27969E+15,61.71016,-158.3954,94,03150AC,PIGL,25.65,NA,NA
6.83089E+14,3150,2022,2020,NA,1.27969E+15,61.71016,-158.3954,94,03150AD,PIGL,43.18,NA,NA
6.83089E+14,17570,2022,2020,NA,1.27969E+15,61.16959,-159.5167,94,17570AE,PIGL,48.77,NA,NA
6.83089E+14,63738,2022,2020,NA,NA,61.82059,-158.648,95,63738AA,PIMA,9.14,NA,NA
6.83089E+14,63738,2022,2020,NA,NA,61.82059,-158.648,95,63738AB,PIMA,7.87,NA,NA
6.83089E+14,63738,2022,2020,NA,NA,61.82059,-158.648,95,63738AC,PIMA,9.91,NA,NA
8.86189E+14,2760,2022,2021,NA,NA,60.083371,-151.404445,95,02760AB,PIMA,7.87,NA,NA
8.86189E+14,2760,2022,2021,NA,NA,60.083371,-151.404445,95,02760AC,PIMA,5.84,NA,NA
8.86189E+14,2760,2022,2021,NA,NA,60.083371,-151.404445,95,02760AD,PIMA,8.89,NA,NA
9.23529E+14,14172,2022,2022,NA,1.27974E+15,61.80709,-159.8877,95,14172AB,PIMA,9.65,NA,NA
9.23529E+14,14172,2022,2022,NA,1.27974E+15,61.80709,-159.8877,95,14172AC,PIMA,8.38,NA,NA
9.23529E+14,14172,2022,2022,NA,1.27974E+15,61.80709,-159.8877,95,14172AD,PIMA,9.91,NA,NA
6.83089E+14,2804,2022,2020,NA,1.27969E+15,61.6891,-156.464,376,02804AA,BENE,10.92,NA,AGE
6.83089E+14,2804,2022,2020,NA,1.27969E+15,61.6891,-156.464,94,02804AB,PIGL,20.57,NA,S/A
6.8309E+14,38881,2022,2020,NA,NA,61.70298,-155.4143,94,38881AA,PIGL,18.29,NA,NA
6.8309E+14,38881,2022,2020,NA,NA,61.70298,-155.4143,94,38881AB,PIGL,NA,NA,NA
6.8309E+14,10391,2022,2020,NA,NA,61.73458,-155.5998,95,10391AA,PIMA,7.87,NA,NA
6.8309E+14,10391,2022,2020,NA,NA,61.73458,-155.5998,95,10391AB,PIMA,6.1,NA,NA
6.8309E+14,10391,2022,2020,NA,NA,61.73458,-155.5998,95,10391AC,PIMA,8.64,NA,NA
6.83089E+14,867,2022,2020,NA,1.27969E+15,61.82677,-157.4188,95,00867AA,PIMA,11.43,NA,plot mislabeled - changed from 4434 to 4334 (Cahoon)
6.83089E+14,867,2022,2020,NA,1.27969E+15,61.82677,-157.4188,95,00867AB,PIMA,12.19,NA,plot mislabeled - changed to 4334 (Cahoon)
6.83089E+14,867,2022,2020,NA,1.27969E+15,61.82677,-157.4188,95,00867AC,PIMA,12.95,NA,plot mislabeled - changed to 4334 (Cahoon)
9.23529E+14,8015,2022,2022,NA,NA,61.9076,-158.7056,95,08015AC,PIMA,10.41,NA,plot mislabeled- changed from 4897 to 4987 (Cahoon)
9.23529E+14,8015,2022,2022,NA,NA,61.9076,-158.7056,95,08015AD,PIMA,14.99,NA,plot mislabeled- changed from 4897 to 4987 (Cahoon)
6.83089E+14,23539,2022,2020,NA,NA,61.40355,-156.8409,94,23539AB,PIGL,19.56,NA,INC
6.83089E+14,23539,2022,2020,NA,1.27969E+15,61.40355,-156.8409,94,23539AC,PIGL,17.27,NA,NA
6.83089E+14,23539,2022,2020,NA,1.27969E+15,61.40355,-156.8409,94,23539AD,PIGL,22.61,NA,NA
6.83089E+14,23539,2022,2020,NA,1.27969E+15,61.40355,-156.8409,94,23539AE,PIGL,20.07,NA,NA
6.83089E+14,27801,2022,2020,NA,1.27969E+15,61.8478,-157.5921,94,27801AD,PIGL,20.57,NA,NA
6.83089E+14,40094,2022,2020,NA,NA,61.94515,-157.6497,95,40094AA,PIMA,11.68,NA,NA
6.83089E+14,5196,2022,2020,NA,1.27969E+15,61.83693,-156.8794,94,05196AA,PIGL,34.29,NA,NA
6.83089E+14,5196,2022,2020,NA,1.27969E+15,61.83693,-156.8794,94,05196AB,PIGL,20.32,NA,NA
6.83089E+14,5196,2022,2020,NA,1.27969E+15,61.83693,-156.8794,94,05196AC,PIGL,22.86,NA,NA
6.83089E+14,37133,2022,2020,NA,NA,61.41501,-160.8821,71,37133AA,LALA,9.4,NA,NA
6.83089E+14,37133,2022,2020,NA,NA,61.41501,-160.8821,71,37133AB,LALA,7.11,NA,NA
6.83089E+14,37133,2022,2020,NA,NA,61.41501,-160.8821,71,37133AC,LALA,11.18,NA,NA
6.83089E+14,38707,2022,2020,NA,1.27969E+15,61.52499,-156.5457,95,38707AB,PIMA,12.7,NA,NA
6.83089E+14,38707,2022,2020,NA,1.27969E+15,61.52499,-156.5457,95,38707AC,PIMA,10.16,NA,NA
6.83089E+14,38707,2022,2020,NA,1.27969E+15,61.52499,-156.5457,95,38707AD,PIMA,9.4,NA,NA
9.23529E+14,59263,2022,2022,NA,1.27974E+15,62.10196,-160.2502,95,59263AA,PIMA,12.95,NA,NA
9.23529E+14,59263,2022,2022,NA,1.27974E+15,62.10196,-160.2502,95,59263AB,PIMA,11.18,NA,NA
9.23529E+14,59263,2022,2022,NA,1.27974E+15,62.10196,-160.2502,95,59263AC,PIMA,11.43,NA,NA
6.83089E+14,55579,2022,2020,NA,NA,61.98115,-155.527,95,55579AA,PIMA,7.11,NA,NA
6.83089E+14,48992,2022,2020,NA,NA,61.61547,-159.0582,94,48992AB,PIGL,21.84,NA,NA
6.83089E+14,48992,2022,2020,NA,1.27969E+15,61.61547,-159.0582,94,48992AC,PIGL,25.65,NA,NA
9.23529E+14,21837,2022,2022,NA,1.27974E+15,62.00298,-158.7551,95,21837AA,PIMA,10.41,NA,NA
9.23529E+14,21837,2022,2022,NA,1.27974E+15,62.00298,-158.7551,95,21837AB,PIMA,8.38,NA,NA
9.23529E+14,21837,2022,2022,NA,1.27974E+15,62.00298,-158.7551,95,21837AC,PIMA,9.4,NA,NA
9.23529E+14,24239,2022,2022,NA,1.27974E+15,61.93385,-158.8686,95,24239AA,PIMA,9.91,NA,NA
9.23529E+14,24239,2022,2022,NA,1.27974E+15,61.93385,-158.8686,95,24239AB,PIMA,8.64,NA,NA
9.23529E+14,24239,2022,2022,NA,1.27974E+15,61.93385,-158.8686,95,24239AC,PIMA,9.14,NA,NA
6.83089E+14,52724,2022,2020,NA,1.27969E+15,61.87843,-157.7893,95,52724AA,PIMA,10.16,NA,"DUPLICATE PLOT/SITE, DIFFERENT SPECIES"
6.83089E+14,52724,2022,2020,NA,1.27969E+15,61.87843,-157.7893,95,52724AB,PIMA,21.59,NA,"DUPLICATE PLOT/SITE, DIFFERENT SPECIES"
6.83089E+14,52724,2022,2020,NA,1.27969E+15,61.87843,-157.7893,94,52724AC,PIGL,10.16,NA,"DUPLICATE PLOT/SITE, DIFFERENT SPECIES"
6.83089E+14,52724,2022,2020,NA,1.27969E+15,61.87843,-157.7893,94,52724AD,PIGL,21.59,NA,"DUPLICATE PLOT/SITE, DIFFERENT SPECIES"
6.83089E+14,47818,2022,2020,NA,1.27969E+15,61.41274,-156.3156,95,47818AA,PIMA,11.68,NA,NA
6.83089E+14,47818,2022,2020,NA,1.27969E+15,61.41274,-156.3156,95,47818AB,PIMA,12.45,NA,NA
6.83089E+14,47818,2022,2020,NA,1.27969E+15,61.41274,-156.3156,95,47818AC,PIMA,14.48,NA,NA
6.83089E+14,11576,2022,2020,NA,NA,61.43994,-156.5099,95,11576AA,PIMA,10.16,NA,NA
6.83089E+14,11576,2022,2020,NA,NA,61.43994,-156.5099,95,11576AB,PIMA,10.67,NA,NA
6.83089E+14,11576,2022,2020,NA,NA,61.43994,-156.5099,95,11576AC,PIMA,8.38,NA,NA
6.83089E+14,26013,2022,2020,NA,1.2797E+15,61.41348,-160.1889,94,26013AA,PIGL,25.65,NA,NA
6.83089E+14,26013,2022,2020,NA,1.2797E+15,61.41348,-160.1889,94,26013AB,PIGL,25.15,NA,NA
6.83089E+14,26013,2022,2020,NA,NA,61.41348,-160.1889,94,26013AC,PIGL,11.94,NA,REJECTED SITE TREE
6.83089E+14,18602,2022,2020,NA,NA,62.04473,-157.1727,95,18602AA,PIMA,14.99,NA,NA
6.83089E+14,18602,2022,2020,NA,NA,62.04473,-157.1727,95,18602AB,PIMA,14.48,NA,NA
6.83089E+14,18602,2022,2020,NA,NA,62.04473,-157.1727,95,18602AC,PIMA,13.97,NA,NA
9.23529E+14,32336,2022,2022,NA,NA,62.30814,-159.099,95,32336AA,PIMA,4.83,NA,NA
9.23529E+14,32336,2022,2022,NA,NA,62.30814,-159.099,95,32336AB,PIMA,7.87,NA,NA
9.23529E+14,32336,2022,2022,NA,NA,62.30814,-159.099,71,32336AC,LALA,7.11,NA,NA
9.23529E+14,24867,2022,2022,NA,NA,61.97488,-158.5556,95,24867AA,PIMA,10.41,NA,NA
9.23529E+14,24867,2022,2022,NA,NA,61.97488,-158.5556,95,24867AB,PIMA,8.38,NA,NA
9.23529E+14,24867,2022,2022,NA,NA,61.97488,-158.5556,95,24867AC,PIMA,10.67,NA,NA
6.83089E+14,8941,2022,2020,NA,NA,61.7131,-154.8813,95,08941AA,PIMA,10.92,NA,NA
6.83089E+14,8941,2022,2020,NA,NA,61.7131,-154.8813,95,08941AB,PIMA,7.62,NA,NA
6.83089E+14,8941,2022,2020,NA,NA,61.7131,-154.8813,95,08941AC,PIMA,9.14,NA,NA
6.8309E+14,27529,2022,2020,NA,NA,61.38604,-156.1343,95,27529AA,PIMA,6.86,NA,NA
6.8309E+14,27529,2022,2020,NA,NA,61.38604,-156.1343,95,27529AB,PIMA,9.4,NA,NA
6.8309E+14,27529,2022,2020,NA,NA,61.38604,-156.1343,95,27529AC,PIMA,6.86,NA,NA
9.23529E+14,59042,2022,2022,NA,NA,61.74097,-160.0298,376,59042AB,BENE,11.18,NA,AGE TREE
9.23529E+14,59042,2022,2022,NA,NA,61.74097,-160.0298,376,59042AC,BENE,11.43,NA,AGE TREE
9.23529E+14,59042,2022,2022,NA,NA,61.74097,-160.0298,376,59042AD,BENE,11.18,NA,AGE TREE
9.23529E+14,59042,2022,2022,NA,NA,61.74097,-160.0298,94,59042AE,PIGL,16.51,NA,SITE TREE
9.23529E+14,59042,2022,2022,NA,NA,61.74097,-160.0298,94,59042AF,PIGL,15.75,NA,SITE TREE
6.83089E+14,44811,2022,2020,NA,1.2797E+15,61.7523,-158.7776,95,44811AA,PIMA,7.37,NA,NA
6.83089E+14,44811,2022,2020,NA,1.2797E+15,61.7523,-158.7776,95,44811AB,PIMA,8.38,NA,NA
6.83089E+14,44811,2022,2020,NA,1.2797E+15,61.7523,-158.7776,95,44811AC,PIMA,9.65,NA,NA
6.83089E+14,57113,2022,2020,NA,NA,61.86708,-157.0726,94,57113AA,PIGL,19.56,NA,NA
6.83089E+14,57113,2022,2020,NA,NA,61.86708,-157.0726,94,57113AB,PIGL,21.34,NA,NA
6.83089E+14,57113,2022,2020,NA,NA,61.86708,-157.0726,94,57113AC,PIGL,18.8,NA,NA
6.83089E+14,30077,2022,2020,NA,1.2797E+15,61.25988,-159.5666,94,30077AC,PIGL,18.8,NA,NA
6.83089E+14,30077,2022,2020,NA,1.2797E+15,61.25988,-159.5666,94,30077AD,PIGL,14.73,NA,NA
6.83089E+14,30077,2022,2020,NA,1.2797E+15,61.25988,-159.5666,94,30077AE,PIGL,39.12,NA,NA
6.83089E+14,48604,2022,2020,NA,1.2797E+15,61.66014,-156.264,95,48604AA,PIMA,10.92,NA,NA
6.83089E+14,48604,2022,2020,NA,1.2797E+15,61.66014,-156.264,95,48604AB,PIMA,8.64,NA,NA
6.83089E+14,48604,2022,2020,NA,1.2797E+15,61.66014,-156.264,95,48604AC,PIMA,12.7,NA,NA
9.23529E+14,42722,2022,2022,NA,1.27974E+15,62.28236,-158.9113,95,42722AC,PIMA,13.21,NA,NA
9.23529E+14,42722,2022,2022,NA,1.27974E+15,62.28236,-158.9113,95,42722AD,PIMA,4.83,NA,NA
9.23529E+14,42722,2022,2022,NA,1.27974E+15,62.28236,-158.9113,95,42722AE,PIMA,9.65,NA,NA
9.23529E+14,42722,2022,2022,NA,NA,62.28236,-158.9113,95,42722AF,PIMA,14.73,NA,NA
9.23529E+14,42722,2022,2022,NA,1.27974E+15,62.28236,-158.9113,95,42722AG,PIMA,12.45,NA,NA
6.83089E+14,43840,2022,2020,NA,1.2797E+15,61.47726,-158.6334,95,43840AA,PIMA,10.67,NA,NA
6.83089E+14,43840,2022,2020,NA,1.2797E+15,61.47726,-158.6334,95,43840AB,PIMA,10.41,NA,NA
6.83089E+14,43840,2022,2020,NA,1.2797E+15,61.47726,-158.6334,95,43840AC,PIMA,12.45,NA,NA
6.83089E+14,2224,2022,2020,NA,NA,61.55356,-156.7471,95,02224AB,PIMA,14.48,NA,NA
6.83089E+14,2224,2022,2020,NA,NA,61.55356,-156.7471,95,02224AC,PIMA,20.07,NA,NA
6.83089E+14,11899,2022,2020,NA,1.2797E+15,61.45267,-156.0029,95,11899AA,PIMA,10.16,NA,NA
6.83089E+14,11899,2022,2020,NA,1.2797E+15,61.45267,-156.0029,95,11899AB,PIMA,10.67,NA,NA
6.83089E+14,11899,2022,2020,NA,1.2797E+15,61.45267,-156.0029,95,11899AC,PIMA,11.43,NA,NA
6.83089E+14,267,2022,2020,NA,1.2797E+15,61.77254,-158.2567,95,00267AA,PIMA,9.14,NA,NA
6.83089E+14,267,2022,2020,NA,1.2797E+15,61.77254,-158.2567,95,00267AB,PIMA,12.45,NA,NA
6.83089E+14,267,2022,2020,NA,1.2797E+15,61.77254,-158.2567,95,00267AC,PIMA,7.62,NA,NA
6.83089E+14,11161,2022,2020,NA,1.2797E+15,61.55862,-159.9201,376,11161AC,BENE,16.26,NA,NA
6.83089E+14,11161,2022,2020,NA,1.2797E+15,61.55862,-159.9201,94,11161AD,PIGL,22.61,NA,NA
6.83089E+14,11161,2022,2020,NA,1.2797E+15,61.55862,-159.9201,94,11161AE,PIGL,31.5,NA,NA
6.83089E+14,11161,2022,2020,NA,1.2797E+15,61.55862,-159.9201,94,11161AF,PIGL,22.1,NA,NA
6.83089E+14,19581,2022,2020,NA,1.2797E+15,61.69482,-157.7023,95,19581AA,PIMA,9.4,NA,NA
6.83089E+14,19581,2022,2020,NA,1.2797E+15,61.69482,-157.7023,95,19581AB,PIMA,10.92,NA,NA
6.83089E+14,19581,2022,2020,NA,1.2797E+15,61.69482,-157.7023,94,19581AC,PIGL,16,NA,NA
6.83089E+14,19581,2022,2020,NA,1.2797E+15,61.69482,-157.7023,94,19581AD,PIGL,21.84,NA,NA
6.83089E+14,19581,2022,2020,NA,NA,61.69482,-157.7023,94,19581AE,PIGL,11.68,NA,NA
6.83089E+14,19581,2022,2020,NA,NA,61.69482,-157.7023,94,19581AF,PIGL,11.68,NA,NA
6.83089E+14,19581,2022,2020,NA,NA,61.69482,-157.7023,94,19581AG,PIGL,10.41,NA,NA
6.83089E+14,841,2022,2020,NA,1.2797E+15,60.74147,-158.2408,376,00841AB,BENE,26.92,NA,NA
6.83089E+14,841,2022,2020,NA,1.2797E+15,60.74147,-158.2408,94,00841AC,PIGL,26.92,NA,NA
6.83089E+14,841,2022,2020,NA,1.2797E+15,60.74147,-158.2408,94,00841AD,PIGL,20.07,NA,NA
6.83089E+14,841,2022,2020,NA,1.2797E+15,60.74147,-158.2408,94,00841AE,PIGL,23.11,NA,NA
6.83089E+14,4451,2022,2020,NA,NA,62.18038,-156.8958,95,04451AA,PIMA,9.14,NA,NA
6.83089E+14,4451,2022,2020,NA,NA,62.18038,-156.8958,95,04451AB,PIMA,8.89,NA,NA
6.83089E+14,4451,2022,2020,NA,NA,62.18038,-156.8958,95,04451AC,PIMA,9.14,NA,NA
6.83089E+14,28944,2022,2020,NA,NA,61.69524,-155.9296,71,28944AA,LALA,11.43,NA,NA
6.83089E+14,28944,2022,2020,NA,NA,61.69524,-155.9296,71,28944AB,LALA,10.67,NA,NA
6.83089E+14,28944,2022,2020,NA,NA,61.69524,-155.9296,71,28944AC,LALA,11.68,NA,NA
6.83089E+14,19067,2022,2020,NA,1.2797E+15,61.50069,-158.8238,95,19067AA,PIMA,8.13,NA,NA
6.83089E+14,19067,2022,2020,NA,1.2797E+15,61.50069,-158.8238,95,19067AB,PIMA,8.38,NA,NA
6.83089E+14,19067,2022,2020,NA,1.2797E+15,61.50069,-158.8238,95,19067AC,PIMA,9.91,NA,NA
6.83089E+14,4046,2022,2020,NA,1.2797E+15,61.6848,-158.9284,94,04046AD,PIGL,21.34,NA,NA
6.83089E+14,4046,2022,2020,NA,1.2797E+15,61.6848,-158.9284,94,04046AE,PIGL,21.34,NA,NA
6.83089E+14,5584,2022,2020,NA,NA,61.76237,-155.2733,95,05584AA,PIMA,9.91,NA,NA
6.83089E+14,5584,2022,2020,NA,NA,61.76237,-155.2733,95,05584AB,PIMA,9.91,NA,NA
6.83089E+14,5584,2022,2020,NA,NA,61.76237,-155.2733,95,05584AC,PIMA,8.38,NA,NA
6.83089E+14,40876,2022,2020,NA,NA,61.96112,-157.1288,94,40876AA,PIGL,12.7,NA,NA
6.83089E+14,39709,2022,2020,NA,NA,61.98133,-157.3104,95,39709AA,PIMA,11.18,NA,NA
6.83089E+14,39709,2022,2020,NA,NA,61.98133,-157.3104,95,39709AB,PIMA,8.89,NA,NA
6.83089E+14,39709,2022,2020,NA,NA,61.98133,-157.3104,95,39709AC,PIMA,7.62,NA,NA
6.83089E+14,721,2022,2020,NA,NA,61.34177,-158.2158,95,00721AB,PIMA,10.67,NA,NA
6.83089E+14,721,2022,2020,NA,NA,61.34177,-158.2158,95,00721AC,PIMA,8.38,NA,NA
6.83089E+14,721,2022,2020,NA,NA,61.34177,-158.2158,95,00721AD,PIMA,11.43,NA,NA
6.83089E+14,44264,2022,2020,NA,NA,61.64314,-159.2543,94,44264AD,PIGL,17.27,NA,NA
6.83089E+14,20399,2022,2020,NA,1.2797E+15,61.9946,-156.77,94,20399AA,PIGL,15.49,NA,NA
6.83089E+14,20399,2022,2020,NA,1.2797E+15,61.9946,-156.77,94,20399AB,PIGL,20.07,NA,NA
6.83089E+14,20399,2022,2020,NA,1.2797E+15,61.9946,-156.77,94,20399AC,PIGL,15.75,NA,NA
6.8309E+14,22896,2022,2020,NA,1.27971E+15,61.89656,-157.2887,94,22896AA,PIGL,28.7,NA,NA
6.8309E+14,22896,2022,2020,NA,1.27971E+15,61.89656,-157.2887,94,22896AB,PIGL,27.94,NA,NA
6.8309E+14,22896,2022,2020,NA,1.27971E+15,61.89656,-157.2887,94,22896AC,PIGL,21.84,NA,NA
9.23529E+14,9511,2022,2022,NA,1.27974E+15,62.16595,-158.6647,95,09511AB,PIMA,10.41,NA,NA
9.23529E+14,9511,2022,2022,NA,1.27974E+15,62.16595,-158.6647,95,09511AC,PIMA,9.91,NA,NA
9.23529E+14,9511,2022,2022,NA,1.27974E+15,62.16595,-158.6647,95,09511AD,PIMA,9.14,NA,NA
9.23529E+14,32429,2022,2022,NA,NA,62.05811,-160.5848,95,32429AB,PIMA,9.65,NA,NA
9.23529E+14,32429,2022,2022,NA,NA,62.05811,-160.5848,95,32429AC,PIMA,10.67,NA,NA
9.23529E+14,32429,2022,2022,NA,NA,62.05811,-160.5848,95,32429AD,PIMA,12.45,NA,NA
6.83089E+14,45440,2022,2020,NA,1.2797E+15,61.61533,-158.3616,95,45440AC,PIMA,14.22,NA,NA
6.83089E+14,45440,2022,2020,NA,1.2797E+15,61.61533,-158.3616,95,45440AD,PIMA,12.7,NA,NA
6.83089E+14,45440,2022,2020,NA,1.2797E+15,61.61533,-158.3616,95,45440AE,PIMA,12.7,NA,NA
6.83089E+14,45440,2022,2020,NA,1.2797E+15,61.61533,-158.3616,94,45440AF,PIGL,22.1,NA,NA
6.83089E+14,45440,2022,2020,NA,1.2797E+15,61.61533,-158.3616,94,45440AG,PIGL,20.32,NA,NA
6.83089E+14,45440,2022,2020,NA,1.2797E+15,61.61533,-158.3616,94,45440AH,PIGL,22.61,NA,NA
6.83089E+14,33021,2022,2020,NA,NA,60.96108,-159.2152,95,33021AA,PIMA,11.94,NA,NA
6.83089E+14,33021,2022,2020,NA,NA,60.96108,-159.2152,95,33021AB,PIMA,12.45,NA,NA
6.83089E+14,33021,2022,2020,NA,NA,60.96108,-159.2152,95,33021AC,PIMA,10.92,NA,NA
6.83089E+14,22897,2022,2020,NA,1.2797E+15,61.38902,-160.7035,94,22897AB,PIGL,17.78,NA,NA
6.83089E+14,22897,2022,2020,NA,1.2797E+15,61.38902,-160.7035,94,22897AC,PIGL,17.27,NA,NA
6.83089E+14,22897,2022,2020,NA,1.2797E+15,61.38902,-160.7035,94,22897AD,PIGL,8.13,NA,NA
6.83089E+14,22897,2022,2020,NA,1.2797E+15,61.38902,-160.7035,94,22897AE,PIGL,5.84,NA,NA
6.83089E+14,22897,2022,2020,NA,1.2797E+15,61.38902,-160.7035,94,22897AF,PIGL,7.11,NA,NA
9.23529E+14,25431,2022,2022,NA,NA,62.39803,-159.1569,95,25431AA,PIMA,10.41,NA,NA
9.23529E+14,25431,2022,2022,NA,NA,62.39803,-159.1569,95,25431AB,PIMA,7.87,NA,NA
9.23529E+14,25431,2022,2022,NA,NA,62.39803,-159.1569,95,25431AC,PIMA,11.18,NA,NA
9.23529E+14,25762,2022,2022,NA,1.27974E+15,61.77856,-158.986,95,25762AB,PIMA,8.13,NA,NA
6.83089E+14,46038,2022,2020,NA,1.2797E+15,61.60699,-155.3763,95,46038AA,PIMA,10.67,NA,NA
6.83089E+14,46038,2022,2020,NA,1.2797E+15,61.60699,-155.3763,95,46038AB,PIMA,12.45,NA,NA
6.83089E+14,46038,2022,2020,NA,1.2797E+15,61.60699,-155.3763,95,46038AC,PIMA,8.64,NA,NA
6.83089E+14,58678,2022,2020,NA,NA,61.5842,-155.1814,95,58678AA,PIMA,8.38,NA,NA
6.83089E+14,58678,2022,2020,NA,NA,61.5842,-155.1814,95,58678AB,PIMA,5.08,NA,NA
6.83089E+14,58678,2022,2020,NA,NA,61.5842,-155.1814,95,58678AC,PIMA,8.89,NA,NA
6.83089E+14,18001,2022,2020,NA,NA,61.64447,-159.981,95,18001AA,PIMA,5.84,NA,NA
6.83089E+14,18001,2022,2020,NA,NA,61.64447,-159.981,95,18001AB,PIMA,8.13,NA,NA
6.83089E+14,18001,2022,2020,NA,NA,61.64447,-159.981,95,18001AC,PIMA,10.16,NA,NA
6.83089E+14,42059,2022,2020,NA,1.2797E+15,61.64951,-158.0296,95,42059AB,PIMA,9.4,NA,NA
6.83089E+14,42059,2022,2020,NA,1.2797E+15,61.64951,-158.0296,95,42059AC,PIMA,11.94,NA,NA
6.83089E+14,42059,2022,2020,NA,1.2797E+15,61.64951,-158.0296,95,42059AD,PIMA,9.65,NA,NA
6.83089E+14,59019,2022,2020,NA,NA,61.431,-160.368,71,59019AA,LALA,1.27,NA,NA
6.83089E+14,59019,2022,2020,NA,NA,61.431,-160.368,94,59019AB,PIGL,9.91,NA,NA
6.83089E+14,59019,2022,2020,NA,NA,61.431,-160.368,94,59019AC,PIGL,8.64,NA,NA
6.83089E+14,59019,2022,2020,NA,NA,61.431,-160.368,94,59019AD,PIGL,9.65,NA,NA
6.83089E+14,39351,2022,2020,NA,1.2797E+15,61.75963,-155.7728,94,39351AA,PIGL,17.78,NA,NA
6.83089E+14,39351,2022,2020,NA,1.2797E+15,61.75963,-155.7728,94,39351AB,PIGL,19.3,NA,NA
6.83089E+14,39351,2022,2020,NA,1.2797E+15,61.75963,-155.7728,94,39351AC,PIGL,14.99,NA,NA
6.83089E+14,7961,2022,2020,NA,NA,62.15418,-156.6664,95,07961AA,PIMA,8.64,NA,NA
6.83089E+14,7961,2022,2020,NA,NA,62.15418,-156.6664,95,07961AB,PIMA,12.45,NA,NA
6.83089E+14,7961,2022,2020,NA,NA,62.15418,-156.6664,95,07961AC,PIMA,12.19,NA,NA
6.83089E+14,7961,2022,2020,NA,NA,62.15418,-156.6664,95,07961AD,PIMA,11.68,NA,NA
6.83089E+14,7961,2022,2020,NA,NA,62.15418,-156.6664,95,07961AE,PIMA,7.37,NA,NA
6.83089E+14,7961,2022,2020,NA,NA,62.15418,-156.6664,95,07961AF,PIMA,11.43,NA,NA
6.83089E+14,26068,2022,2020,NA,NA,61.59419,-156.4082,95,26068AA,PIMA,9.4,NA,NA
6.83089E+14,26068,2022,2020,NA,NA,61.59419,-156.4082,95,26068AB,PIMA,7.62,NA,NA
6.83089E+14,26068,2022,2020,NA,NA,61.59419,-156.4082,95,26068AC,PIMA,8.64,NA,NA
6.83089E+14,54662,2022,2020,NA,1.27971E+15,61.82208,-156.1636,95,54662AA,PIMA,12.45,NA,NA
6.83089E+14,54662,2022,2020,NA,1.27971E+15,61.82208,-156.1636,95,54662AB,PIMA,9.4,NA,NA
6.83089E+14,54662,2022,2020,NA,1.27971E+15,61.82208,-156.1636,95,54662AC,PIMA,10.16,NA,NA
6.83089E+14,63630,2022,2020,NA,NA,61.96906,-156.6019,95,63630AA,PIMA,14.22,NA,NA
6.83089E+14,63630,2022,2020,NA,NA,61.96906,-156.6019,95,63630AB,PIMA,20.57,NA,NA
6.83089E+14,63630,2022,2020,NA,NA,61.96906,-156.6019,95,63630AC,PIMA,17.53,NA,NA
6.83089E+14,63321,2022,2020,NA,NA,61.50652,-156.3544,95,63321AA,PIMA,10.16,NA,NA
6.83089E+14,63321,2022,2020,NA,NA,61.50652,-156.3544,95,63321AB,PIMA,8.13,NA,NA
6.83089E+14,63321,2022,2020,NA,NA,61.50652,-156.3544,95,63321AC,PIMA,9.65,NA,NA
6.83089E+14,26460,2022,2020,NA,NA,61.67233,-157.4982,94,26460AG,PIGL,16,NA,NA
6.83089E+14,26460,2022,2020,NA,NA,61.67233,-157.4982,94,26460AH,PIGL,33.78,NA,sp1
6.83089E+14,12356,2022,2020,NA,1.27971E+15,62.06107,-156.6212,95,12356AA,PIMA,8.64,NA,NA
6.83089E+14,12356,2022,2020,NA,1.27971E+15,62.06107,-156.6212,95,12356AB,PIMA,8.64,NA,NA
6.83089E+14,12356,2022,2020,NA,1.27971E+15,62.06107,-156.6212,95,12356AC,PIMA,8.64,NA,NA
6.83089E+14,59423,2022,2020,NA,NA,61.97217,-157.8379,95,59423AA,PIMA,11.18,NA,NA
6.83089E+14,59423,2022,2020,NA,NA,61.97217,-157.8379,95,59423AB,PIMA,5.84,NA,NA
6.83089E+14,59423,2022,2020,NA,NA,61.97217,-157.8379,95,59423AC,PIMA,8.64,NA,NA
6.83089E+14,23483,2022,2020,NA,1.27971E+15,61.88606,-156.0077,95,23483AA,PIMA,9.91,NA,NA
6.83089E+14,23483,2022,2020,NA,1.27971E+15,61.88606,-156.0077,95,23483AB,PIMA,9.14,NA,NA
6.83089E+14,23483,2022,2020,NA,1.27971E+15,61.88606,-156.0077,95,23483AC,PIMA,7.87,NA,NA
6.83089E+14,60427,2022,2020,NA,NA,61.71315,-156.6506,95,60427AA,PIMA,10.92,NA,NA
6.83089E+14,60427,2022,2020,NA,NA,61.71315,-156.6506,95,60427AB,PIMA,10.16,NA,NA
6.83089E+14,60427,2022,2020,NA,NA,61.71315,-156.6506,95,60427AC,PIMA,11.94,NA,NA
6.83089E+14,37448,2022,2020,NA,1.27971E+15,61.92573,-158.1835,95,37448AA,PIMA,8.64,NA,NA
6.83089E+14,37448,2022,2020,NA,NA,61.92573,-158.1835,95,37448AB,PIMA,10.41,NA,NA
6.83089E+14,37448,2022,2020,NA,1.27971E+15,61.92573,-158.1835,95,37448AC,PIMA,7.62,NA,NA
6.83089E+14,48529,2022,2020,NA,1.27971E+15,60.89011,-159.3539,94,48529AC,PIGL,35.81,NA,NA
6.83089E+14,48529,2022,2020,NA,1.27971E+15,60.89011,-159.3539,94,48529AD,PIGL,39.88,NA,NA
6.83089E+14,56519,2022,2020,NA,1.27971E+15,61.8906,-155.4855,95,56519AA,PIMA,6.35,NA,NA
6.83089E+14,56519,2022,2020,NA,1.27971E+15,61.8906,-155.4855,95,56519AB,PIMA,7.62,NA,NA
6.83089E+14,56519,2022,2020,NA,1.27971E+15,61.8906,-155.4855,95,56519AC,PIMA,9.14,NA,NA
6.83089E+14,33257,2022,2020,NA,1.27971E+15,61.04642,-159.2745,94,33257AE,PIGL,10.92,NA,NA
6.83089E+14,33257,2022,2020,NA,NA,61.04642,-159.2745,94,33257AF,PIGL,8.38,NA,NA
6.83089E+14,33257,2022,2020,NA,NA,61.04642,-159.2745,94,33257AG,PIGL,11.94,NA,NA
6.83089E+14,47497,2022,2020,NA,NA,61.89442,-154.9536,95,47497AA,PIMA,7.37,NA,NA
6.83089E+14,47497,2022,2020,NA,NA,61.89442,-154.9536,95,47497AB,PIMA,8.38,NA,NA
6.83089E+14,47497,2022,2020,NA,NA,61.89442,-154.9536,95,47497AC,PIMA,11.18,NA,NA
6.83089E+14,59621,2022,2020,NA,NA,61.87907,-156.5429,95,59621AA,PIMA,5.08,NA,NA
6.83089E+14,59621,2022,2020,NA,NA,61.87907,-156.5429,95,59621AB,PIMA,6.6,NA,NA
6.83089E+14,59621,2022,2020,NA,NA,61.87907,-156.5429,95,59621AC,PIMA,7.11,NA,NA
9.23529E+14,10675,2022,2022,NA,1.27974E+15,62.21164,-159.0488,95,10675AA,PIMA,8.89,NA,NA
9.23529E+14,10675,2022,2022,NA,1.27974E+15,62.21164,-159.0488,95,10675AB,PIMA,13.46,NA,NA
9.23529E+14,10675,2022,2022,NA,1.27974E+15,62.21164,-159.0488,95,10675AC,PIMA,18.8,NA,NA
6.8309E+14,31908,2022,2020,NA,1.27971E+15,61.29511,-156.0957,95,31908AA,PIMA,11.18,NA,NA
6.8309E+14,31908,2022,2020,NA,1.27971E+15,61.29511,-156.0957,95,31908AB,PIMA,11.18,NA,NA
6.8309E+14,31908,2022,2020,NA,1.27971E+15,61.29511,-156.0957,95,31908AC,PIMA,9.65,NA,NA
6.8309E+14,43339,2022,2020,NA,1.27971E+15,60.98068,-159.4032,95,43339AA,PIMA,10.41,NA,NA
6.8309E+14,43339,2022,2020,NA,1.27971E+15,60.98068,-159.4032,95,43339AB,PIMA,9.14,NA,NA
6.8309E+14,43339,2022,2020,NA,1.27971E+15,60.98068,-159.4032,95,43339AC,PIMA,7.11,NA,NA
9.23529E+14,5546,2022,2022,NA,1.27974E+15,62.19068,-160.3046,95,05546AA,PIMA,10.41,NA,NA
9.23529E+14,5546,2022,2022,NA,1.27974E+15,62.19068,-160.3046,95,05546AB,PIMA,10.41,NA,NA
9.23529E+14,5546,2022,2022,NA,1.27974E+15,62.19068,-160.3046,95,05546AC,PIMA,10.41,NA,NA
6.8309E+14,8716,2022,2020,NA,NA,61.75441,-156.3156,95,08716AA,PIMA,11.94,NA,SA
6.8309E+14,8716,2022,2020,NA,NA,61.75441,-156.3156,95,08716AB,PIMA,11.68,NA,SA
6.8309E+14,8716,2022,2020,NA,NA,61.75441,-156.3156,95,08716AC,PIMA,10.41,NA,SA
6.8309E+14,40860,2022,2020,NA,1.27971E+15,60.68153,-159.0764,94,40860AA,PIGL,14.99,NA,NA
6.8309E+14,40860,2022,2020,NA,1.27971E+15,60.68153,-159.0764,94,40860AB,PIGL,16,NA,NA
6.8309E+14,40860,2022,2020,NA,1.27971E+15,60.68153,-159.0764,94,40860AC,PIGL,14.22,NA,NA
6.8309E+14,30062,2022,2020,NA,NA,61.66465,-159.4382,95,30062AA,PIMA,7.62,NA,NA
6.8309E+14,9563,2022,2020,NA,NA,61.72243,-156.1196,95,09563AB,PIMA,10.41,NA,NA
6.8309E+14,9563,2022,2020,NA,NA,61.72243,-156.1196,95,09563AC,PIMA,10.16,NA,NA
6.8309E+14,59980,2022,2020,NA,1.27971E+15,61.85052,-158.8443,95,59980AD,PIMA,16.76,NA,NA
9.23529E+14,63099,2022,2022,NA,NA,62.07209,-158.6031,95,63099AB,PIMA,8.89,NA,NA
6.8309E+14,56318,2022,2020,NA,1.27971E+15,61.28217,-156.6196,95,56318AB,PIMA,10.41,NA,NA
6.8309E+14,56318,2022,2020,NA,1.27971E+15,61.28217,-156.6196,95,56318AC,PIMA,9.91,NA,NA
6.8309E+14,56318,2022,2020,NA,1.27971E+15,61.28217,-156.6196,95,56318AD,PIMA,10.67,NA,NA
6.8309E+14,2377,2022,2020,NA,NA,61.80655,-159.1827,95,02377AA,PIMA,6.35,NA,plot mislabeled - changed from 54253 to 54523 (Cahoon)
6.8309E+14,2377,2022,2020,NA,NA,61.80655,-159.1827,95,02377AB,PIMA,6.1,NA,plot mislabeled - changed from 54253 to 54523 (Cahoon)
6.8309E+14,2377,2022,2020,NA,NA,61.80655,-159.1827,95,02377AC,PIMA,7.37,NA,plot mislabeled - changed from 54253 to 54523 (Cahoon)
6.8309E+14,24456,2022,2020,NA,NA,61.23064,-160.0812,94,24456AB,PIGL,22.61,NA,NA
6.8309E+14,24456,2022,2020,NA,NA,61.23064,-160.0812,94,24456AC,PIGL,14.99,NA,NA
6.8309E+14,47511,2022,2020,NA,1.27971E+15,60.76271,-158.4185,94,47511AC,PIGL,26.42,NA,plot mislabeled - changed from 54553 to 58554 (Cahoon)
9.23529E+14,21604,2022,2022,NA,NA,62.00491,-160.1853,94,21604AB,PIGL,20.83,NA,NA
9.23529E+14,21604,2022,2022,NA,NA,62.00491,-160.1853,94,21604AC,PIGL,16.76,NA,NA
9.23529E+14,21604,2022,2022,NA,NA,62.00491,-160.1853,94,21604AD,PIGL,17.27,NA,NA
6.8309E+14,18187,2022,2020,NA,NA,60.68849,-157.8697,94,18187AA,PIGL,24.38,NA,NA
6.8309E+14,18187,2022,2020,NA,NA,60.68849,-157.8697,94,18187AB,PIGL,25.65,NA,NA
6.8309E+14,18187,2022,2020,NA,NA,60.68849,-157.8697,94,18187AC,PIGL,41.91,NA,NA
6.8309E+14,503,2022,2020,NA,NA,61.86105,-155.301,94,00503AC,PIGL,25.65,NA,NA
6.8309E+14,22792,2022,2020,NA,NA,61.22193,-158.6709,94,22792AD,PIGL,21.84,NA,NA
6.8309E+14,22792,2022,2020,NA,NA,61.22193,-158.6709,94,22792AE,PIGL,22.35,NA,NA
6.8309E+14,22792,2022,2020,NA,NA,61.22193,-158.6709,94,22792AF,PIGL,18.8,NA,NA
6.8309E+14,32381,2022,2020,NA,NA,61.02535,-159.0809,95,32381AA,PIMA,11.94,NA,NA
6.8309E+14,32381,2022,2020,NA,NA,61.02535,-159.0809,95,32381AB,PIMA,8.89,NA,NA
6.8309E+14,32381,2022,2020,NA,NA,61.02535,-159.0809,95,32381AC,PIMA,6.86,NA,NA
9.23529E+14,22718,2022,2022,NA,NA,62.17319,-160.0993,95,22718AA,PIMA,8.13,NA,NA
9.23529E+14,22718,2022,2022,NA,NA,62.17319,-160.0993,95,22718AB,PIMA,9.14,NA,NA
9.23529E+14,22718,2022,2022,NA,NA,62.17319,-160.0993,95,22718AC,PIMA,10.41,NA,NA
6.8309E+14,13739,2022,2020,NA,NA,62.02953,-156.9688,95,13739AA,PIMA,8.13,NA,plot mislabeled - changed from 58644 to 58664 (Cahoon)
6.8309E+14,13739,2022,2020,NA,NA,62.02953,-156.9688,95,13739AB,PIMA,6.1,NA,plot mislabeled - changed from 58644 to 58664 (Cahoon)
6.8309E+14,40587,2022,2020,NA,NA,61.45868,-160.5661,94,40587AC,PIGL,9.65,NA,NA
6.8309E+14,40587,2022,2020,NA,NA,61.45868,-160.5661,94,40587AD,PIGL,34.8,NA,NA
6.8309E+14,40587,2022,2020,NA,NA,61.45868,-160.5661,94,40587AE,PIGL,34.04,NA,NA
6.8309E+14,40587,2022,2020,NA,NA,61.45868,-160.5661,376,40587AF,BENE,12.45,NA,NA
6.8309E+14,40587,2022,2020,NA,NA,61.45868,-160.5661,376,40587AG,BENE,11.43,NA,NA
6.8309E+14,47098,2022,2020,NA,NA,62.02429,-158.2253,95,47098AA,PIMA,11.18,NA,NA
6.8309E+14,37774,2022,2020,NA,1.27971E+15,61.6792,-158.2151,95,37774AB,PIMA,10.67,NA,NA
6.8309E+14,37774,2022,2020,NA,1.27971E+15,61.6792,-158.2151,95,37774AC,PIMA,12.19,NA,NA
6.8309E+14,37774,2022,2020,NA,1.27971E+15,61.6792,-158.2151,95,37774AD,PIMA,11.68,NA,NA
6.8309E+14,48118,2022,2020,NA,1.27971E+15,61.57471,-160.1044,95,48118AA,PIMA,8.89,NA,NA
6.8309E+14,48118,2022,2020,NA,1.27971E+15,61.57471,-160.1044,95,48118AB,PIMA,9.91,NA,NA
6.8309E+14,48118,2022,2020,NA,1.27971E+15,61.57471,-160.1044,95,48118AC,PIMA,10.41,NA,NA
6.8309E+14,23956,2022,2020,NA,NA,61.66945,-155.7407,95,23956AA,PIMA,7.62,NA,CORE DISREGARD DUE TO AGE
6.8309E+14,23956,2022,2020,NA,NA,61.66945,-155.7407,95,23956AB,PIMA,10.92,NA,NA
6.8309E+14,57260,2022,2020,NA,1.27971E+15,62.00869,-157.4991,94,57260AB,PIGL,27.18,NA,NA
6.8309E+14,57260,2022,2020,NA,1.27971E+15,62.00869,-157.4991,94,57260AC,PIGL,28.7,NA,NA
6.8309E+14,57260,2022,2020,NA,1.27971E+15,62.00869,-157.4991,94,57260AD,PIGL,27.94,NA,NA
6.8309E+14,53790,2022,2020,NA,1.27971E+15,61.83088,-155.1272,94,53790AA,PIGL,19.81,NA,NA
6.8309E+14,53790,2022,2020,NA,1.27971E+15,61.83088,-155.1272,94,53790AB,PIGL,10.67,NA,NA
6.8309E+14,53790,2022,2020,NA,1.27971E+15,61.83088,-155.1272,94,53790AC,PIGL,21.59,NA,NA
6.8309E+14,53790,2022,2020,NA,1.27971E+15,61.83088,-155.1272,94,53790AD,PIGL,10.92,NA,NA
6.8309E+14,53790,2022,2020,NA,1.27971E+15,61.83088,-155.1272,95,53790AE,PIMA,11.43,NA,NA
6.8309E+14,38881,2022,2020,NA,1.27972E+15,61.70298,-155.4143,94,38881AC,PIGL,20.83,NA,"could be site tree 1, same DIA in FIADB"
6.83089E+14,17375,2022,2020,NA,1.27969E+15,61.82574,-155.6394,94,17375AF,PIGL,20.83,NA,plot mislabeled - changed from 13543 to 13453 (Cahoon)
6.83089E+14,19581,2022,2020,NA,1.2797E+15,61.69482,-157.7023,94,19581AH,PIGL,17.53,NA,NA
6.83089E+14,52619,2022,2020,NA,1.2797E+15,61.34583,-156.4665,95,52619AB,PIMA,11.43,NA,NA
6.83089E+14,52619,2022,2020,NA,1.2797E+15,61.34583,-156.4665,95,52619AC,PIMA,8.89,NA,NA
6.83089E+14,52619,2022,2020,NA,1.2797E+15,61.34583,-156.4665,95,52619AD,PIMA,11.18,NA,NA
6.83089E+14,26038,2022,2020,NA,1.2797E+15,61.89796,-156.7343,95,26038AA,PIMA,10.92,NA,NA
6.83089E+14,26038,2022,2020,NA,1.2797E+15,61.89796,-156.7343,95,26038AB,PIMA,8.89,NA,NA
6.83089E+14,26038,2022,2020,NA,1.2797E+15,61.89796,-156.7343,95,26038AC,PIMA,8.13,NA,NA
9.23529E+14,25762,2022,2022,NA,1.27974E+15,61.77856,-158.986,95,25762AC,PIMA,10.67,NA,NA
6.83089E+14,25013,2022,2020,NA,1.38969E+15,61.79103,-157.751,95,25013AA,PIMA,9.91,NA,plot mislabeled - changed from 37365 to 37635 (Cahoon)
6.83089E+14,25013,2022,2020,NA,1.38969E+15,61.79103,-157.751,95,25013AB,PIMA,9.4,NA,plot mislabeled - changed from 37365 to 37635 (Cahoon)
6.83089E+14,25013,2022,2020,NA,1.38969E+15,61.79103,-157.751,95,25013AC,PIMA,8.13,NA,plot mislabeled - changed from 37365 to 37635 (Cahoon)
6.83089E+14,33439,2022,2020,NA,1.2797E+15,61.29671,-159.248,95,33439AA,PIMA,9.4,NA,NA
6.83089E+14,33439,2022,2020,NA,1.2797E+15,61.29671,-159.248,95,33439AB,PIMA,8.64,NA,NA
6.83089E+14,33439,2022,2020,NA,1.2797E+15,61.29671,-159.248,95,33439AC,PIMA,8.89,NA,NA
9.23529E+14,63099,2022,2022,NA,1.27974E+15,62.07209,-158.6031,95,63099AC,PIMA,8.64,NA,NA
6.83089E+14,217,2023,2020,NA,1.54907E+15,60.75657,-156.5319,94,00217AA,PIGL,32,15.5,NA
6.83089E+14,217,2023,2020,NA,1.54907E+15,60.75657,-156.5319,94,00217AB,PIGL,33.78,13.4,NA
6.83089E+14,217,2023,2020,NA,1.54907E+15,60.75657,-156.5319,94,00217AC,PIGL,23.11,3.1,NA
6.83089E+14,217,2023,2020,1.54907E+15,NA,60.75657,-156.5319,94,00217AD,PIGL,21.59,8.3,NA
6.83089E+14,217,2023,2020,1.54907E+15,NA,60.75657,-156.5319,94,00217AE,PIGL,16.51,NA,core missing!
6.8309E+14,221,2023,2020,1.54905E+15,1.54905E+15,61.20807,-155.0217,95,00221AA,PIMA,14.99,17.7,NA
6.8309E+14,221,2023,2020,NA,1.54905E+15,61.20807,-155.0217,95,00221AB,PIMA,11.18,2.4,NA
6.8309E+14,221,2023,2020,NA,1.54905E+15,61.20807,-155.0217,95,00221AC,PIMA,9.4,4.1,NA
6.8309E+14,221,2023,2020,NA,1.54905E+15,61.20807,-155.0217,95,00221AD,PIMA,8.89,1.9,NA
6.83089E+14,241,2023,2020,NA,1.54905E+15,60.92519,-155.4102,95,00241AA,PIMA,8.89,12.5,NA
6.83089E+14,241,2023,2020,NA,1.54905E+15,60.92519,-155.4102,95,00241AB,PIMA,9.65,6.2,NA
6.83089E+14,241,2023,2020,NA,1.54905E+15,60.92519,-155.4102,95,00241AC,PIMA,10.41,18.3,NA
6.83089E+14,420,2023,2020,NA,1.54907E+15,61.09445,-156.5277,95,00420AA,PIMA,12.7,NA,break near pith - offset inestimable
6.83089E+14,420,2023,2020,NA,1.54907E+15,61.09445,-156.5277,95,00420AB,PIMA,11.68,6.8,NA
6.83089E+14,420,2023,2020,NA,1.54907E+15,61.09445,-156.5277,95,00420AC,PIMA,10.41,4.5,NA
6.83089E+14,420,2023,2020,NA,1.54907E+15,61.09445,-156.5277,94,00420AD,PIGL,21.59,14,NA
6.83089E+14,420,2023,2020,NA,1.54907E+15,61.09445,-156.5277,94,00420AE,PIGL,18.29,5.9,NA
6.83089E+14,420,2023,2020,NA,1.54907E+15,61.09445,-156.5277,94,00420AF,PIGL,18.8,6.2,NA
6.83089E+14,910,2023,2020,NA,1.54906E+15,61.26403,-155.8972,95,00910AA,PIMA,7.62,7.1,NA
6.83089E+14,910,2023,2020,NA,1.54906E+15,61.26403,-155.8972,95,00910AB,PIMA,9.14,6.1,NA
6.83089E+14,910,2023,2020,NA,1.54906E+15,61.26403,-155.8972,95,00910AC,PIMA,8.38,0.6,NA
6.83089E+14,992,2023,2020,NA,1.54905E+15,60.90221,-156.9352,95,00992AA,PIMA,10.41,1.1,NA
6.83089E+14,992,2023,2020,NA,1.54905E+15,60.90221,-156.9352,95,00992AB,PIMA,8.89,1.6,NA
6.83089E+14,992,2023,2020,NA,1.54905E+15,60.90221,-156.9352,95,00992AC,PIMA,10.16,0.9,NA
6.8309E+14,1371,2023,2020,NA,1.54907E+15,61.03084,-156.6674,95,01371AA,PIMA,7.87,3.3,NA
6.8309E+14,1371,2023,2020,NA,1.54907E+15,61.03084,-156.6674,95,01371AB,PIMA,8.13,5.8,NA
6.8309E+14,1371,2023,2020,NA,1.54907E+15,61.03084,-156.6674,95,01371AC,PIMA,11.94,2,NA
6.83089E+14,1400,2023,2020,NA,1.54907E+15,61.86956,-158.321,95,01400AA,PIMA,8.13,0.3,NA
6.83089E+14,1400,2023,2020,NA,1.54907E+15,61.86956,-158.321,95,01400AB,PIMA,9.14,1,NA
6.83089E+14,1400,2023,2020,NA,1.54907E+15,61.86956,-158.321,95,01400AC,PIMA,7.87,0.7,NA
6.83089E+14,2251,2023,2020,NA,1.54905E+15,61.67772,-154.6999,95,02251AA,PIMA,10.92,6.4,NA
6.83089E+14,2251,2023,2020,NA,1.54905E+15,61.67772,-154.6999,95,02251AB,PIMA,8.13,0.6,NA
6.83089E+14,2251,2023,2020,NA,1.54905E+15,61.67772,-154.6999,95,02251AC,PIMA,8.64,7.1,NA
6.83089E+14,2274,2023,2020,NA,1.54907E+15,61.20535,-154.4997,95,02274AA,PIMA,11.94,9.8,NA
6.83089E+14,2274,2023,2020,NA,1.54907E+15,61.20535,-154.4997,95,02274AB,PIMA,10.92,7.2,NA
6.83089E+14,2274,2023,2020,NA,1.54907E+15,61.20535,-154.4997,95,02274AC,PIMA,12.95,8.9,NA
6.83089E+14,2274,2023,2020,NA,1.54907E+15,61.20535,-154.4997,95,02274AD,PIMA,10.41,3.8,NA
6.8309E+14,2484,2023,2020,NA,1.54905E+15,61.71256,-157.1589,376,02484AA,BENE,21.34,9.1,NA
6.83089E+14,2874,2023,2020,NA,1.54905E+15,60.68314,-154.4678,94,02874AA,PIGL,26.67,3.9,NA
6.83089E+14,2874,2023,2020,NA,1.54905E+15,60.68314,-154.4678,94,02874AB,PIGL,37.85,22.2,NA
6.83089E+14,2874,2023,2020,NA,1.54905E+15,60.68314,-154.4678,94,02874AC,PIGL,22.86,12.9,NA
6.83089E+14,2874,2023,2020,1.54905E+15,1.54905E+15,60.68314,-154.4678,94,02874AD,PIGL,23.88,7.7,NA
6.83089E+14,2874,2023,2020,1.54905E+15,NA,60.68314,-154.4678,94,02874AE,PIGL,19.05,4.2,NA
6.83089E+14,2874,2023,2020,1.54905E+15,NA,60.68314,-154.4678,94,02874AF,PIGL,13.72,2.8,NA
6.8309E+14,2959,2023,2020,NA,1.54905E+15,60.88404,-156.2638,95,02959AA,PIMA,11.94,3.3,NA
6.8309E+14,2959,2023,2020,NA,1.54905E+15,60.88404,-156.2638,95,02959AB,PIMA,13.72,4.1,NA
6.8309E+14,2959,2023,2020,NA,1.54905E+15,60.88404,-156.2638,95,02959AC,PIMA,10.92,5.2,NA
6.8309E+14,2959,2023,2020,NA,1.54905E+15,60.88404,-156.2638,95,02959AD,PIMA,11.43,9.2,NA
6.83089E+14,3706,2023,2020,1.54906E+15,1.54906E+15,61.17135,-157.6041,95,03706AA,PIMA,13.46,3.6,NA
6.83089E+14,3706,2023,2020,1.54906E+15,1.54906E+15,61.17135,-157.6041,95,03706AB,PIMA,18.03,13.9,NA
6.83089E+14,3706,2023,2020,NA,1.54906E+15,61.17135,-157.6041,95,03706AC,PIMA,14.73,19.8,NA
6.83089E+14,3854,2023,2020,NA,1.54906E+15,60.14158,-155.9077,94,03854AA,PIGL,18.03,5.6,NA
6.83089E+14,3854,2023,2020,NA,1.54906E+15,60.14158,-155.9077,94,03854AB,PIGL,15.75,1,NA
6.83089E+14,3854,2023,2020,NA,1.54906E+15,60.14158,-155.9077,94,03854AC,PIGL,18.29,5.3,NA
6.83089E+14,4403,2023,2020,1.54906E+15,1.54906E+15,59.4327,-154.3142,94,04403AA,PIGL,17.53,4.7,NA
6.83089E+14,4403,2023,2020,1.54906E+15,1.54906E+15,59.4327,-154.3142,94,04403AB,PIGL,19.05,6.3,NA
6.83089E+14,4403,2023,2020,NA,1.54906E+15,59.4327,-154.3142,94,04403AC,PIGL,14.99,9.4,NA
6.83089E+14,4887,2023,2020,1.54906E+15,1.54906E+15,59.55363,-154.0344,94,04887AF,PIGL,43.18,6.3,NA
6.83089E+14,4887,2023,2020,1.54906E+15,NA,59.55363,-154.0344,94,04887AG,PIGL,21.08,8.7,NA
6.8309E+14,4731,2023,2020,NA,1.54905E+15,60.79707,-155.7046,95,04731AA,PIMA,10.92,7.1,NA
6.8309E+14,4731,2023,2020,NA,1.54905E+15,60.79707,-155.7046,95,04731AB,PIMA,10.67,6.9,NA
6.8309E+14,4731,2023,2020,NA,1.54905E+15,60.79707,-155.7046,95,04731AC,PIMA,11.18,12.2,NA
6.83089E+14,4842,2023,2020,NA,1.54905E+15,61.25798,-157.6405,95,04842AA,PIMA,10.92,1.8,NA
6.83089E+14,4842,2023,2020,NA,1.54905E+15,61.25798,-157.6405,95,04842AB,PIMA,10.67,1.3,NA
6.83089E+14,4842,2023,2020,NA,1.54905E+15,61.25798,-157.6405,95,04842AC,PIMA,12.19,11.8,NA
6.83089E+14,4887,2023,2020,1.54906E+15,1.54906E+15,59.55363,-154.0344,94,04887AA,PIGL,36.83,4.4,NA
6.83089E+14,4887,2023,2020,NA,1.54906E+15,59.55363,-154.0344,94,04887AB,PIGL,32.77,14.7,NA
6.83089E+14,4887,2023,2020,NA,1.54906E+15,59.55363,-154.0344,94,04887AC,PIGL,31.24,8.5,NA
6.83089E+14,4887,2023,2020,1.54906E+15,1.54906E+15,59.55363,-154.0344,94,04887AD,PIGL,28.19,13.5,NA
6.83089E+14,4887,2023,2020,1.54906E+15,1.54906E+15,59.55363,-154.0344,94,04887AE,PIGL,40.64,5.1,NA
6.8309E+14,5314,2023,2020,NA,1.54905E+15,61.58191,-154.6683,95,05314AA,PIMA,13.72,12.9,NA
6.83089E+14,5608,2023,2020,NA,1.54906E+15,61.19688,-156.0584,94,05608AA,PIGL,17.27,8.3,NA
6.83089E+14,5608,2023,2020,NA,1.54906E+15,61.19688,-156.0584,94,05608AB,PIGL,16.51,11.9,NA
6.83089E+14,5608,2023,2020,NA,1.54906E+15,61.19688,-156.0584,94,05608AC,PIGL,13.97,2.1,NA
6.83089E+14,5608,2023,2020,1.54906E+15,NA,61.19688,-156.0584,94,05608AD,PIGL,25.4,8.5,NA
6.83089E+14,5608,2023,2020,1.54906E+15,1.54906E+15,61.19688,-156.0584,94,05608AE,PIGL,17.78,1.7,NA
6.83089E+14,5608,2023,2020,1.54906E+15,1.54906E+15,61.19688,-156.0584,94,05608AF,PIGL,12.7,9.9,NA
6.8309E+14,5829,2023,2020,NA,1.54905E+15,61.32869,-157.4913,376,05829AA,BENE,16.76,9.3,NA
6.8309E+14,5829,2023,2020,1.54905E+15,1.54905E+15,61.32869,-157.4913,94,05829AB,PIGL,24.38,5.4,NA
6.8309E+14,5829,2023,2020,1.54905E+15,1.54905E+15,61.32869,-157.4913,94,05829AC,PIGL,32.51,4.1,NA
6.8309E+14,5829,2023,2020,1.54905E+15,1.54905E+15,61.32869,-157.4913,94,05829AD,PIGL,38.61,NA,wound near pith - offset inestimable
6.8309E+14,5829,2023,2020,1.54905E+15,1.54905E+15,61.32869,-157.4913,94,05829AE,PIGL,12.95,11.2,NA
6.83089E+14,5849,2023,2020,1.54907E+15,1.54907E+15,60.52221,-153.5548,94,05849AA,PIGL,22.35,4.9,NA
6.83089E+14,5849,2023,2020,1.54907E+15,1.54907E+15,60.52221,-153.5548,94,05849AB,PIGL,24.13,1.1,NA
6.83089E+14,5849,2023,2020,NA,1.54907E+15,60.52221,-153.5548,94,05849AC,PIGL,9.91,0.8,NA
6.83089E+14,5849,2023,2020,NA,1.54907E+15,60.52221,-153.5548,94,05849AD,PIGL,19.56,3.3,NA
6.83089E+14,5849,2023,2020,NA,1.54907E+15,60.52221,-153.5548,94,05849AE,PIGL,12.45,2.5,NA
6.83089E+14,5849,2023,2020,NA,1.54907E+15,60.52221,-153.5548,94,05849AF,PIGL,10.41,4,NA
6.83089E+14,5856,2023,2020,1.54905E+15,1.54905E+15,60.73035,-156.3453,94,05856AA,PIGL,14.99,0.8,NA
6.83089E+14,5856,2023,2020,1.54905E+15,1.54905E+15,60.73035,-156.3453,94,05856AB,PIGL,22.1,12.8,NA
6.83089E+14,5856,2023,2020,NA,1.54905E+15,60.73035,-156.3453,94,05856AC,PIGL,22.86,5.4,NA
6.83089E+14,5856,2023,2020,NA,1.54905E+15,60.73035,-156.3453,94,05856AD,PIGL,20.32,2.3,NA
6.83089E+14,5856,2023,2020,NA,1.54905E+15,60.73035,-156.3453,94,05856AE,PIGL,14.99,0.4,NA
6.83089E+14,5856,2023,2020,1.54905E+15,NA,60.73035,-156.3453,94,05856AF,PIGL,25.91,7.7,NA
6.83089E+14,6549,2023,2020,NA,1.54905E+15,61.17726,-157.0704,95,06549AA,PIMA,10.67,10.1,NA
6.83089E+14,6549,2023,2020,NA,1.54905E+15,61.17726,-157.0704,95,06549AB,PIMA,9.4,3.4,NA
6.83089E+14,6549,2023,2020,NA,1.54905E+15,61.17726,-157.0704,95,06549AC,PIMA,9.65,2.8,NA
6.83089E+14,6549,2023,2020,1.54905E+15,NA,61.17726,-157.0704,95,06549AD,PIMA,12.95,15.3,NA
6.83089E+14,6550,2023,2020,1.54906E+15,NA,60.17461,-155.6019,94,06550AA,PIGL,23.37,2.7,NA
6.83089E+14,6550,2023,2020,1.54906E+15,NA,60.17461,-155.6019,94,06550AB,PIGL,18.29,1.5,NA
6.83089E+14,7053,2023,2020,NA,1.54905E+15,60.96708,-156.808,376,07053AA,BENE,8.89,0.5,NA
6.83089E+14,7053,2023,2020,NA,1.54905E+15,60.96708,-156.808,376,07053AB,BENE,10.92,8.4,NA
6.83089E+14,7053,2023,2020,NA,1.54905E+15,60.96708,-156.808,376,07053AC,BENE,7.87,5.7,NA
6.83089E+14,7073,2023,2020,NA,1.54907E+15,60.83901,-154.8661,95,07073AA,PIMA,7.87,7,NA
6.83089E+14,7073,2023,2020,NA,1.54907E+15,60.83901,-154.8661,95,07073AB,PIMA,7.87,2.2,NA
6.83089E+14,7073,2023,2020,NA,1.54907E+15,60.83901,-154.8661,95,07073AC,PIMA,8.89,1.1,NA
6.83089E+14,9551,2023,2020,NA,1.54906E+15,60.49375,-154.3946,94,09551AA,PIGL,19.56,6.7,NA
6.83089E+14,9551,2023,2020,1.54906E+15,1.54906E+15,60.49375,-154.3946,94,09551AB,PIGL,21.84,20.1,NA
6.83089E+14,9551,2023,2020,1.54906E+15,1.54906E+15,60.49375,-154.3946,94,09551AC,PIGL,15.75,11.6,NA
6.8309E+14,9909,2023,2020,NA,1.54905E+15,59.90137,-154.9844,94,09909AA,PIGL,10.92,7.4,NA
6.8309E+14,9909,2023,2020,NA,1.54905E+15,59.90137,-154.9844,94,09909AB,PIGL,10.92,9.4,NA
6.8309E+14,9909,2023,2020,1.54905E+15,1.54905E+15,59.90137,-154.9844,94,09909AC,PIGL,15.75,1.6,NA
6.8309E+14,9909,2023,2020,NA,1.54905E+15,59.90137,-154.9844,94,09909AD,PIGL,11.18,4.3,NA
6.8309E+14,9909,2023,2020,NA,1.54905E+15,59.90137,-154.9844,94,09909AE,PIGL,13.97,1.6,NA
6.83089E+14,10416,2023,2020,NA,1.54907E+15,61.2332,-157.4416,95,10416AA,PIMA,8.64,4.6,NA
6.83089E+14,10416,2023,2020,NA,1.54907E+15,61.2332,-157.4416,95,10416AB,PIMA,9.4,7.7,NA
6.83089E+14,10416,2023,2020,NA,1.54907E+15,61.2332,-157.4416,95,10416AC,PIMA,9.14,1,NA
6.83089E+14,10594,2023,2020,1.54906E+15,NA,60.58461,-154.4313,94,10594AA,PIGL,16.51,7.3,NA
6.83089E+14,10594,2023,2020,1.54906E+15,NA,60.58461,-154.4313,94,10594AB,PIGL,18.03,4,NA
6.83089E+14,10594,2023,2020,1.54906E+15,NA,60.58461,-154.4313,95,10594AC,PIMA,24.13,8.3,NA
6.8309E+14,11437,2023,2020,1.54905E+15,NA,59.74093,-155.0829,94,11437AA,PIGL,18.29,23,NA
6.8309E+14,11629,2023,2020,1.54905E+15,1.54905E+15,61.21926,-156.7394,95,11629AA,PIMA,15.75,1.2,NA
6.8309E+14,11629,2023,2020,1.54905E+15,1.54905E+15,61.21926,-156.7394,95,11629AB,PIMA,19.05,4,NA
6.8309E+14,11629,2023,2020,NA,1.54905E+15,61.21926,-156.7394,95,11629AC,PIMA,15.75,5.4,NA
6.83089E+14,15080,2023,2020,NA,1.54906E+15,60.05346,-155.3823,94,15080AA,PIGL,15.49,1.1,NA
6.83089E+14,15080,2023,2020,NA,1.54906E+15,60.05346,-155.3823,94,15080AB,PIGL,22.1,8.8,NA
6.83089E+14,15080,2023,2020,NA,1.54906E+15,60.05346,-155.3823,94,15080AC,PIGL,14.48,6.3,NA
6.83089E+14,15154,2023,2020,1.54906E+15,1.54906E+15,60.914,-156.4383,94,15154AA,PIGL,36.07,27.8,NA
6.83089E+14,15154,2023,2020,NA,1.54906E+15,60.914,-156.4383,94,15154AB,PIGL,26.16,24.1,NA
6.83089E+14,15154,2023,2020,NA,1.54906E+15,60.914,-156.4383,94,15154AC,PIGL,28.7,8.3,NA
6.83089E+14,15898,2023,2020,NA,1.54907E+15,60.93835,-156.6226,95,15898AA,PIMA,10.41,10.2,NA
6.83089E+14,15898,2023,2020,NA,1.54907E+15,60.93835,-156.6226,95,15898AB,PIMA,8.64,4.4,NA
6.83089E+14,15898,2023,2020,NA,1.54907E+15,60.93835,-156.6226,95,15898AC,PIMA,5.33,5.3,NA
6.83089E+14,16153,2023,2020,1.54906E+15,1.54906E+15,60.8597,-157.2776,94,16153AB,PIGL,22.1,15.3,NA
6.83089E+14,16153,2023,2020,1.54906E+15,1.54906E+15,60.8597,-157.2776,94,16153AC,PIGL,23.88,NA,"core broken, pith offset inestimable"
6.83089E+14,16153,2023,2020,NA,1.54906E+15,60.8597,-157.2776,94,16153AD,PIGL,21.34,NA,"core broken, pith offset inestimable"
6.83089E+14,16153,2023,2020,1.54906E+15,NA,60.8597,-157.2776,94,16153AE,PIGL,17.53,9.7,NA
6.83089E+14,16153,2023,2020,1.54906E+15,NA,60.8597,-157.2776,94,16153AF,PIGL,33.27,1.8,NA
6.83089E+14,16153,2023,2020,1.54906E+15,NA,60.8597,-157.2776,94,16153AG,PIGL,31.5,NA,intrusion near pith - offset inestimable
6.8309E+14,16298,2023,2020,NA,1.54906E+15,62.26447,-157.4604,95,16298AA,PIMA,6.35,4.5,NA
6.8309E+14,16298,2023,2020,NA,1.54906E+15,62.26447,-157.4604,95,16298AB,PIMA,7.37,0.6,NA
6.8309E+14,16298,2023,2020,NA,1.54906E+15,62.26447,-157.4604,95,16298AC,PIMA,9.91,3.3,NA
6.83089E+14,16406,2023,2020,NA,1.54906E+15,62.19995,-157.5894,376,16406AA,BENE,12.19,5.3,NA
6.8309E+14,16503,2023,2020,NA,1.54905E+15,60.87423,-156.7532,95,16503AB,PIMA,8.13,1.2,NA
6.8309E+14,16503,2023,2020,NA,1.54905E+15,60.87423,-156.7532,95,16503AC,PIMA,9.65,6.1,NA
6.8309E+14,16503,2023,2020,NA,1.54905E+15,60.87423,-156.7532,94,16503AD,PIGL,13.72,8.1,NA
6.8309E+14,16503,2023,2020,1.54905E+15,1.54905E+15,60.87423,-156.7532,94,16503AE,PIGL,17.27,3.8,NA
6.8309E+14,16503,2023,2020,NA,1.54905E+15,60.87423,-156.7532,94,16503AF,PIGL,15.75,4.9,"bark missing, end year likely 2021"
6.83089E+14,17088,2023,2020,NA,1.54906E+15,60.15647,-154.4306,95,17088AA,PIMA,9.65,1.7,NA
6.83089E+14,17088,2023,2020,NA,1.54906E+15,60.15647,-154.4306,95,17088AB,PIMA,10.16,3.3,NA
6.83089E+14,17088,2023,2020,NA,1.54906E+15,60.15647,-154.4306,95,17088AC,PIMA,11.18,4.3,NA
6.83089E+14,17090,2023,2020,1.54906E+15,1.54906E+15,61.46729,-157.9178,94,17090AA,PIGL,20.83,4,NA
6.83089E+14,17090,2023,2020,NA,1.54906E+15,61.46729,-157.9178,94,17090AB,PIGL,19.3,17.8,NA
6.83089E+14,17090,2023,2020,NA,1.54906E+15,61.46729,-157.9178,94,17090AC,PIGL,18.8,10.7,NA
6.83089E+14,17231,2023,2020,NA,1.54906E+15,61.5997,-155.8874,71,17231AA,LALA,9.91,2.7,NA
6.83089E+14,18888,2023,2020,1.54905E+15,1.54905E+15,61.54445,-155.512,94,18888AA,PIGL,17.02,4.2,NA
6.83089E+14,18888,2023,2020,1.54905E+15,1.54905E+15,61.54445,-155.512,94,18888AB,PIGL,18.03,11.4,NA
6.83089E+14,18888,2023,2020,NA,1.54905E+15,61.54445,-155.512,94,18888AC,PIGL,18.8,14.7,NA
6.83089E+14,19010,2023,2020,NA,1.54907E+15,60.5835,-158.3274,94,19010AA,PIGL,34.8,21.1,NA
6.83089E+14,19010,2023,2020,1.54907E+15,1.54907E+15,60.5835,-158.3274,94,19010AB,PIGL,35.31,4.8,NA
6.83089E+14,19010,2023,2020,1.54907E+15,1.54907E+15,60.5835,-158.3274,94,19010AC,PIGL,32.77,33.9,NA
6.8309E+14,19280,2023,2020,NA,1.54904E+15,61.53859,-156.0352,95,19280AA,PIMA,5.33,2.1,NA
6.8309E+14,19280,2023,2020,NA,1.54904E+15,61.53859,-156.0352,95,19280AB,PIMA,5.33,0.5,NA
6.83089E+14,19341,2023,2020,1.54906E+15,NA,61.08551,-154.7972,95,19341AA,PIMA,7.11,NA,core in several pieces - unmeasurable
6.83089E+14,19341,2023,2020,1.54906E+15,1.54906E+15,61.08551,-154.7972,95,19341AB,PIMA,10.16,0.6,NA
6.83089E+14,19341,2023,2020,1.54906E+15,1.54906E+15,61.08551,-154.7972,95,19341AB,PIMA,10.16,0.6,NA
6.83089E+14,19341,2023,2020,NA,1.54906E+15,61.08551,-154.7972,95,19341AD,PIMA,9.91,6.3,NA
6.83089E+14,19341,2023,2020,NA,1.54906E+15,61.08551,-154.7972,95,19341AD,PIMA,9.91,6.3,NA
6.83089E+14,19807,2023,2020,NA,1.54907E+15,60.92495,-157.129,95,19807AA,PIMA,11.43,7,NA
6.83089E+14,19807,2023,2020,NA,1.54907E+15,60.92495,-157.129,95,19807AB,PIMA,10.67,2.3,NA
6.83089E+14,19807,2023,2020,NA,1.54907E+15,60.92495,-157.129,95,19807AC,PIMA,11.68,8.7,NA
6.8309E+14,19827,2023,2020,NA,1.54905E+15,61.33664,-156.9881,95,19827AA,PIMA,8.38,2.6,NA
6.8309E+14,19827,2023,2020,NA,1.54905E+15,61.33664,-156.9881,95,19827AB,PIMA,8.13,7.1,"core broken at end, end year likely 2019"
6.8309E+14,19827,2023,2020,NA,1.54905E+15,61.33664,-156.9881,95,19827AC,PIMA,12.19,NA,core broken - pith offset inestimable
6.83089E+14,20100,2023,2020,NA,1.54906E+15,60.80457,-154.6837,94,20100AA,PIGL,14.48,9.2,NA
6.83089E+14,20100,2023,2020,NA,1.54906E+15,60.80457,-154.6837,94,20100AB,PIGL,19.05,NA,core broken - pith offset inestimable
6.83089E+14,20100,2023,2020,NA,1.54906E+15,60.80457,-154.6837,94,20100AC,PIGL,18.03,7.1,NA
6.83089E+14,20100,2023,2020,1.54906E+15,1.54906E+15,60.80457,-154.6837,94,20100AD,PIGL,13.46,7.4,NA
6.8309E+14,20249,2023,2020,1.54904E+15,1.54904E+15,61.42216,-153.7271,94,20249AA,PIGL,15.24,0.7,NA
6.8309E+14,20249,2023,2020,1.54904E+15,1.54904E+15,61.42216,-153.7271,94,20249AB,PIGL,18.54,1.4,NA
6.8309E+14,20249,2023,2020,NA,1.54904E+15,61.42216,-153.7271,94,20249AC,PIGL,19.81,3.3,NA
6.83089E+14,20552,2023,2020,NA,1.54906E+15,61.20517,-157.2581,95,20552AB,PIMA,8.38,6.3,NA
6.83089E+14,20552,2023,2020,NA,1.54906E+15,61.20517,-157.2581,71,20552AC,LALA,8.64,2.3,NA
6.83089E+14,20552,2023,2020,1.54906E+15,1.54906E+15,61.20517,-157.2581,95,20552AD,PIMA,21.08,23,NA
6.83089E+14,20552,2023,2020,1.54906E+15,1.54906E+15,61.20517,-157.2581,95,20552AE,PIMA,17.53,15.1,NA
6.83089E+14,20663,2023,2020,NA,1.54907E+15,61.12049,-154.4742,95,20663AA,PIMA,9.4,0.7,NA
6.83089E+14,20663,2023,2020,NA,1.54907E+15,61.12049,-154.4742,95,20663AB,PIMA,7.62,1.3,NA
6.83089E+14,20663,2023,2020,NA,1.54907E+15,61.12049,-154.4742,95,20663AC,PIMA,6.35,0.6,NA
6.8309E+14,21183,2023,2020,NA,1.54907E+15,60.1087,-155.7309,94,21183AA,PIGL,7.87,1.8,NA
6.8309E+14,21183,2023,2020,NA,1.54907E+15,60.1087,-155.7309,94,21183AB,PIGL,9.4,0.5,NA
6.8309E+14,21183,2023,2020,NA,1.54907E+15,60.1087,-155.7309,94,21183AC,PIGL,8.13,1.7,NA
6.8309E+14,21621,2023,2020,1.54907E+15,1.54907E+15,60.01512,-155.7039,94,21621AA,PIGL,21.59,6.3,NA
6.8309E+14,21621,2023,2020,1.54907E+15,1.54907E+15,60.01512,-155.7039,94,21621AB,PIGL,32,7.2,NA
6.8309E+14,21621,2023,2020,NA,1.54907E+15,60.01512,-155.7039,94,21621AD,PIGL,30.48,7.3,NA
6.8309E+14,21621,2023,2020,NA,1.54907E+15,60.01512,-155.7039,94,21621AE,PIGL,10.67,2.3,NA
6.8309E+14,21621,2023,2020,NA,1.54907E+15,60.01512,-155.7039,94,21621AF,PIGL,16.76,7.9,NA
6.8309E+14,21621,2023,2020,NA,1.54907E+15,60.01512,-155.7039,94,21621AG,PIGL,12.7,18.8,NA
6.83089E+14,21924,2023,2020,1.54906E+15,1.54906E+15,60.64457,-154.798,94,21924AA,PIGL,12.95,2.7,NA
6.83089E+14,21924,2023,2020,1.54906E+15,1.54906E+15,60.64457,-154.798,94,21924AB,PIGL,20.57,15.5,NA
6.83089E+14,21924,2023,2020,NA,1.54906E+15,60.64457,-154.798,94,21924AC,PIGL,14.22,12.9,NA
6.83089E+14,22765,2023,2020,NA,1.54907E+15,60.89852,-154.7226,94,22765AA,PIGL,22.1,5.9,NA
6.83089E+14,22765,2023,2020,NA,1.54907E+15,60.89852,-154.7226,94,22765AB,PIGL,17.78,7.6,NA
6.83089E+14,22765,2023,2020,NA,1.54907E+15,60.89852,-154.7226,94,22765AC,PIGL,12.7,0.5,NA
6.83089E+14,23142,2023,2020,1.54906E+15,1.54906E+15,61.55405,-154.4784,94,23142AA,PIGL,13.21,2.4,NA
6.83089E+14,23142,2023,2020,NA,1.54906E+15,61.55405,-154.4784,94,23142AB,PIGL,11.68,0.3,NA
6.83089E+14,23142,2023,2020,NA,1.54906E+15,61.55405,-154.4784,94,23142AC,PIGL,11.18,1.1,NA
6.83089E+14,23142,2023,2020,NA,1.54906E+15,61.55405,-154.4784,94,23142AD,PIGL,11.18,5.9,NA
6.83089E+14,23935,2023,2020,NA,1.54907E+15,61.12479,-156.7111,94,23935AA,PIGL,12.95,2.3,NA
6.83089E+14,23935,2023,2020,NA,1.54907E+15,61.12479,-156.7111,94,23935AB,PIGL,12.45,2.7,NA
6.83089E+14,23935,2023,2020,NA,1.54907E+15,61.12479,-156.7111,94,23935AC,PIGL,10.16,2.7,NA
6.83089E+14,23935,2023,2020,NA,1.54907E+15,61.12479,-156.7111,94,23935AD,PIGL,9.91,2.7,NA
6.83089E+14,23935,2023,2020,1.54907E+15,NA,61.12479,-156.7111,94,23935AE,PIGL,16.51,7.8,NA
6.83089E+14,24133,2023,2020,NA,1.54906E+15,60.95424,-155.5941,95,24133AA,PIMA,7.37,6.3,NA
6.83089E+14,24133,2023,2020,NA,1.54906E+15,60.95424,-155.5941,95,24133AB,PIMA,6.86,3.9,NA
6.83089E+14,24133,2023,2020,NA,1.54906E+15,60.95424,-155.5941,95,24133AC,PIMA,7.37,5.8,NA
6.83089E+14,24961,2023,2020,NA,1.54906E+15,61.57073,-155.7071,95,24961AA,PIMA,16.76,6.1,NA
6.83089E+14,24961,2023,2020,NA,1.54906E+15,61.57073,-155.7071,95,24961AB,PIMA,15.75,17.5,NA
6.83089E+14,24961,2023,2020,NA,1.54906E+15,61.57073,-155.7071,95,24961AC,PIMA,12.19,2.2,NA
6.83089E+14,25101,2023,2020,NA,1.54907E+15,60.79308,-156.2083,95,25101AA,PIMA,8.38,1.3,NA
6.83089E+14,25101,2023,2020,NA,1.54907E+15,60.79308,-156.2083,95,25101AB,PIMA,7.62,14.4,NA
6.83089E+14,25101,2023,2020,NA,1.54907E+15,60.79308,-156.2083,95,25101AC,PIMA,8.89,1.5,NA
6.83089E+14,25556,2023,2020,1.54906E+15,1.54906E+15,60.77426,-155.0168,95,25556AA,PIMA,13.21,3.9,NA
6.83089E+14,25556,2023,2020,NA,1.54906E+15,60.77426,-155.0168,95,25556AB,PIMA,10.16,13.7,NA
6.83089E+14,25556,2023,2020,NA,1.54906E+15,60.77426,-155.0168,95,25556AC,PIMA,8.64,0.6,NA
6.83089E+14,25556,2023,2020,NA,1.54906E+15,60.77426,-155.0168,95,25556AD,PIMA,11.94,2.6,NA
6.83089E+14,25763,2023,2020,NA,1.54905E+15,61.38811,-155.622,95,25763AA,PIMA,8.89,1.3,NA
6.83089E+14,25763,2023,2020,NA,1.54905E+15,61.38811,-155.622,95,25763AB,PIMA,9.14,2.8,NA
6.83089E+14,25763,2023,2020,NA,1.54905E+15,61.38811,-155.622,95,25763AC,PIMA,8.64,1.8,NA
6.83089E+14,26182,2023,2020,NA,1.54906E+15,60.37394,-154.1809,95,26182AA,PIMA,16.76,1.2,NA
6.83089E+14,26182,2023,2020,NA,1.54906E+15,60.37394,-154.1809,95,26182AB,PIMA,17.78,2.6,NA
6.83089E+14,26182,2023,2020,NA,1.54906E+15,60.37394,-154.1809,376,26182AC,BENE,15.24,13.8,NA
6.83089E+14,26182,2023,2020,NA,1.54906E+15,60.37394,-154.1809,95,26182AD,PIMA,15.24,2.3,NA
6.83089E+14,26182,2023,2020,1.54906E+15,1.54906E+15,60.37394,-154.1809,94,26182AE,PIGL,19.56,1.4,NA
6.83089E+14,26182,2023,2020,1.54906E+15,1.54906E+15,60.37394,-154.1809,95,26182AF,PIMA,15.24,17.3,NA
6.83089E+14,26384,2023,2020,NA,1.54907E+15,60.17738,-154.105,95,26384AA,PIMA,8.89,1.5,NA
6.83089E+14,26384,2023,2020,NA,1.54907E+15,60.17738,-154.105,95,26384AB,PIMA,10.41,8.1,NA
6.83089E+14,26384,2023,2020,NA,1.54907E+15,60.17738,-154.105,95,26384AD,PIMA,9.91,2.3,NA
6.83089E+14,26513,2023,2020,NA,1.54906E+15,61.14532,-154.6473,95,26513AA,PIMA,10.16,4.1,NA
6.83089E+14,26513,2023,2020,NA,1.54906E+15,61.14532,-154.6473,95,26513AB,PIMA,8.38,1.6,NA
6.83089E+14,26513,2023,2020,NA,1.54906E+15,61.14532,-154.6473,95,26513AC,PIMA,6.35,0.6,NA
6.83089E+14,26513,2023,2020,NA,1.54906E+15,61.14532,-154.6473,95,26513AD,PIMA,9.4,0.7,NA
6.83089E+14,26578,2023,2020,1.54906E+15,1.54906E+15,60.96169,-154.5802,94,26578AA,PIGL,41.15,6.1,NA
6.83089E+14,26578,2023,2020,1.54906E+15,1.54906E+15,60.96169,-154.5802,94,26578AB,PIGL,33.27,11.5,NA
6.83089E+14,26578,2023,2020,1.54906E+15,NA,60.96169,-154.5802,94,26578AD,PIGL,21.08,0.8,NA
6.83089E+14,27672,2023,2020,NA,1.54906E+15,60.92115,-157.6454,95,27672AA,PIMA,11.43,4.3,NA
6.83089E+14,27672,2023,2020,NA,1.54906E+15,60.92115,-157.6454,95,27672AB,PIMA,9.91,0.4,NA
6.83089E+14,27672,2023,2020,NA,1.54906E+15,60.92115,-157.6454,95,27672AC,PIMA,11.18,11.4,NA
6.83089E+14,28359,2023,2020,NA,1.54906E+15,60.61781,-155.1159,95,28359AB,PIMA,10.16,0.8,NA
6.83089E+14,28359,2023,2020,NA,1.54906E+15,60.61781,-155.1159,95,28359AC,PIMA,8.89,1.8,NA
6.83089E+14,28359,2023,2020,1.54906E+15,NA,60.61781,-155.1159,95,28359AD,PIMA,18.03,11,NA
6.83089E+14,28359,2023,2020,1.54906E+15,NA,60.61781,-155.1159,95,28359AE,PIMA,12.95,22.3,NA
6.8309E+14,29281,2023,2020,NA,1.54907E+15,62.13626,-157.7236,94,29281AA,PIGL,13.97,0.9,NA
6.8309E+14,29281,2023,2020,NA,1.54907E+15,62.13626,-157.7236,94,29281AB,PIGL,13.72,3.4,NA
6.8309E+14,29281,2023,2020,NA,1.54907E+15,62.13626,-157.7236,94,29281AC,PIGL,13.46,7.8,NA
6.8309E+14,29281,2023,2020,1.54908E+15,NA,62.13626,-157.7236,94,29281AD,PIGL,16.76,12.4,broken segments/missing rings by bark - end year x-dates to 1984
6.8309E+14,29569,2023,2020,NA,1.54905E+15,60.93988,-154.9237,95,29569AA,PIMA,8.89,5.7,NA
6.8309E+14,29569,2023,2020,NA,1.54905E+15,60.93988,-154.9237,95,29569AC,PIMA,8.89,2.7,NA
6.8309E+14,30022,2023,2020,NA,1.54907E+15,60.89992,-155.2268,95,30022AA,PIMA,7.62,3.5,NA
6.8309E+14,30022,2023,2020,NA,1.54907E+15,60.89992,-155.2268,95,30022AB,PIMA,9.14,1.5,NA
6.8309E+14,30022,2023,2020,NA,1.54907E+15,60.89992,-155.2268,95,30022AC,PIMA,9.4,2.7,NA
6.83089E+14,30891,2023,2020,NA,1.54905E+15,60.82415,-155.8713,95,30891AA,PIMA,11.18,0.9,NA
6.83089E+14,30891,2023,2020,NA,1.54905E+15,60.82415,-155.8713,95,30891AB,PIMA,9.91,1.5,NA
6.83089E+14,31252,2023,2020,NA,1.54907E+15,61.51653,-154.8018,376,31252AA,BENE,15.49,2.8,NA
6.83089E+14,31252,2023,2020,1.54907E+15,1.54907E+15,61.51653,-154.8018,94,31252AB,PIGL,24.64,0.9,NA
6.83089E+14,31252,2023,2020,NA,1.54907E+15,61.51653,-154.8018,94,31252AC,PIGL,21.84,1.9,NA
6.83089E+14,31253,2023,2020,1.54907E+15,1.54907E+15,60.58325,-155.4492,94,31253AA,PIGL,18.54,2,NA
6.83089E+14,31253,2023,2020,NA,1.54907E+15,60.58325,-155.4492,94,31253AB,PIGL,19.3,8.7,NA
6.83089E+14,31253,2023,2020,NA,1.54907E+15,60.58325,-155.4492,94,31253AC,PIGL,21.59,10.5,NA
6.83089E+14,31827,2023,2020,NA,1.54907E+15,59.81031,-154.9481,94,31827AA,PIGL,18.54,10.9,NA
6.83089E+14,31827,2023,2020,NA,1.54907E+15,59.81031,-154.9481,94,31827AB,PIGL,17.27,9.4,NA
6.83089E+14,31827,2023,2020,NA,1.54907E+15,59.81031,-154.9481,94,31827AC,PIGL,20.07,5.8,NA
6.83089E+14,32360,2023,2020,NA,1.54906E+15,60.02394,-154.2194,95,32360AA,PIMA,13.21,3.6,NA
6.83089E+14,32360,2023,2020,NA,1.54906E+15,60.02394,-154.2194,95,32360AC,PIMA,9.65,0.9,NA
6.83089E+14,32437,2023,2020,NA,1.54905E+15,61.52008,-158.294,94,32437AA,PIGL,22.35,23.5,NA
6.83089E+14,32437,2023,2020,NA,1.54905E+15,61.52008,-158.294,94,32437AB,PIGL,17.02,25.7,NA
6.83089E+14,32437,2023,2020,NA,1.54905E+15,61.52008,-158.294,94,32437AC,PIGL,22.35,21.5,NA
6.83089E+14,32437,2023,2020,NA,1.54905E+15,61.52008,-158.294,376,32437AD,BENE,23.37,6.4,NA
6.83089E+14,32699,2023,2020,NA,1.54907E+15,60.67812,-154.9859,95,32699AA,PIMA,8.89,0.6,NA
6.83089E+14,32699,2023,2020,NA,1.54907E+15,60.67812,-154.9859,95,32699AB,PIMA,7.11,2.2,NA
6.83089E+14,32699,2023,2020,NA,1.54907E+15,60.67812,-154.9859,95,32699AC,PIMA,11.18,1.2,NA
6.83089E+14,33050,2023,2020,NA,1.54907E+15,61.0851,-157.0406,95,33050AA,PIMA,11.68,2.1,NA
6.83089E+14,33050,2023,2020,NA,1.54907E+15,61.0851,-157.0406,95,33050AB,PIMA,7.62,0.9,NA
6.83089E+14,33050,2023,2020,NA,1.54907E+15,61.0851,-157.0406,95,33050AC,PIMA,5.84,2.4,NA
6.83089E+14,33050,2023,2020,NA,1.54907E+15,61.0851,-157.0406,95,33050AD,PIMA,9.65,0.9,NA
6.83089E+14,33129,2023,2020,NA,1.54905E+15,61.39802,-154.585,94,33129AA,PIGL,19.3,13.1,NA
6.83089E+14,33129,2023,2020,NA,1.54905E+15,61.39802,-154.585,95,33129AB,PIMA,10.67,3.2,NA
6.83089E+14,33129,2023,2020,NA,1.54905E+15,61.39802,-154.585,95,33129AC,PIMA,8.89,0.7,NA
6.83089E+14,33129,2023,2020,NA,1.54905E+15,61.39802,-154.585,95,33129AD,PIMA,11.68,8.2,NA
6.83089E+14,33129,2023,2020,NA,1.54905E+15,61.39802,-154.585,94,33129AE,PIGL,14.22,2.4,NA
6.83089E+14,33129,2023,2020,NA,1.54905E+15,61.39802,-154.585,94,33129AF,PIGL,21.59,2.2,NA
6.83089E+14,33533,2023,2020,1.54906E+15,1.54906E+15,60.49134,-157.0973,94,33533AA,PIGL,36.32,1.1,NA
6.83089E+14,33533,2023,2020,1.54906E+15,NA,60.49134,-157.0973,94,33533AB,PIGL,46.23,NA,pith not reached - offset inestimable
6.83089E+14,33533,2023,2020,NA,1.54906E+15,60.49134,-157.0973,94,33533AC,PIGL,25.91,3.5,NA
6.83089E+14,33533,2023,2020,1.54906E+15,1.54906E+15,60.49134,-157.0973,94,33533AD,PIGL,13.72,1.7,NA
6.83089E+14,33533,2023,2020,1.54906E+15,1.54906E+15,60.49134,-157.0973,94,33533AE,PIGL,19.3,17.1,NA
6.83089E+14,33533,2023,2020,NA,1.54906E+15,60.49134,-157.0973,94,33533AF,PIGL,18.03,4.1,NA
6.83089E+14,33548,2023,2020,1.54905E+15,1.54905E+15,61.05405,-155.1333,94,33548AA,PIGL,35.81,12.6,NA
6.83089E+14,33548,2023,2020,NA,1.54905E+15,61.05405,-155.1333,94,33548AB,PIGL,34.29,NA,core broken - offset inestimable
6.83089E+14,33548,2023,2020,NA,1.54905E+15,61.05405,-155.1333,94,33548AC,PIGL,24.89,12.8,NA
6.83089E+14,34035,2023,2020,NA,1.54905E+15,61.03402,-157.8753,94,34035AA,PIGL,40.39,34.2,NA
6.83089E+14,34035,2023,2020,NA,1.54905E+15,61.03402,-157.8753,94,34035AB,PIGL,40.13,14,NA
6.83089E+14,34035,2023,2020,NA,1.54905E+15,61.03402,-157.8753,94,34035AC,PIGL,49.78,18.6,NA
6.83089E+14,34035,2023,2020,NA,1.54905E+15,61.03402,-157.8753,95,34035AD,PIMA,11.68,7.7,NA
6.83089E+14,34035,2023,2020,NA,1.54905E+15,61.03402,-157.8753,95,34035AE,PIMA,9.65,0.4,NA
6.83089E+14,34035,2023,2020,NA,1.54905E+15,61.03402,-157.8753,95,34035AF,PIMA,14.22,9.3,NA
6.83089E+14,34035,2023,2020,NA,1.54905E+15,61.03402,-157.8753,95,34035AG,PIMA,11.18,5.9,NA
6.83089E+14,34035,2023,2020,1.54905E+15,1.54905E+15,61.03402,-157.8753,94,34035AH,PIGL,34.04,11.9,NA
6.83089E+14,34035,2023,2020,1.54905E+15,1.54905E+15,61.03402,-157.8753,94,34035AK,PIGL,28.45,19.6,NA
6.83089E+14,34035,2023,2020,1.54905E+15,1.54905E+15,61.03402,-157.8753,94,34035AL,PIGL,26.42,4.6,NA
6.8309E+14,34706,2023,2020,NA,1.54905E+15,60.9861,-155.281,94,34706AA,PIGL,10.16,3.2,NA
6.8309E+14,34706,2023,2020,NA,1.54905E+15,60.9861,-155.281,94,34706AB,PIGL,12.45,1.9,NA
6.8309E+14,34706,2023,2020,1.54905E+15,NA,60.9861,-155.281,94,34706AC,PIGL,20.07,5.5,NA
6.83089E+14,35656,2023,2020,1.54906E+15,1.54906E+15,61.49344,-158.1178,94,35656AA,PIGL,14.22,13.5,NA
6.83089E+14,35656,2023,2020,NA,1.54906E+15,61.49344,-158.1178,94,35656AB,PIGL,30.99,16.1,NA
6.83089E+14,35656,2023,2020,NA,1.54906E+15,61.49344,-158.1178,94,35656AC,PIGL,18.8,2.2,NA
6.8309E+14,36151,2023,2020,NA,1.54905E+15,61.42722,-154.7841,94,36151AA,PIGL,20.83,3.5,NA
6.8309E+14,36151,2023,2020,1.54905E+15,1.54905E+15,61.42722,-154.7841,94,36151AB,PIGL,17.27,1.9,NA
6.8309E+14,36151,2023,2020,1.54905E+15,1.54905E+15,61.42722,-154.7841,94,36151AC,PIGL,18.54,4.7,NA
6.8309E+14,36151,2023,2020,1.54905E+15,1.54905E+15,61.42722,-154.7841,94,36151AD,PIGL,28.19,28.8,NA
6.8309E+14,36186,2023,2020,NA,1.54905E+15,60.4879,-155.3983,94,36186AA,PIGL,7.37,3.4,NA
6.83089E+14,36435,2023,2020,1.54905E+15,NA,60.63862,-156.3056,94,36435AA,PIGL,13.46,11.6,NA
6.83089E+14,36435,2023,2020,1.54905E+15,NA,60.63862,-156.3056,94,36435AB,PIGL,21.59,12,NA
6.83089E+14,36450,2023,2020,NA,1.54907E+15,61.21304,-153.4758,94,36450AA,PIGL,12.45,NA,core broken - offset inestimable
6.83089E+14,36450,2023,2020,NA,1.54907E+15,61.21304,-153.4758,94,36450AB,PIGL,12.45,0.4,NA
6.83089E+14,36450,2023,2020,NA,1.54907E+15,61.21304,-153.4758,94,36450AC,PIGL,10.41,2.1,NA
6.83089E+14,36930,2023,2020,1.54906E+15,1.54906E+15,61.05463,-156.8411,94,36930AA,PIGL,20.32,1.1,NA
6.83089E+14,36930,2023,2020,1.54906E+15,1.54906E+15,61.05463,-156.8411,94,36930AB,PIGL,16.51,7.6,NA
6.83089E+14,36930,2023,2020,NA,1.54906E+15,61.05463,-156.8411,94,36930AC,PIGL,17.27,2.3,NA
6.8309E+14,37306,2023,2020,NA,1.54905E+15,61.12225,-153.9561,95,37306AA,PIMA,9.14,2.4,NA
6.8309E+14,37306,2023,2020,NA,1.54905E+15,61.12225,-153.9561,95,37306AB,PIMA,8.13,5.5,NA
6.8309E+14,37306,2023,2020,NA,1.54905E+15,61.12225,-153.9561,95,37306AC,PIMA,8.64,0.9,NA
6.83089E+14,37800,2023,2020,NA,1.54905E+15,62.1477,-157.2095,95,37800AA,PIMA,6.1,5.7,NA
6.83089E+14,37800,2023,2020,NA,1.54905E+15,62.1477,-157.2095,95,37800AB,PIMA,6.6,0.5,NA
6.83089E+14,37800,2023,2020,NA,1.54905E+15,62.1477,-157.2095,95,37800AC,PIMA,5.08,0.4,NA
6.83089E+14,38334,2023,2020,NA,1.54906E+15,61.22931,-156.2328,95,38334AB,PIMA,6.6,1.6,NA
6.8309E+14,38461,2023,2020,1.54905E+15,1.54905E+15,60.73798,-154.8314,94,38461AA,PIGL,24.89,13.1,NA
6.8309E+14,38461,2023,2020,1.54905E+15,1.54905E+15,60.73798,-154.8314,94,38461AB,PIGL,16.26,1.7,NA
6.8309E+14,38461,2023,2020,1.54905E+15,1.54905E+15,60.73798,-154.8314,94,38461AC,PIGL,21.84,8.7,NA
6.8309E+14,38461,2023,2020,NA,1.54905E+15,60.73798,-154.8314,94,38461AE,PIGL,21.59,17.5,NA
6.8309E+14,38461,2023,2020,NA,1.54905E+15,60.73798,-154.8314,94,38461AF,PIGL,17.27,1.2,NA
6.8309E+14,38461,2023,2020,NA,1.54905E+15,60.73798,-154.8314,94,38461AG,PIGL,21.08,4.1,NA
6.83089E+14,38973,2023,2020,NA,1.54907E+15,59.97824,-156.0119,94,38973AB,PIGL,15.49,4,NA
6.83089E+14,38973,2023,2020,NA,1.54907E+15,59.97824,-156.0119,94,38973AC,PIGL,17.78,14.2,NA
6.83089E+14,38973,2023,2020,1.54907E+15,1.54907E+15,59.97824,-156.0119,94,38973AD,PIGL,16.76,14.3,NA
6.83089E+14,38973,2023,2020,1.54907E+15,1.54907E+15,59.97824,-156.0119,94,38973AE,PIGL,22.35,4.3,NA
6.83089E+14,38973,2023,2020,NA,1.54907E+15,59.97824,-156.0119,94,38973AF,PIGL,18.03,3,NA
6.83089E+14,39063,2023,2020,NA,1.54905E+15,61.09362,-157.7367,95,39063AA,PIMA,4.83,0.4,NA
6.83089E+14,39063,2023,2020,NA,1.54905E+15,61.09362,-157.7367,95,39063AB,PIMA,3.81,0.8,NA
6.83089E+14,39063,2023,2020,NA,1.54905E+15,61.09362,-157.7367,95,39063AC,PIMA,7.62,3.9,NA
6.83089E+14,39063,2023,2020,1.54905E+15,NA,61.09362,-157.7367,95,39063AD,PIMA,15.49,9.1,NA
6.83089E+14,39628,2023,2020,NA,1.54905E+15,61.24724,-155.185,95,39628AA,PIMA,7.62,0.5,NA
6.83089E+14,39628,2023,2020,NA,1.54905E+15,61.24724,-155.185,95,39628AB,PIMA,7.37,7.6,NA
6.83089E+14,39628,2023,2020,NA,1.54905E+15,61.24724,-155.185,95,39628AC,PIMA,7.62,4.3,NA
6.83089E+14,39754,2023,2020,NA,1.54906E+15,61.23679,-154.6999,95,39754AA,PIMA,9.4,8.3,NA
6.83089E+14,39754,2023,2020,NA,1.54906E+15,61.23679,-154.6999,95,39754AB,PIMA,7.37,1.9,NA
6.83089E+14,39754,2023,2020,NA,1.54906E+15,61.23679,-154.6999,95,39754AC,PIMA,8.13,7.1,NA
6.83089E+14,40681,2023,2020,NA,1.54905E+15,61.0089,-157.6799,95,40681AA,PIMA,10.92,5.5,NA
6.83089E+14,40681,2023,2020,NA,1.54905E+15,61.0089,-157.6799,95,40681AB,PIMA,10.92,2.8,NA
6.83089E+14,40681,2023,2020,NA,1.54905E+15,61.0089,-157.6799,95,40681AC,PIMA,10.16,7.2,NA
6.83089E+14,41341,2023,2020,NA,1.54907E+15,61.39112,-157.3571,94,41341AA,PIGL,22.86,7.7,NA
6.83089E+14,41341,2023,2020,NA,1.54907E+15,61.39112,-157.3571,94,41341AB,PIGL,20.07,5,NA
6.83089E+14,41341,2023,2020,NA,1.54907E+15,61.39112,-157.3571,94,41341AC,PIGL,19.81,6.3,NA
6.83089E+14,41341,2023,2020,1.54907E+15,1.54907E+15,61.39112,-157.3571,95,41341AD,PIMA,17.02,5.1,NA
6.83089E+14,41341,2023,2020,1.54907E+15,1.54907E+15,61.39112,-157.3571,94,41341AE,PIGL,14.99,0.8,NA
6.83089E+14,41341,2023,2020,1.54907E+15,1.54907E+15,61.39112,-157.3571,95,41341AF,PIMA,18.8,1.4,NA
6.83089E+14,41341,2023,2020,1.54907E+15,1.54907E+15,61.39112,-157.3571,94,41341AG,PIGL,20.83,4.6,NA
6.83089E+14,41939,2023,2020,1.54906E+15,1.54906E+15,60.62195,-158.0019,94,41939AA,PIGL,23.11,1.3,NA
6.83089E+14,41939,2023,2020,NA,1.54906E+15,60.62195,-158.0019,94,41939AB,PIGL,26.92,4.1,NA
6.83089E+14,41939,2023,2020,1.54906E+15,1.54906E+15,60.62195,-158.0019,94,41939AC,PIGL,37.34,0.7,NA
6.83089E+14,41939,2023,2020,NA,1.54906E+15,60.62195,-158.0019,94,41939AD,PIGL,26.16,16.6,NA
6.83089E+14,41939,2023,2020,1.54906E+15,NA,60.62195,-158.0019,94,41939AE,PIGL,15.49,5.7,NA
6.83089E+14,42353,2023,2020,NA,1.54905E+15,61.51894,-155.3214,95,42353AA,PIMA,8.64,1.3,NA
6.83089E+14,42353,2023,2020,NA,1.54905E+15,61.51894,-155.3214,95,42353AB,PIMA,7.87,0.5,NA
6.83089E+14,42353,2023,2020,NA,1.54905E+15,61.51894,-155.3214,95,42353AC,PIMA,8.89,0.7,NA
6.83089E+14,43457,2023,2020,NA,1.54907E+15,59.39848,-155.1156,94,43457AA,PIGL,30.48,59.6,NA
6.83089E+14,43527,2023,2020,NA,1.54907E+15,60.42756,-157.2295,94,43527AA,PIGL,17.53,1.8,NA
6.83089E+14,43527,2023,2020,NA,1.54907E+15,60.42756,-157.2295,94,43527AB,PIGL,15.49,8.7,NA
6.83089E+14,43527,2023,2020,NA,1.54907E+15,60.42756,-157.2295,94,43527AC,PIGL,18.03,1.5,NA
6.83089E+14,43673,2023,2020,NA,1.54906E+15,61.19344,-156.5611,95,43673AB,PIMA,11.68,1.6,unmeasureable near bark - inner rings measured with end year x-dated to 2011
6.83089E+14,44174,2023,2020,NA,1.54907E+15,61.1179,-154.984,95,44174AA,PIMA,11.43,2.7,NA
6.83089E+14,45234,2023,2020,1.54907E+15,1.54907E+15,61.30259,-155.0601,95,45234AB,PIMA,13.72,6.4,NA
6.83089E+14,45234,2023,2020,NA,1.54907E+15,61.30259,-155.0601,95,45234AC,PIMA,9.91,1.5,NA
6.83089E+14,45234,2023,2020,NA,1.54907E+15,61.30259,-155.0601,95,45234AD,PIMA,8.38,0.8,NA
6.8309E+14,46258,2023,2020,NA,1.54908E+15,60.79284,-157.3994,95,46258AA,PIMA,9.14,6.3,NA
6.8309E+14,46258,2023,2020,NA,1.54908E+15,60.79284,-157.3994,95,46258AB,PIMA,10.41,0.6,NA
6.8309E+14,46258,2023,2020,NA,1.54908E+15,60.79284,-157.3994,95,46258AC,PIMA,9.65,0.8,NA
6.8309E+14,46258,2023,2020,1.54908E+15,NA,60.79284,-157.3994,95,46258AD,PIMA,12.95,1.5,NA
6.83089E+14,46533,2023,2020,1.54907E+15,NA,62.27817,-156.9271,94,46533AA,PIGL,15.49,1.1,NA
6.83089E+14,46533,2023,2020,1.54907E+15,1.54907E+15,62.27817,-156.9271,94,46533AB,PIGL,34.8,NA,core broken - pith offset inestimable
6.83089E+14,46533,2023,2020,1.54907E+15,1.54907E+15,62.27817,-156.9271,94,46533AB,PIGL,34.8,NA,core broken - pith offset inestimable
6.83089E+14,46533,2023,2020,1.54907E+15,NA,62.27817,-156.9271,94,46533AC,PIGL,21.34,0.9,NA
6.83089E+14,46533,2023,2020,1.54907E+15,1.54907E+15,62.27817,-156.9271,94,46533AD,PIGL,27.94,0.8,NA
6.83089E+14,46533,2023,2020,1.54907E+15,1.54907E+15,62.27817,-156.9271,94,46533AD,PIGL,27.94,0.8,NA
6.83089E+14,46533,2023,2020,1.54907E+15,1.54907E+15,62.27817,-156.9271,94,46533AE,PIGL,24.64,10.6,NA
6.83089E+14,46533,2023,2020,1.54907E+15,1.54907E+15,62.27817,-156.9271,94,46533AE,PIGL,24.64,10.6,NA
6.8309E+14,46739,2023,2020,NA,1.54905E+15,61.07454,-156.3476,94,46739AA,PIGL,21.59,1.7,"bark missing, end year likely 2019"
6.8309E+14,46739,2023,2020,NA,1.54905E+15,61.07454,-156.3476,94,46739AB,PIGL,18.54,5.8,NA
6.8309E+14,46739,2023,2020,NA,1.54905E+15,61.07454,-156.3476,94,46739AC,PIGL,17.27,6.8,NA
6.83089E+14,46743,2023,2020,NA,1.54905E+15,61.42199,-155.7943,95,46743AA,PIMA,5.59,1.1,NA
6.83089E+14,46743,2023,2020,NA,1.54905E+15,61.42199,-155.7943,95,46743AB,PIMA,9.65,11.5,NA
6.83089E+14,46743,2023,2020,NA,1.54905E+15,61.42199,-155.7943,95,46743AC,PIMA,6.86,4.9,NA
6.83089E+14,47285,2023,2020,1.54907E+15,1.54907E+15,60.0524,-154.8759,94,47285AA,PIGL,27.43,1.3,NA
6.83089E+14,47285,2023,2020,1.54907E+15,1.54907E+15,60.0524,-154.8759,94,47285AB,PIGL,40.13,13.1,NA
6.83089E+14,47285,2023,2020,NA,1.54907E+15,60.0524,-154.8759,94,47285AC,PIGL,25.15,8.5,NA
6.83089E+14,47481,2023,2020,NA,1.54905E+15,60.11613,-155.2393,95,47481AA,PIMA,7.62,0.7,NA
6.83089E+14,47481,2023,2020,NA,1.54905E+15,60.11613,-155.2393,95,47481AB,PIMA,7.62,5.3,NA
6.83089E+14,47481,2023,2020,NA,1.54905E+15,60.11613,-155.2393,95,47481AC,PIMA,11.43,4.6,NA
6.83089E+14,47725,2023,2020,NA,1.54907E+15,60.97741,-155.7817,94,47725AA,PIGL,18.29,0.9,NA
6.83089E+14,47725,2023,2020,NA,1.54907E+15,60.97741,-155.7817,94,47725AB,PIGL,20.32,NA,core broken - pith offset inestimable
6.83089E+14,47725,2023,2020,NA,1.54907E+15,60.97741,-155.7817,94,47725AC,PIGL,18.8,11.3,NA
6.8309E+14,49322,2023,2020,NA,1.54907E+15,60.78601,-156.7176,95,49322AA,PIMA,9.91,9.7,NA
6.8309E+14,49322,2023,2020,NA,1.54907E+15,60.78601,-156.7176,95,49322AB,PIMA,9.4,0.9,NA
6.8309E+14,49322,2023,2020,NA,1.54907E+15,60.78601,-156.7176,95,49322AC,PIMA,6.86,3.6,NA
6.8309E+14,49322,2023,2020,NA,1.54907E+15,60.78601,-156.7176,94,49322AD,PIGL,10.67,7.2,NA
6.8309E+14,49322,2023,2020,NA,1.54907E+15,60.78601,-156.7176,94,49322AE,PIGL,10.92,4.4,NA
6.8309E+14,49322,2023,2020,NA,1.54907E+15,60.78601,-156.7176,94,49322AF,PIGL,10.16,10.5,NA
6.8309E+14,49322,2023,2020,1.54907E+15,NA,60.78601,-156.7176,94,49322AG,PIGL,14.22,9.6,NA
6.8309E+14,49322,2023,2020,1.54907E+15,NA,60.78601,-156.7176,95,49322AH,PIMA,18.03,6,NA
6.8309E+14,49322,2023,2020,1.54907E+15,NA,60.78601,-156.7176,94,49322AI,PIGL,19.05,4.3,NA
6.8309E+14,49454,2023,2020,NA,1.54907E+15,60.02539,-154.7133,95,49454AA,PIMA,5.33,0.7,NA
6.8309E+14,49454,2023,2020,NA,1.54907E+15,60.02539,-154.7133,95,49454AB,PIMA,12.45,5.2,NA
6.8309E+14,49454,2023,2020,NA,1.54907E+15,60.02539,-154.7133,95,49454AC,PIMA,9.14,1.4,NA
6.83089E+14,50140,2023,2020,NA,1.54907E+15,60.7411,-155.3479,95,50140AA,PIMA,10.16,1.9,NA
6.83089E+14,50140,2023,2020,NA,1.54907E+15,60.7411,-155.3479,95,50140AB,PIMA,8.64,2.8,NA
6.83089E+14,50140,2023,2020,NA,1.54907E+15,60.7411,-155.3479,95,50140AC,PIMA,11.43,1,NA
6.8309E+14,50209,2023,2020,NA,1.54905E+15,62.17167,-157.4147,71,50209AA,LALA,6.86,0.7,NA
6.8309E+14,50209,2023,2020,NA,1.54905E+15,62.17167,-157.4147,71,50209AB,LALA,11.94,0.9,NA
6.8309E+14,50209,2023,2020,NA,1.54905E+15,62.17167,-157.4147,71,50209AC,LALA,9.65,0.8,NA
6.8309E+14,50209,2023,2020,1.54905E+15,NA,62.17167,-157.4147,95,50209AD,PIMA,13.21,12.7,NA
6.83089E+14,50356,2023,2020,NA,1.54907E+15,60.15172,-153.9389,94,50356AA,PIGL,21.08,0.9,NA
6.83089E+14,50356,2023,2020,NA,1.54907E+15,60.15172,-153.9389,94,50356AB,PIGL,25.15,4.5,NA
6.83089E+14,51102,2023,2020,NA,1.54905E+15,60.71783,-156.849,95,51102AA,PIMA,8.64,6.9,NA
6.83089E+14,51102,2023,2020,NA,1.54905E+15,60.71783,-156.849,95,51102AB,PIMA,10.16,8.1,NA
6.83089E+14,51102,2023,2020,NA,1.54905E+15,60.71783,-156.849,95,51102AC,PIMA,8.13,4,NA
6.83089E+14,51102,2023,2020,1.54905E+15,NA,60.71783,-156.849,95,51102AD,PIMA,14.48,4.7,NA
6.83089E+14,51261,2023,2020,NA,1.54906E+15,61.24474,-156.94,95,51261AA,PIMA,16.51,7.1,NA
6.83089E+14,51261,2023,2020,NA,1.54906E+15,61.24474,-156.94,95,51261AB,PIMA,15.24,19.1,NA
6.83089E+14,51261,2023,2020,NA,1.54906E+15,61.24474,-156.94,95,51261AC,PIMA,16.51,11.7,NA
6.83089E+14,51713,2023,2020,NA,1.54907E+15,60.21276,-153.7858,94,51713AA,PIGL,27.18,4.2,NA
6.8309E+14,52726,2023,2020,1.54907E+15,1.54907E+15,59.49087,-154.6726,94,52726AA,PIGL,13.72,4,NA
6.8309E+14,52726,2023,2020,NA,1.54907E+15,59.49087,-154.6726,94,52726AB,PIGL,17.02,26.1,NA
6.8309E+14,52726,2023,2020,1.54907E+15,1.54907E+15,59.49087,-154.6726,94,52726AC,PIGL,22.86,3,NA
6.8309E+14,52726,2023,2020,1.54907E+15,NA,59.49087,-154.6726,94,52726AE,PIGL,32,11.3,NA
6.8309E+14,52726,2023,2020,1.54907E+15,1.54907E+15,59.49087,-154.6726,94,52726AF,PIGL,17.78,21.2,NA
6.83089E+14,52979,2023,2020,NA,1.54908E+15,61.20962,-155.5468,95,52979AA,PIMA,12.45,11.2,NA
6.83089E+14,52979,2023,2020,NA,1.54908E+15,61.20962,-155.5468,95,52979AB,PIMA,10.16,0.7,NA
6.83089E+14,52979,2023,2020,NA,1.54908E+15,61.20962,-155.5468,95,52979AC,PIMA,8.13,3.4,NA
6.83089E+14,53044,2023,2020,NA,1.54906E+15,61.79771,-157.2182,94,53044AA,PIGL,18.03,3.5,NA
6.83089E+14,53044,2023,2020,NA,1.54906E+15,61.79771,-157.2182,94,53044AB,PIGL,14.99,12,NA
6.83089E+14,53044,2023,2020,NA,1.54906E+15,61.79771,-157.2182,94,53044AC,PIGL,37.85,3.3,NA
6.83089E+14,53044,2023,2020,NA,1.54906E+15,61.79771,-157.2182,94,53044AD,PIGL,35.31,4.5,NA
6.83089E+14,53044,2023,2020,NA,1.54906E+15,61.79771,-157.2182,94,53044AE,PIGL,33.78,9.9,NA
6.83089E+14,53044,2023,2020,NA,1.54906E+15,61.79771,-157.2182,376,53044AF,BENE,18.54,4.3,NA
6.83089E+14,53044,2023,2020,1.54906E+15,1.54906E+15,61.79771,-157.2182,94,53044AG,PIGL,46.23,9.6,NA
6.83089E+14,53044,2023,2020,1.54906E+15,1.54906E+15,61.79771,-157.2182,95,53044AH,PIMA,15.24,15.6,NA
6.83089E+14,53044,2023,2020,1.54906E+15,1.54906E+15,61.79771,-157.2182,95,53044AI,PIMA,17.78,14.7,NA
6.83089E+14,53044,2023,2020,1.54906E+15,1.54906E+15,61.79771,-157.2182,94,53044AJ,PIGL,13.21,7.1,NA
6.83089E+14,53358,2023,2020,NA,1.54907E+15,61.30167,-155.5806,95,53358AA,PIMA,9.4,0.6,NA
6.83089E+14,53358,2023,2020,NA,1.54907E+15,61.30167,-155.5806,95,53358AB,PIMA,6.1,1.2,NA
6.83089E+14,53358,2023,2020,NA,1.54907E+15,61.30167,-155.5806,95,53358AC,PIMA,5.59,0.6,NA
6.83089E+14,53876,2023,2020,NA,1.54907E+15,61.1892,-157.7721,94,53876AA,PIGL,27.94,2.2,NA
6.83089E+14,53876,2023,2020,NA,1.54907E+15,61.1892,-157.7721,94,53876AB,PIGL,33.78,11.5,NA
6.83089E+14,53876,2023,2020,1.54907E+15,1.54907E+15,61.1892,-157.7721,94,53876AC,PIGL,23.37,0.9,NA
6.8309E+14,54443,2023,2020,1.54906E+15,1.54906E+15,61.08208,-155.3101,94,54443AA,PIGL,20.32,8.2,NA
6.8309E+14,54443,2023,2020,1.54906E+15,1.54906E+15,61.08208,-155.3101,94,54443AB,PIGL,30.99,11.6,NA
6.8309E+14,54443,2023,2020,1.54906E+15,1.54906E+15,61.08208,-155.3101,94,54443AC,PIGL,17.27,2.9,NA
6.83089E+14,54464,2023,2020,NA,1.54907E+15,61.54991,-157.2668,95,54464AA,PIMA,8.38,4,NA
6.83089E+14,54464,2023,2020,NA,1.54907E+15,61.54991,-157.2668,95,54464AB,PIMA,8.38,4,NA
6.83089E+14,54464,2023,2020,NA,1.54907E+15,61.54991,-157.2668,95,54464AC,PIMA,7.62,0.5,NA
6.83089E+14,54699,2023,2020,NA,1.54905E+15,61.07434,-157.5538,94,54699AA,PIGL,31.5,NA,break in core - pith offset inestimable
6.83089E+14,54699,2023,2020,NA,1.54905E+15,61.07434,-157.5538,94,54699AB,PIGL,32.77,4.6,NA
6.83089E+14,54699,2023,2020,NA,1.54905E+15,61.07434,-157.5538,94,54699AC,PIGL,49.53,NA,core broken - pith offset inestimable
6.83089E+14,54699,2023,2020,NA,1.54905E+15,61.07434,-157.5538,94,54699AD,PIGL,20.57,9.7,NA
6.83089E+14,54699,2023,2020,NA,1.54905E+15,61.07434,-157.5538,94,54699AE,PIGL,21.34,9,NA
6.83089E+14,54699,2023,2020,1.54905E+15,1.54905E+15,61.07434,-157.5538,94,54699AF,PIGL,17.02,4.3,NA
6.83089E+14,54699,2023,2020,1.54905E+15,NA,61.07434,-157.5538,94,54699AG,PIGL,26.42,NA,"branch intrusion near pith - measurements truncated, pith offset inestimable"
6.83089E+14,54765,2023,2020,NA,1.54906E+15,59.67764,-155.2292,94,54765AA,PIGL,18.54,1.5,NA
6.83089E+14,54765,2023,2020,NA,1.54906E+15,59.67764,-155.2292,94,54765AB,PIGL,13.97,11.6,NA
6.83089E+14,54765,2023,2020,NA,1.54906E+15,59.67764,-155.2292,94,54765AC,PIGL,22.1,12.2,NA
6.83089E+14,54765,2023,2020,NA,1.54906E+15,59.67764,-155.2292,94,54765AE,PIGL,14.48,3,NA
6.83089E+14,54831,2023,2020,NA,1.54907E+15,61.42347,-153.2118,94,54831AA,PIGL,9.4,0.8,NA
6.83089E+14,54831,2023,2020,NA,1.54907E+15,61.42347,-153.2118,94,54831AC,PIGL,11.43,0.8,NA
6.83089E+14,54831,2023,2020,NA,1.54907E+15,61.42347,-153.2118,94,54831AD,PIGL,12.95,4.9,NA
6.83089E+14,54831,2023,2020,1.54907E+15,1.54907E+15,61.42347,-153.2118,94,54831AE,PIGL,14.73,4.4,NA
6.83089E+14,55454,2023,2020,NA,1.54907E+15,60.64752,-153.2774,94,55454AA,PIGL,37.34,6.7,NA
6.83089E+14,55454,2023,2020,NA,1.54907E+15,60.64752,-153.2774,376,55454AB,BENE,20.83,10.2,NA
6.83089E+14,55454,2023,2020,NA,1.54907E+15,60.64752,-153.2774,94,55454AC,PIGL,25.65,14.9,NA
6.83089E+14,55454,2023,2020,1.54907E+15,1.54907E+15,60.64752,-153.2774,94,55454AD,PIGL,28.45,7.7,NA
6.83089E+14,55502,2023,2020,NA,1.54905E+15,59.86869,-154.8026,94,55502AA,PIGL,9.91,0.9,NA
6.83089E+14,55502,2023,2020,NA,1.54905E+15,59.86869,-154.8026,94,55502AB,PIGL,7.87,16.9,NA
6.83089E+14,55502,2023,2020,NA,1.54905E+15,59.86869,-154.8026,94,55502AC,PIGL,8.89,1.9,NA
6.83089E+14,55502,2023,2020,1.54905E+15,1.54905E+15,59.86869,-154.8026,94,55502AD,PIGL,27.18,19,NA
6.83089E+14,55502,2023,2020,1.54905E+15,1.54905E+15,59.86869,-154.8026,94,55502AE,PIGL,20.83,0.6,NA
6.83089E+14,55502,2023,2020,1.54905E+15,1.54905E+15,59.86869,-154.8026,94,55502AF,PIGL,14.99,24.2,NA
6.83089E+14,56091,2023,2020,NA,1.54907E+15,61.39188,-155.1124,95,56091AA,PIMA,9.14,1.2,2 cores taken
6.83089E+14,56091,2023,2020,NA,1.54907E+15,61.39188,-155.1124,95,56091AB,PIMA,7.62,1.1,NA
6.83089E+14,56091,2023,2020,NA,1.54907E+15,61.39188,-155.1124,95,56091AC,PIMA,10.41,8.6,NA
6.83089E+14,56684,2023,2020,1.54906E+15,1.54906E+15,60.17855,-157.2695,94,56684AA,PIGL,34.29,NA,core broken - pith offset inestimable
6.83089E+14,56684,2023,2020,1.54906E+15,1.54906E+15,60.17855,-157.2695,94,56684AB,PIGL,30.48,19.9,NA
6.83089E+14,56684,2023,2020,NA,1.54906E+15,60.17855,-157.2695,94,56684AC,PIGL,29.46,0.6,NA
6.8309E+14,57152,2023,2020,NA,1.54907E+15,61.64141,-157.2993,95,57152AA,PIMA,10.92,1.7,NA
6.8309E+14,57152,2023,2020,1.54907E+15,1.54907E+15,61.64141,-157.2993,95,57152AB,PIMA,13.97,2.6,NA
6.8309E+14,57152,2023,2020,1.54907E+15,NA,61.64141,-157.2993,95,57152AC,PIMA,18.54,19,NA
6.8309E+14,57152,2023,2020,NA,1.54907E+15,61.64141,-157.2993,95,57152AD,PIMA,10.67,0.8,NA
6.8309E+14,57152,2023,2020,NA,1.54907E+15,61.64141,-157.2993,95,57152AE,PIMA,9.65,2,NA
6.83089E+14,57702,2023,2020,NA,1.54908E+15,61.02156,-157.1751,95,57702AA,PIMA,9.14,0.5,NA
6.83089E+14,57702,2023,2020,NA,1.54908E+15,61.02156,-157.1751,95,57702AB,PIMA,8.64,6.1,NA
6.83089E+14,57702,2023,2020,NA,1.54908E+15,61.02156,-157.1751,95,57702AC,PIMA,9.4,4.5,NA
6.83089E+14,58381,2023,2020,NA,1.54906E+15,60.45348,-155.7178,94,58381AA,PIGL,10.67,0.8,NA
6.83089E+14,58381,2023,2020,NA,1.54906E+15,60.45348,-155.7178,94,58381AB,PIGL,10.41,0.4,NA
6.83089E+14,58381,2023,2020,NA,1.54906E+15,60.45348,-155.7178,94,58381AC,PIGL,11.94,2.8,NA
6.83089E+14,58381,2023,2020,1.54906E+15,NA,60.45348,-155.7178,94,58381AD,PIGL,17.02,0.9,NA
6.83089E+14,58911,2023,2020,NA,1.54905E+15,61.27608,-154.874,95,58911AA,PIMA,8.38,2.7,NA
6.83089E+14,58911,2023,2020,NA,1.54905E+15,61.27608,-154.874,95,58911AC,PIMA,8.38,0.5,NA
6.83089E+14,58911,2023,2020,NA,1.54905E+15,61.27608,-154.874,95,58911AD,PIMA,7.37,0.9,NA
6.83089E+14,59027,2023,2020,NA,1.54905E+15,61.11385,-157.2217,95,59027AA,PIMA,19.56,8.7,NA
6.83089E+14,59027,2023,2020,NA,1.54905E+15,61.11385,-157.2217,95,59027AB,PIMA,19.81,16.5,NA
6.83089E+14,59027,2023,2020,NA,1.54905E+15,61.11385,-157.2217,376,59027AC,BENE,23.11,16.9,NA
6.83089E+14,59027,2023,2020,1.54905E+15,1.54905E+15,61.11385,-157.2217,95,59027AD,PIMA,16.76,5,NA
6.8309E+14,59064,2023,2020,NA,1.54905E+15,61.05821,-158.06,94,59064AA,PIGL,23.11,2.7,NA
6.8309E+14,59064,2023,2020,NA,1.54905E+15,61.05821,-158.06,94,59064AB,PIGL,27.18,7.4,NA
6.8309E+14,59064,2023,2020,NA,1.54905E+15,61.05821,-158.06,94,59064AC,PIGL,36.58,NA,core broken - pith offset inestimable
6.83089E+14,60622,2023,2020,NA,1.54906E+15,61.27649,-157.1164,95,60622AA,PIMA,8.64,4.5,NA
6.83089E+14,60622,2023,2020,NA,1.54906E+15,61.27649,-157.1164,95,60622AB,PIMA,8.64,5.9,NA
6.83089E+14,60622,2023,2020,NA,1.54906E+15,61.27649,-157.1164,95,60622AC,PIMA,10.41,NA,NA
6.83089E+14,61520,2023,2020,NA,1.54906E+15,61.05122,-157.3681,95,61520AC,PIMA,11.18,9.3,NA
6.8309E+14,61594,2023,2020,NA,1.54905E+15,60.58767,-154.9291,94,61594AA,PIGL,11.68,2.7,NA
6.8309E+14,61594,2023,2020,NA,1.54905E+15,60.58767,-154.9291,94,61594AB,PIGL,11.43,6.8,NA
6.8309E+14,61594,2023,2020,NA,1.54905E+15,60.58767,-154.9291,94,61594AC,PIGL,11.18,NA,NA
6.8309E+14,61594,2023,2020,1.54905E+15,NA,60.58767,-154.9291,94,61594AD,PIGL,15.49,1.6,NA
6.83089E+14,62769,2023,2020,NA,1.54906E+15,59.52764,-154.3529,94,62769AA,PIGL,23.62,41.6,NA
6.83089E+14,62769,2023,2020,NA,1.54906E+15,59.52764,-154.3529,94,62769AB,PIGL,14.73,0.9,NA
6.83089E+14,62769,2023,2020,NA,1.54906E+15,59.52764,-154.3529,94,62769AC,PIGL,18.03,NA,pith offset inestimable - intrusion obscures inner rings
6.83089E+14,63062,2023,2020,1.54905E+15,1.54905E+15,61.54477,-155.009,95,63062AA,PIMA,18.54,2.5,NA
6.83089E+14,63062,2023,2020,1.54905E+15,1.54905E+15,61.54477,-155.009,95,63062AB,PIMA,16,4.8,NA
6.83089E+14,63062,2023,2020,NA,1.54905E+15,61.54477,-155.009,95,63062AC,PIMA,20.32,11.4,NA
6.83089E+14,63062,2023,2020,NA,1.54905E+15,61.54477,-155.009,94,63062AD,PIGL,22.86,17,NA
6.83089E+14,63062,2023,2020,NA,1.54905E+15,61.54477,-155.009,94,63062AF,PIGL,26.16,3,NA
6.83089E+14,63062,2023,2020,NA,1.54905E+15,61.54477,-155.009,376,63062AG,BENE,21.08,11.5,NA
1.23821E+15,36,2024,2022,NA,1.80005E+15,63.45872,-156.8016,95,00036AA,PIMA,5.84,1.6,NA
1.23821E+15,36,2024,2022,NA,1.80005E+15,63.45872,-156.8016,95,00036AA,PIMA,5.84,1.6,NA
1.23821E+15,36,2024,2022,NA,1.80005E+15,63.45872,-156.8016,95,00036AB,PIMA,7.62,0.7,NA
1.23821E+15,36,2024,2022,NA,1.80005E+15,63.45872,-156.8016,95,00036AB,PIMA,7.62,0.7,NA
6.83089E+14,522,2024,2020,1.80004E+15,1.80004E+15,59.70715,-157.0559,94,00522AA,PIGL,18.54,4.2,NA
6.83089E+14,522,2024,2020,NA,1.80004E+15,59.70715,-157.0559,94,00522AB,PIGL,17.27,1.1,NA
6.83089E+14,522,2024,2020,1.80004E+15,NA,59.70715,-157.0559,94,00522AC,PIGL,13.21,12.1,NA
6.83089E+14,522,2024,2020,1.80004E+15,NA,59.70715,-157.0559,94,00522AD,PIGL,25.15,2.1,NA
6.83089E+14,522,2024,2020,NA,1.80004E+15,59.70715,-157.0559,94,00522AE,PIGL,19.3,7.5,NA
6.83089E+14,1272,2024,2020,1.80004E+15,NA,59.37928,-156.5735,94,01272AA,PIGL,13.21,10.3,NA
6.83089E+14,1272,2024,2020,1.80004E+15,NA,59.37928,-156.5735,94,01272AB,PIGL,19.3,4.7,NA
6.83089E+14,1272,2024,2020,NA,1.80004E+15,59.37928,-156.5735,94,01272AC,PIGL,11.43,8.6,NA
6.83089E+14,1272,2024,2020,NA,1.80004E+15,59.37928,-156.5735,94,01272AD,PIGL,12.19,15.6,NA
6.83089E+14,1272,2024,2020,NA,1.80004E+15,59.37928,-156.5735,94,01272AE,PIGL,10.92,3.4,NA
6.83089E+14,2299,2024,2020,NA,1.80004E+15,59.1301,-157.7652,94,02299AA,PIGL,19.05,5.6,NA
6.83089E+14,2299,2024,2020,NA,1.80004E+15,59.1301,-157.7652,376,02299AB,BENE,10.67,7.8,NA
6.83089E+14,2299,2024,2020,1.80004E+15,NA,59.1301,-157.7652,94,02299AC,PIGL,13.72,9.5,NA
6.83089E+14,3362,2024,2020,1.80005E+15,1.80005E+15,62.37051,-156.4349,94,03362AA,PIGL,22.61,12.2,NA
6.83089E+14,3362,2024,2020,1.80005E+15,1.80005E+15,62.37051,-156.4349,94,03362AB,PIGL,16,8.8,NA
6.83089E+14,3362,2024,2020,NA,1.80005E+15,62.37051,-156.4349,94,03362AC,PIGL,19.56,10.1,NA
6.83089E+14,3362,2024,2020,NA,1.80005E+15,62.37051,-156.4349,94,03362AD,PIGL,28.45,5.8,NA
6.83089E+14,3362,2024,2020,NA,1.80005E+15,62.37051,-156.4349,94,03362AE,PIGL,21.84,16.3,NA
6.83089E+14,3362,2024,2020,NA,1.80005E+15,62.37051,-156.4349,94,03362AF,PIGL,13.97,2.1,NA
6.83089E+14,3362,2024,2020,NA,1.80005E+15,62.37051,-156.4349,94,03362AG,PIGL,9.14,0.6,NA
6.83089E+14,3362,2024,2020,NA,1.80005E+15,62.37051,-156.4349,94,03362AH,PIGL,8.13,4.2,NA
6.83089E+14,3362,2024,2020,NA,1.80005E+15,62.37051,-156.4349,376,03362AI,BENE,8.38,2.7,NA
6.83089E+14,3930,2024,2020,1.80004E+15,1.80004E+15,59.963,-158.1773,94,03930AA,PIGL,14.99,12.8,NA
6.83089E+14,3930,2024,2020,1.80004E+15,1.80004E+15,59.963,-158.1773,94,03930AB,PIGL,24.38,30.5,NA
6.83089E+14,3930,2024,2020,1.80004E+15,1.80004E+15,59.963,-158.1773,94,03930AC,PIGL,21.59,10.2,NA
6.83089E+14,3930,2024,2020,1.80004E+15,1.80004E+15,59.963,-158.1773,94,03930AD,PIGL,30.23,30.4,NA
6.83089E+14,3930,2024,2020,NA,1.80004E+15,59.963,-158.1773,94,03930AE,PIGL,14.22,6.7,NA
1.23821E+15,4678,2024,2022,NA,1.80005E+15,63.19796,-157.407,95,04678AA,PIMA,7.62,1.1,NA
1.23821E+15,4678,2024,2022,NA,1.80005E+15,63.19796,-157.407,95,04678AB,PIMA,12.45,1.5,NA
1.23821E+15,4678,2024,2022,NA,1.80005E+15,63.19796,-157.407,95,04678AC,PIMA,6.86,0.9,NA
1.23821E+15,5169,2024,2022,NA,1.80005E+15,63.39356,-156.9489,95,05169AB,PIMA,9.91,0.9,NA
1.23821E+15,5169,2024,2022,NA,1.80005E+15,63.39356,-156.9489,95,05169AC,PIMA,7.87,4.3,NA
1.23821E+15,5730,2024,2022,1.80005E+15,1.80005E+15,63.09414,-156.0683,94,05730AA,PIGL,21.84,1.4,NA
1.23821E+15,5730,2024,2022,1.80005E+15,1.80005E+15,63.09414,-156.0683,94,05730AB,PIGL,26.92,11.8,NA
1.23821E+15,5730,2024,2022,1.80005E+15,1.80005E+15,63.09414,-156.0683,94,05730AC,PIGL,14.73,0.4,NA
1.23821E+15,5730,2024,2022,NA,1.80005E+15,63.09414,-156.0683,94,05730AD,PIGL,16,8.6,NA
1.23821E+15,5730,2024,2022,1.80005E+15,NA,63.09414,-156.0683,94,05730AE,PIGL,13.97,2.2,NA
1.23821E+15,5730,2024,2022,1.80005E+15,NA,63.09414,-156.0683,94,05730AF,PIGL,18.03,1.8,NA
6.83089E+14,6572,2024,2020,NA,1.80006E+15,58.69366,-156.1135,376,06572AA,BENE,16.26,11.3,NA
6.83089E+14,7285,2024,2020,1.80004E+15,1.80004E+15,59.25959,-158.6414,94,07285AA,PIGL,17.02,11.5,NA
6.83089E+14,7285,2024,2020,NA,1.80004E+15,59.25959,-158.6414,94,07285AB,PIGL,18.29,8.3,NA
6.83089E+14,7285,2024,2020,NA,1.80004E+15,59.25959,-158.6414,94,07285AC,PIGL,20.07,4.5,NA
6.83089E+14,7285,2024,2020,1.80004E+15,NA,59.25959,-158.6414,94,07285AD,PIGL,22.86,0.6,NA
6.83089E+14,7285,2024,2020,1.80004E+15,NA,59.25959,-158.6414,94,07285AE,PIGL,9.4,1.7,NA
6.83089E+14,7285,2024,2020,1.80004E+15,NA,59.25959,-158.6414,94,07285AF,PIGL,31.5,31,NA
6.83089E+14,7285,2024,2020,1.80004E+15,NA,59.25959,-158.6414,94,07285AG,PIGL,22.1,2.4,NA
6.83089E+14,8858,2024,2020,NA,1.80004E+15,59.9794,-156.5129,94,08858AA,PIGL,12.95,13.1,NA
6.83089E+14,8858,2024,2020,NA,1.80004E+15,59.9794,-156.5129,94,08858AB,PIGL,17.78,10.9,NA
6.83089E+14,8858,2024,2020,1.80004E+15,1.80004E+15,59.9794,-156.5129,94,08858AC,PIGL,15.75,8.9,NA
6.83089E+14,8858,2024,2020,NA,1.80004E+15,59.9794,-156.5129,94,08858AD,PIGL,10.67,1,NA
6.83089E+14,8858,2024,2020,NA,1.80004E+15,59.9794,-156.5129,94,08858AE,PIGL,12.45,8.2,NA
6.83089E+14,8964,2024,2020,1.80005E+15,1.80005E+15,59.61562,-158.175,94,08964AA,PIGL,13.46,2.2,NA
6.83089E+14,8964,2024,2020,1.80005E+15,1.80005E+15,59.61562,-158.175,94,08964AB,PIGL,20.57,8.9,NA
6.83089E+14,8964,2024,2020,1.80005E+15,NA,59.61562,-158.175,94,08964AC,PIGL,29.46,11.8,NA
6.83089E+14,8964,2024,2020,NA,1.80005E+15,59.61562,-158.175,94,08964AD,PIGL,22.1,3.9,NA
6.83089E+14,8964,2024,2020,NA,1.80005E+15,59.61562,-158.175,94,08964AE,PIGL,24.13,12.1,NA
6.83089E+14,8964,2024,2020,NA,1.80005E+15,59.61562,-158.175,94,08964AF,PIGL,19.56,12,NA
6.83089E+14,9412,2024,2020,NA,1.80004E+15,59.37949,-160.2026,NA,09412AA,POBA,22.61,1.1,NA
1.31885E+15,9714,2024,2022,1.80006E+15,1.80006E+15,63.56186,-155.7332,94,09714AA,PIGL,31.24,4.9,NA
1.31885E+15,9714,2024,2022,1.80006E+15,1.80006E+15,63.56186,-155.7332,94,09714AB,PIGL,25.15,11.4,NA
1.23821E+15,11181,2024,2022,1.80005E+15,1.80005E+15,62.74075,-157.1606,94,11181AA,PIGL,36.07,2.8,NA
1.23821E+15,11181,2024,2022,1.80005E+15,1.80005E+15,62.74075,-157.1606,94,11181AB,PIGL,40.39,6.7,NA
1.23821E+15,11181,2024,2022,NA,1.80005E+15,62.74075,-157.1606,94,11181AC,PIGL,48.77,44.6,NA
6.83089E+14,11827,2024,2020,NA,1.80004E+15,59.74655,-157.9045,94,11827AA,PIGL,25.65,3,NA
6.83089E+14,11827,2024,2020,1.80004E+15,1.80004E+15,59.74655,-157.9045,94,11827AB,PIGL,16.51,1.2,NA
6.83089E+14,11827,2024,2020,NA,1.80004E+15,59.74655,-157.9045,94,11827AC,PIGL,19.3,6.7,NA
6.83089E+14,11827,2024,2020,NA,1.80004E+15,59.74655,-157.9045,94,11827AD,PIGL,19.3,8.2,NA
6.8309E+14,11970,2024,2020,1.80004E+15,1.80004E+15,58.76289,-156.4858,94,11970AA,PIGL,14.22,8.7,NA
6.8309E+14,11970,2024,2020,NA,1.80004E+15,58.76289,-156.4858,94,11970AB,PIGL,10.92,7.9,NA
6.8309E+14,11970,2024,2020,NA,1.80004E+15,58.76289,-156.4858,94,11970AC,PIGL,10.67,8.1,NA
6.8309E+14,11970,2024,2020,NA,1.80004E+15,58.76289,-156.4858,94,11970AD,PIGL,10.92,1.9,NA
6.83089E+14,11999,2024,2020,NA,1.80004E+15,59.44763,-158.7467,94,11999AA,PIGL,27.43,13,NA
6.83089E+14,11999,2024,2020,NA,1.80004E+15,59.44763,-158.7467,94,11999AB,PIGL,22.61,3.9,NA
6.8309E+14,13080,2024,2020,NA,1.80004E+15,59.46495,-158.9181,94,13080AA,PIGL,32,4,NA
6.8309E+14,13080,2024,2020,NA,1.80004E+15,59.46495,-158.9181,94,13080AB,PIGL,32.51,15.6,NA
6.8309E+14,13080,2024,2020,1.80004E+15,1.80004E+15,59.46495,-158.9181,94,13080AC,PIGL,34.29,33.5,NA
6.8309E+14,13080,2024,2020,1.80004E+15,NA,59.46495,-158.9181,94,13080AD,PIGL,22.1,18.9,NA
6.8309E+14,13080,2024,2020,1.80004E+15,NA,59.46495,-158.9181,94,13080AE,PIGL,17.27,21,NA
6.8309E+14,13080,2024,2020,1.80004E+15,NA,59.46495,-158.9181,94,13080AF,PIGL,26.67,20.6,NA
6.8309E+14,13080,2024,2020,1.80004E+15,NA,59.46495,-158.9181,94,13080AG,PIGL,29.97,13.8,NA
6.8309E+14,13080,2024,2020,1.80004E+15,NA,59.46495,-158.9181,94,13080AH,PIGL,44.96,26.4,NA
1.23821E+15,13620,2024,2022,NA,1.80005E+15,63.23817,-157.0466,95,13620AA,PIMA,7.87,0.7,NA
1.23821E+15,13620,2024,2022,NA,1.80005E+15,63.23817,-157.0466,95,13620AB,PIMA,6.86,3.7,NA
1.23821E+15,13620,2024,2022,NA,1.80005E+15,63.23817,-157.0466,95,13620AC,PIMA,9.14,12.1,NA
1.23821E+15,13620,2024,2022,1.80005E+15,1.80005E+15,63.23817,-157.0466,95,13620AD,PIMA,13.46,5.2,NA
6.83089E+14,13782,2024,2020,NA,1.80004E+15,59.85518,-156.2897,94,13782AA,PIGL,17.53,9.5,NA
6.83089E+14,13782,2024,2020,NA,1.80004E+15,59.85518,-156.2897,94,13782AB,PIGL,19.05,3.4,NA
6.83089E+14,13782,2024,2020,NA,1.80004E+15,59.85518,-156.2897,94,13782AC,PIGL,22.86,16.3,NA
1.23821E+15,15075,2024,2022,NA,1.80005E+15,63.37177,-156.1975,95,15075AA,PIMA,11.68,0.5,NA
1.23821E+15,15075,2024,2022,NA,1.80005E+15,63.37177,-156.1975,95,15075AB,PIMA,9.14,5.2,NA
1.23821E+15,15075,2024,2022,NA,1.80005E+15,63.37177,-156.1975,95,15075AC,PIMA,9.65,1.9,NA
1.23821E+15,15075,2024,2022,1.80005E+15,1.80005E+15,63.37177,-156.1975,95,15075AD,PIMA,13.21,7.5,NA
6.8309E+14,15763,2024,2020,1.80004E+15,1.80004E+15,59.76905,-157.4044,94,15763AA,PIGL,20.07,1.4,NA
6.8309E+14,15763,2024,2020,1.80004E+15,NA,59.76905,-157.4044,94,15763AB,PIGL,23.37,25,NA
6.8309E+14,15763,2024,2020,NA,1.80004E+15,59.76905,-157.4044,94,15763AC,PIGL,20.32,5.7,NA
6.8309E+14,15763,2024,2020,NA,1.80004E+15,59.76905,-157.4044,94,15763AD,PIGL,16.76,13.5,NA
6.8309E+14,15763,2024,2020,NA,1.80004E+15,59.76905,-157.4044,94,15763AE,PIGL,8.89,2.7,NA
1.23821E+15,16649,2024,2022,1.80005E+15,1.80005E+15,63.31787,-155.7974,94,16649AA,PIGL,27.18,9.9,NA
1.23821E+15,16649,2024,2022,1.80005E+15,NA,63.31787,-155.7974,94,16649AB,PIGL,32.77,NA,pith offset inestimable
1.23821E+15,16649,2024,2022,NA,1.80005E+15,63.31787,-155.7974,94,16649AC,PIGL,22.86,1.5,NA
1.23821E+15,16649,2024,2022,1.80005E+15,NA,63.31787,-155.7974,94,16649AD,PIGL,37.34,NA,pith offset inestimable
1.23821E+15,16649,2024,2022,1.80005E+15,NA,63.31787,-155.7974,94,16649AE,PIGL,40.64,NA,pith offset inestimable
1.23821E+15,16649,2024,2022,1.80005E+15,NA,63.31787,-155.7974,94,16649AF,PIGL,12.95,0.7,NA
1.23821E+15,16649,2024,2022,1.80005E+15,NA,63.31787,-155.7974,94,16649AG,PIGL,17.78,2.7,NA
1.31885E+15,17113,2024,2022,NA,1.80006E+15,63.59304,-155.9307,95,17113AA,PIMA,6.1,1.7,NA
1.31885E+15,17113,2024,2022,NA,1.80006E+15,63.59304,-155.9307,95,17113AB,PIMA,5.33,0.6,NA
6.83089E+14,17857,2024,2020,1.80004E+15,1.80004E+15,60.0388,-158.7205,94,17857AA,PIGL,29.21,10.4,NA
6.83089E+14,17857,2024,2020,1.80004E+15,NA,60.0388,-158.7205,94,17857AB,PIGL,19.81,0.7,NA
6.83089E+14,17857,2024,2020,1.80004E+15,NA,60.0388,-158.7205,94,17857AC,PIGL,42.67,15.1,NA
6.83089E+14,17857,2024,2020,1.80004E+15,NA,60.0388,-158.7205,94,17857AD,PIGL,35.05,0.6,NA
6.83089E+14,17857,2024,2020,NA,1.80004E+15,60.0388,-158.7205,94,17857AE,PIGL,36.32,9.1,NA
6.83089E+14,17857,2024,2020,NA,1.80004E+15,60.0388,-158.7205,94,17857AF,PIGL,28.7,4.1,NA
6.83089E+14,17857,2024,2020,1.80004E+15,NA,60.0388,-158.7205,94,17857AG,PIGL,16.76,1.4,NA
6.83089E+14,18209,2024,2020,1.80006E+15,NA,59.90436,-157.8216,94,18209AD,PIGL,13.97,3.6,NA
6.8309E+14,18386,2024,2020,NA,1.80004E+15,59.15357,-156.8031,94,18386AA,PIGL,9.65,2.5,NA
6.8309E+14,18386,2024,2020,NA,1.80004E+15,59.15357,-156.8031,94,18386AB,PIGL,9.4,0.7,NA
6.8309E+14,18386,2024,2020,NA,1.80004E+15,59.15357,-156.8031,94,18386AC,PIGL,12.45,1.3,NA
6.83089E+14,18510,2024,2020,NA,1.80004E+15,59.31623,-157.8595,376,18510AA,BENE,25.91,0.9,NA
6.83089E+14,18510,2024,2020,NA,1.80004E+15,59.31623,-157.8595,94,18510AB,PIGL,22.35,22.4,NA
6.83089E+14,18510,2024,2020,NA,1.80004E+15,59.31623,-157.8595,94,18510AC,PIGL,21.84,5,NA
6.83089E+14,18510,2024,2020,NA,1.80004E+15,59.31623,-157.8595,94,18510AD,PIGL,12.7,5.8,NA
6.83089E+14,20545,2024,2020,NA,1.80004E+15,59.20895,-155.5318,94,20545AA,PIGL,18.03,4.6,NA
6.83089E+14,20545,2024,2020,NA,1.80004E+15,59.20895,-155.5318,94,20545AB,PIGL,19.3,16,NA
6.83089E+14,20545,2024,2020,1.80004E+15,1.80004E+15,59.20895,-155.5318,94,20545AC,PIGL,16.26,0.9,NA
6.83089E+14,20545,2024,2020,NA,1.80004E+15,59.20895,-155.5318,94,20545AD,PIGL,9.4,12,NA
6.83089E+14,20545,2024,2020,NA,1.80004E+15,59.20895,-155.5318,94,20545AE,PIGL,10.41,7.4,NA
6.83089E+14,20545,2024,2020,NA,1.80004E+15,59.20895,-155.5318,94,20545AF,PIGL,11.68,3.3,NA
6.8309E+14,21082,2024,2020,1.80005E+15,1.80005E+15,62.0003,-158.0264,71,21082AA,LALA,14.73,3.5,NA
6.8309E+14,21082,2024,2020,NA,1.80005E+15,62.0003,-158.0264,95,21082AB,PIMA,10.92,2.9,NA
6.8309E+14,21082,2024,2020,NA,1.80005E+15,62.0003,-158.0264,95,21082AC,PIMA,10.16,9.4,NA
6.8309E+14,21082,2024,2020,NA,1.80005E+15,62.0003,-158.0264,95,21082AD,PIMA,9.14,8.6,NA
6.8309E+14,21082,2024,2020,NA,1.80005E+15,62.0003,-158.0264,71,21082AE,LALA,12.45,9.5,NA
6.8309E+14,21082,2024,2020,NA,1.80005E+15,62.0003,-158.0264,71,21082AF,LALA,16.51,2.2,NA
6.8309E+14,21082,2024,2020,1.80005E+15,NA,62.0003,-158.0264,94,21082AG,PIGL,18.8,1.8,NA
6.8309E+14,21082,2024,2020,1.80005E+15,NA,62.0003,-158.0264,95,21082AH,PIMA,14.99,8,NA
1.31885E+15,21518,2024,2022,NA,1.80005E+15,63.53798,-155.5279,95,21518AA,PIMA,8.89,10.7,NA
1.31885E+15,21518,2024,2022,NA,1.80005E+15,63.53798,-155.5279,95,21518AB,PIMA,11.43,5.3,NA
6.83089E+14,21819,2024,2020,NA,1.80006E+15,59.49031,-157.2827,94,21819AB,PIGL,18.8,2.5,NA
6.83089E+14,21819,2024,2020,NA,1.80006E+15,59.49031,-157.2827,94,21819AC,PIGL,14.22,6,NA
6.83089E+14,21819,2024,2020,NA,1.80006E+15,59.49031,-157.2827,94,21819AD,PIGL,14.99,12,NA
1.23821E+15,21833,2024,2022,NA,1.80005E+15,62.92652,-156.7021,95,21833AA,PIMA,10.67,7.8,NA
1.23821E+15,21833,2024,2022,NA,1.80005E+15,62.92652,-156.7021,95,21833AB,PIMA,9.91,0.9,NA
1.23821E+15,21833,2024,2022,NA,1.80005E+15,62.92652,-156.7021,95,21833AC,PIMA,8.13,4.2,NA
6.8309E+14,21874,2024,2020,1.80004E+15,1.80004E+15,59.07358,-156.2771,94,21874AA,PIGL,12.7,7.7,NA
6.8309E+14,21874,2024,2020,NA,1.80004E+15,59.07358,-156.2771,94,21874AB,PIGL,11.68,3.2,NA
6.8309E+14,21874,2024,2020,NA,1.80004E+15,59.07358,-156.2771,94,21874AC,PIGL,11.18,4.3,NA
6.8309E+14,21874,2024,2020,NA,1.80004E+15,59.07358,-156.2771,94,21874AD,PIGL,10.92,7.8,NA
6.83089E+14,22539,2024,2020,1.80005E+15,NA,59.78033,-158.0774,94,22539AA,PIGL,15.75,4,NA
6.83089E+14,22539,2024,2020,1.80005E+15,NA,59.78033,-158.0774,94,22539AB,PIGL,18.29,11.5,NA
6.83089E+14,22539,2024,2020,NA,1.80005E+15,59.78033,-158.0774,94,22539AC,PIGL,40.64,1.1,NA
6.83089E+14,22539,2024,2020,1.80005E+15,1.80005E+15,59.78033,-158.0774,94,22539AD,PIGL,28.45,9.2,NA
6.83089E+14,22539,2024,2020,NA,1.80005E+15,59.78033,-158.0774,94,22539AE,PIGL,32.51,2.7,NA
6.83089E+14,23051,2024,2020,NA,1.80005E+15,59.18016,-155.8383,94,23051AA,PIGL,12.19,0.7,NA
6.83089E+14,23051,2024,2020,NA,1.80005E+15,59.18016,-155.8383,94,23051AB,PIGL,8.64,1.6,NA
6.83089E+14,23051,2024,2020,NA,1.80005E+15,59.18016,-155.8383,94,23051AC,PIGL,11.43,14.7,NA
6.83089E+14,23051,2024,2020,NA,1.80005E+15,59.18016,-155.8383,94,23051AD,PIGL,10.67,1.1,NA
6.83089E+14,23051,2024,2020,NA,1.80005E+15,59.18016,-155.8383,94,23051AE,PIGL,8.64,11,NA
6.83089E+14,23051,2024,2020,NA,1.80005E+15,59.18016,-155.8383,94,23051AF,PIGL,10.92,1.7,NA
6.83089E+14,23051,2024,2020,1.80005E+15,1.80005E+15,59.18016,-155.8383,94,23051AG,PIGL,19.05,3,NA
6.83089E+14,23051,2024,2020,1.80005E+15,NA,59.18016,-155.8383,94,23051AH,PIGL,13.72,7.9,NA
6.83089E+14,23408,2024,2020,NA,1.80005E+15,59.84784,-157.9567,94,23408AA,PIGL,24.64,34.8,NA
6.83089E+14,23408,2024,2020,NA,1.80005E+15,59.84784,-157.9567,94,23408AB,PIGL,24.38,17.5,NA
6.83089E+14,23408,2024,2020,NA,1.80005E+15,59.84784,-157.9567,94,23408AC,PIGL,32.51,18.6,NA
6.83089E+14,23408,2024,2020,1.80005E+15,NA,59.84784,-157.9567,94,23408AD,PIGL,27.69,10.3,NA
6.83089E+14,23408,2024,2020,1.80005E+15,NA,59.84784,-157.9567,94,23408AE,PIGL,20.83,1.3,NA
6.83089E+14,23408,2024,2020,1.80005E+15,NA,59.84784,-157.9567,94,23408AF,PIGL,13.97,2,NA
6.83089E+14,23408,2024,2020,1.80005E+15,NA,59.84784,-157.9567,94,23408AG,PIGL,15.24,7.1,NA
6.83089E+14,23813,2024,2020,1.80004E+15,1.80004E+15,59.92076,-158.4895,94,23813AA,PIGL,15.75,4.3,NA
6.83089E+14,23813,2024,2020,1.80004E+15,NA,59.92076,-158.4895,94,23813AB,PIGL,23.88,7.9,NA
6.83089E+14,23813,2024,2020,1.80004E+15,1.80004E+15,59.92076,-158.4895,94,23813AC,PIGL,32,13.9,NA
6.83089E+14,23813,2024,2020,1.80004E+15,1.80004E+15,59.92076,-158.4895,94,23813AD,PIGL,20.32,0.5,NA
6.83089E+14,23813,2024,2020,NA,1.80004E+15,59.92076,-158.4895,94,23813AE,PIGL,18.29,3.2,NA
6.83089E+14,23845,2024,2020,1.80004E+15,1.80004E+15,59.51544,-158.6122,94,23845AA,PIGL,27.94,1.6,NA
6.83089E+14,23845,2024,2020,1.80004E+15,1.80004E+15,59.51544,-158.6122,94,23845AB,PIGL,38.1,1.2,NA
6.83089E+14,23845,2024,2020,NA,1.80004E+15,59.51544,-158.6122,94,23845AC,PIGL,29.46,5.4,NA
6.83089E+14,23845,2024,2020,NA,1.80004E+15,59.51544,-158.6122,94,23845AD,PIGL,32.26,9.2,NA
6.83089E+14,23845,2024,2020,NA,1.80004E+15,59.51544,-158.6122,94,23845AE,PIGL,37.59,11.8,NA
6.83089E+14,23845,2024,2020,1.80004E+15,1.80004E+15,59.51544,-158.6122,94,23845AF,PIGL,26.16,10.4,NA
6.83089E+14,23845,2024,2020,1.80004E+15,NA,59.51544,-158.6122,94,23845AG,PIGL,22.1,12.6,NA
6.83089E+14,23845,2024,2020,1.80004E+15,NA,59.51544,-158.6122,94,23845AH,PIGL,13.72,1.4,NA
6.83089E+14,23857,2024,2020,NA,1.80004E+15,59.61871,-157.0214,94,23857AA,PIGL,17.27,3.4,NA
6.83089E+14,23857,2024,2020,NA,1.80004E+15,59.61871,-157.0214,94,23857AB,PIGL,13.46,5.2,NA
6.83089E+14,23857,2024,2020,1.80004E+15,1.80004E+15,59.61871,-157.0214,94,23857AC,PIGL,18.29,11.2,NA
6.83089E+14,23857,2024,2020,1.80004E+15,1.80004E+15,59.61871,-157.0214,94,23857AE,PIGL,12.95,3.5,NA
6.83089E+14,23857,2024,2020,1.80004E+15,NA,59.61871,-157.0214,94,23857AF,PIGL,26.16,43.6,NA
6.83089E+14,24376,2024,2020,1.80005E+15,1.80005E+15,62.17019,-155.6207,95,24376AA,PIMA,15.49,1.8,NA
6.83089E+14,24376,2024,2020,NA,1.80005E+15,62.17019,-155.6207,95,24376AB,PIMA,9.14,2.8,NA
6.83089E+14,24376,2024,2020,NA,1.80005E+15,62.17019,-155.6207,95,24376AC,PIMA,8.13,1.5,NA
6.83089E+14,24376,2024,2020,NA,1.80005E+15,62.17019,-155.6207,95,24376AD,PIMA,6.86,1.7,NA
1.23821E+15,25707,2024,2022,1.80005E+15,1.80005E+15,63.05338,-156.9541,95,25707AA,PIMA,12.7,1,NA
1.23821E+15,25707,2024,2022,NA,1.80005E+15,63.05338,-156.9541,95,25707AB,PIMA,8.89,7.3,NA
1.23821E+15,25707,2024,2022,NA,1.80005E+15,63.05338,-156.9541,95,25707AC,PIMA,10.41,0.7,NA
1.23821E+15,25707,2024,2022,NA,1.80005E+15,63.05338,-156.9541,95,25707AD,PIMA,9.14,3,NA
6.83089E+14,26140,2024,2020,NA,1.80004E+15,59.82309,-157.7744,94,26140AA,PIGL,20.32,7.5,NA
6.83089E+14,26140,2024,2020,NA,1.80004E+15,59.82309,-157.7744,94,26140AA,PIGL,20.32,7.5,NA
6.83089E+14,26140,2024,2020,NA,1.80004E+15,59.82309,-157.7744,94,26140AB,PIGL,25.15,1.2,NA
6.83089E+14,26140,2024,2020,NA,1.80004E+15,59.82309,-157.7744,94,26140AB,PIGL,25.15,1.2,NA
6.83089E+14,26140,2024,2020,NA,1.80004E+15,59.82309,-157.7744,94,26140AC,PIGL,16.51,6.9,NA
6.83089E+14,26140,2024,2020,NA,1.80004E+15,59.82309,-157.7744,94,26140AC,PIGL,16.51,6.9,NA
6.83089E+14,26140,2024,2020,NA,1.80004E+15,59.82309,-157.7744,94,26140AD,PIGL,21.59,2.8,NA
6.83089E+14,26140,2024,2020,NA,1.80004E+15,59.82309,-157.7744,94,26140AD,PIGL,21.59,2.8,NA
6.83089E+14,26140,2024,2020,1.80004E+15,1.80004E+15,59.82309,-157.7744,94,26140AE,PIGL,34.29,4.5,NA
6.83089E+14,26140,2024,2020,1.80004E+15,1.80004E+15,59.82309,-157.7744,94,26140AE,PIGL,34.29,4.5,NA
6.83089E+14,26562,2024,2020,1.80004E+15,1.80004E+15,60.07811,-158.3996,94,26562AA,PIGL,12.7,6.1,NA
6.83089E+14,26562,2024,2020,NA,1.80004E+15,60.07811,-158.3996,94,26562AB,PIGL,16.26,2,NA
6.83089E+14,26562,2024,2020,NA,1.80004E+15,60.07811,-158.3996,94,26562AC,PIGL,17.78,7.9,NA
6.83089E+14,26562,2024,2020,NA,1.80004E+15,60.07811,-158.3996,94,26562AD,PIGL,25.65,14.6,NA
6.83089E+14,26562,2024,2020,1.80004E+15,NA,60.07811,-158.3996,94,26562AE,PIGL,22.61,25.4,NA
6.83089E+14,26562,2024,2020,1.80004E+15,NA,60.07811,-158.3996,94,26562AF,PIGL,13.21,9.8,NA
6.83089E+14,27114,2024,2020,1.80003E+15,1.80003E+15,59.86016,-157.4605,94,27114AA,PIGL,24.64,7.1,NA
6.83089E+14,27114,2024,2020,NA,1.80003E+15,59.86016,-157.4605,94,27114AB,PIGL,19.81,24,NA
6.83089E+14,27114,2024,2020,NA,1.80003E+15,59.86016,-157.4605,376,27114AC,BENE,8.13,8.5,NA
6.83089E+14,27327,2024,2020,1.80004E+15,1.80004E+15,60.11816,-154.744,94,27327AA,PIGL,34.29,19.1,NA
6.83089E+14,27327,2024,2020,1.80004E+15,1.80004E+15,60.11816,-154.744,94,27327AB,PIGL,16.26,4.3,NA
6.83089E+14,27327,2024,2020,1.80004E+15,1.80004E+15,60.11816,-154.744,94,27327AC,PIGL,21.34,3.7,NA
6.83089E+14,27327,2024,2020,1.80004E+15,NA,60.11816,-154.744,94,27327AE,PIGL,27.69,8.5,NA
6.83089E+14,27327,2024,2020,NA,1.80004E+15,60.11816,-154.744,94,27327AF,PIGL,18.54,9.6,NA
6.83089E+14,28138,2024,2020,NA,1.80004E+15,58.72022,-156.7701,376,28138AA,BENE,10.16,1.2,NA
6.83089E+14,28138,2024,2020,NA,1.80004E+15,58.72022,-156.7701,94,28138AB,PIGL,7.62,7.9,NA
6.83089E+14,28138,2024,2020,NA,1.80004E+15,58.72022,-156.7701,94,28138AC,PIGL,9.91,3.4,NA
6.8309E+14,28685,2024,2020,NA,1.80005E+15,60.27435,-155.1419,95,28685AA,PIMA,10.67,1,NA
6.8309E+14,28685,2024,2020,NA,1.80005E+15,60.27435,-155.1419,95,28685AB,PIMA,7.87,3.2,NA
6.8309E+14,28685,2024,2020,NA,1.80005E+15,60.27435,-155.1419,95,28685AC,PIMA,11.18,9.2,NA
1.23821E+15,29169,2024,2022,NA,1.80005E+15,63.56105,-156.2843,71,29169AA,LALA,7.87,8.7,NA
1.23821E+15,29169,2024,2022,NA,1.80005E+15,63.56105,-156.2843,71,29169AA,LALA,7.87,8.7,NA
1.23821E+15,29169,2024,2022,NA,1.80005E+15,63.56105,-156.2843,71,29169AB,LALA,6.6,2.3,NA
1.23821E+15,29169,2024,2022,NA,1.80005E+15,63.56105,-156.2843,71,29169AB,LALA,6.6,2.3,NA
1.23821E+15,29169,2024,2022,NA,1.80005E+15,63.56105,-156.2843,71,29169AC,LALA,7.87,1.3,NA
1.23821E+15,29169,2024,2022,NA,1.80005E+15,63.56105,-156.2843,71,29169AC,LALA,7.87,1.3,NA
6.83089E+14,18209,2024,2020,NA,1.80006E+15,59.90436,-157.8216,94,18209AA,PIGL,10.16,0.6,NA
6.83089E+14,18209,2024,2020,NA,1.80006E+15,59.90436,-157.8216,94,18209AB,PIGL,12.45,30.5,NA
6.83089E+14,18209,2024,2020,NA,1.80006E+15,59.90436,-157.8216,94,18209AC,PIGL,11.43,16.3,NA
6.83089E+14,30184,2024,2020,1.80004E+15,NA,59.01116,-157.5396,94,30184AA,PIGL,13.72,2.5,NA
1.23821E+15,30390,2024,2022,1.80005E+15,1.80005E+15,63.13808,-157.0042,94,30390AA,PIGL,16.76,3.1,NA
1.23821E+15,30390,2024,2022,1.80005E+15,1.80005E+15,63.13808,-157.0042,94,30390AB,PIGL,23.37,0.8,NA
1.23821E+15,30390,2024,2022,NA,1.80005E+15,63.13808,-157.0042,95,30390AC,PIMA,11.43,4.6,NA
1.23821E+15,30390,2024,2022,NA,1.80005E+15,63.13808,-157.0042,95,30390AD,PIMA,11.43,1.2,NA
1.23821E+15,30390,2024,2022,NA,1.80005E+15,63.13808,-157.0042,95,30390AE,PIMA,7.87,1.1,NA
1.23821E+15,30390,2024,2022,NA,1.80005E+15,63.13808,-157.0042,94,30390AF,PIGL,11.94,6.1,NA
1.23821E+15,30390,2024,2022,NA,1.80005E+15,63.13808,-157.0042,376,30390AH,BENE,9.4,6.6,NA
1.64287E+15,30989,2024,2022,NA,1.80006E+15,63.83632,-156.4298,95,30989AA,PIMA,11.68,10.9,NA
1.64287E+15,30989,2024,2022,NA,1.80006E+15,63.83632,-156.4298,95,30989AB,PIMA,9.4,3.8,NA
1.64287E+15,30989,2024,2022,NA,1.80006E+15,63.83632,-156.4298,95,30989AC,PIMA,6.35,2.2,NA
1.23821E+15,31314,2024,2022,NA,1.80005E+15,63.29325,-156.1267,95,31314AA,PIMA,7.37,3.8,NA
1.23821E+15,31314,2024,2022,NA,1.80005E+15,63.29325,-156.1267,95,31314AB,PIMA,9.65,9.6,NA
1.23821E+15,31314,2024,2022,NA,1.80005E+15,63.29325,-156.1267,95,31314AC,PIMA,10.41,3.2,NA
1.23821E+15,31314,2024,2022,1.80005E+15,NA,63.29325,-156.1267,95,31314AD,PIMA,13.46,6.8,NA
1.23821E+15,31314,2024,2022,1.80005E+15,NA,63.29325,-156.1267,71,31314AE,LALA,16,0.1,NA
6.83089E+14,31918,2024,2020,NA,1.80006E+15,62.36417,-156.9615,94,31918AA,PIGL,34.54,22.9,NA
6.83089E+14,31918,2024,2020,NA,1.80006E+15,62.36417,-156.9615,94,31918AB,PIGL,24.64,13.6,NA
6.83089E+14,31918,2024,2020,NA,1.80006E+15,62.36417,-156.9615,94,31918AC,PIGL,20.07,2.4,NA
1.23821E+15,31932,2024,2022,NA,1.80006E+15,63.44049,-156.0263,95,31932AA,PIMA,15.49,4.9,NA
1.23821E+15,31932,2024,2022,NA,1.80006E+15,63.44049,-156.0263,95,31932AB,PIMA,8.89,1.3,NA
1.23821E+15,31932,2024,2022,NA,1.80006E+15,63.44049,-156.0263,95,31932AC,PIMA,11.94,10.9,NA
1.23821E+15,31932,2024,2022,NA,1.80006E+15,63.44049,-156.0263,95,31932AD,PIMA,9.65,0.9,NA
6.83089E+14,32121,2024,2020,NA,1.80005E+15,59.01528,-155.9351,94,32121AA,PIGL,7.87,2.7,NA
6.83089E+14,32121,2024,2020,NA,1.80005E+15,59.01528,-155.9351,94,32121AB,PIGL,12.19,2.2,NA
6.83089E+14,32121,2024,2020,1.80005E+15,1.80005E+15,59.01528,-155.9351,94,32121AC,PIGL,18.8,9.2,NA
6.83089E+14,32121,2024,2020,1.80005E+15,1.80005E+15,59.01528,-155.9351,94,32121AD,PIGL,15.75,6.3,NA
6.83089E+14,32314,2024,2020,NA,1.80004E+15,59.70263,-157.5464,94,32314AA,PIGL,10.41,3.9,NA
6.83089E+14,32314,2024,2020,NA,1.80004E+15,59.70263,-157.5464,94,32314AB,PIGL,8.89,6.7,NA
6.83089E+14,32314,2024,2020,NA,1.80004E+15,59.70263,-157.5464,94,32314AC,PIGL,12.7,6.8,NA
6.83089E+14,32314,2024,2020,1.80004E+15,NA,59.70263,-157.5464,94,32314AD,PIGL,19.56,12.2,NA
6.83089E+14,32314,2024,2020,1.80004E+15,NA,59.70263,-157.5464,94,32314AE,PIGL,17.27,1.2,NA
1.23821E+15,32696,2024,2022,NA,1.80005E+15,63.12704,-156.2531,95,32696AA,PIMA,10.41,2.5,NA
1.23821E+15,32696,2024,2022,NA,1.80005E+15,63.12704,-156.2531,95,32696AB,PIMA,12.95,3.7,NA
1.23821E+15,32696,2024,2022,NA,1.80005E+15,63.12704,-156.2531,95,32696AC,PIMA,10.16,13.1,NA
6.83089E+14,35003,2024,2020,1.80004E+15,1.80004E+15,59.17613,-157.465,94,35003AA,PIGL,14.99,4.4,NA
6.83089E+14,35003,2024,2020,1.80004E+15,1.80004E+15,59.17613,-157.465,94,35003AB,PIGL,20.83,1.1,NA
6.83089E+14,35003,2024,2020,NA,1.80004E+15,59.17613,-157.465,94,35003AC,PIGL,17.27,29.1,NA
6.83089E+14,35003,2024,2020,NA,1.80004E+15,59.17613,-157.465,376,35003AD,BENE,13.97,4.4,NA
1.31885E+15,35049,2024,2022,NA,1.80006E+15,63.62462,-156.1309,95,35049AA,PIMA,8.38,2.9,NA
1.31885E+15,35049,2024,2022,NA,1.80006E+15,63.62462,-156.1309,95,35049AB,PIMA,8.64,4.5,NA
1.31885E+15,35049,2024,2022,NA,1.80006E+15,63.62462,-156.1309,95,35049AC,PIMA,9.14,2.4,NA
6.83089E+14,35118,2024,2020,NA,1.80004E+15,60.00135,-157.8554,94,35118AA,PIGL,12.7,7.8,NA
6.83089E+14,35118,2024,2020,NA,1.80004E+15,60.00135,-157.8554,94,35118AB,PIGL,18.54,5.4,NA
6.83089E+14,35118,2024,2020,NA,1.80004E+15,60.00135,-157.8554,94,35118AC,PIGL,18.29,4.5,NA
6.83089E+14,35118,2024,2020,1.80004E+15,1.80004E+15,60.00135,-157.8554,94,35118AD,PIGL,15.75,2,NA
6.83089E+14,35118,2024,2020,1.80004E+15,1.80004E+15,60.00135,-157.8554,94,35118AE,PIGL,20.57,7.6,NA
6.83089E+14,35118,2024,2020,1.80004E+15,NA,60.00135,-157.8554,94,35118AF,PIGL,27.43,19.1,NA
6.83089E+14,35118,2024,2020,1.80004E+15,NA,60.00135,-157.8554,94,35118AG,PIGL,28.96,38.4,NA
6.83089E+14,35253,2024,2020,1.80004E+15,1.80004E+15,61.2337,-160.7824,94,35253AA,PIGL,29.72,6.5,NA
6.83089E+14,35253,2024,2020,1.80004E+15,1.80004E+15,61.2337,-160.7824,94,35253AB,PIGL,26.42,11.7,NA
6.83089E+14,35253,2024,2020,1.80004E+15,1.80004E+15,61.2337,-160.7824,94,35253AC,PIGL,35.81,10.9,NA
6.83089E+14,35253,2024,2020,1.80004E+15,NA,61.2337,-160.7824,94,35253AD,PIGL,18.54,7.7,NA
6.8309E+14,35261,2024,2020,1.80004E+15,NA,59.57506,-158.4879,94,35261AA,PIGL,23.88,2.4,NA
6.8309E+14,35261,2024,2020,1.80004E+15,NA,59.57506,-158.4879,94,35261AB,PIGL,12.95,0.6,NA
6.8309E+14,35841,2024,2020,NA,1.80004E+15,59.94754,-156.3342,94,35841AA,PIGL,8.13,1,NA
6.8309E+14,35841,2024,2020,NA,1.80004E+15,59.94754,-156.3342,94,35841AA,PIGL,8.13,1,NA
6.8309E+14,35841,2024,2020,NA,1.80004E+15,59.94754,-156.3342,94,35841AB,PIGL,10.41,1,NA
6.8309E+14,35841,2024,2020,NA,1.80004E+15,59.94754,-156.3342,94,35841AB,PIGL,10.41,1,NA
6.8309E+14,35841,2024,2020,NA,1.80004E+15,59.94754,-156.3342,94,35841AC,PIGL,14.73,26.5,NA
6.8309E+14,35841,2024,2020,NA,1.80004E+15,59.94754,-156.3342,94,35841AC,PIGL,14.73,26.5,NA
6.83089E+14,36273,2024,2020,NA,1.80003E+15,58.92928,-154.9341,741,36273AA,POBA2,36.58,32.7,NA
6.83089E+14,36273,2024,2020,NA,1.80003E+15,58.92928,-154.9341,741,36273AB,POBA2,6.6,1.9,NA
1.23821E+15,36475,2024,2022,1.80005E+15,1.80005E+15,63.21032,-156.2985,95,36475AA,PIMA,15.75,12.4,NA
1.23821E+15,36475,2024,2022,NA,1.80005E+15,63.21032,-156.2985,95,36475AB,PIMA,10.67,0.4,NA
1.23821E+15,36475,2024,2022,NA,1.80005E+15,63.21032,-156.2985,95,36475AC,PIMA,12.19,3.8,NA
1.23821E+15,36475,2024,2022,1.80005E+15,NA,63.21032,-156.2985,94,36475AD,PIGL,12.95,4.4,NA
1.23821E+15,37376,2024,2022,NA,1.80005E+15,63.41245,-155.8378,95,37376AA,PIMA,9.4,0.6,NA
1.23821E+15,37376,2024,2022,NA,1.80005E+15,63.41245,-155.8378,95,37376AB,PIMA,8.38,1.3,NA
1.23821E+15,37376,2024,2022,NA,1.80005E+15,63.41245,-155.8378,95,37376AC,PIMA,12.45,12.5,NA
6.83089E+14,37827,2024,2020,1.80004E+15,1.80004E+15,59.17592,-158.5908,94,37827AA,PIGL,20.07,2.6,NA
6.83089E+14,37827,2024,2020,1.80004E+15,1.80004E+15,59.17592,-158.5908,94,37827AB,PIGL,14.73,2.8,NA
6.83089E+14,37827,2024,2020,NA,1.80004E+15,59.17592,-158.5908,94,37827AC,PIGL,17.27,3.4,NA
1.23821E+15,38312,2024,2022,NA,1.80005E+15,63.30085,-156.886,71,38312AA,LALA,10.41,3,NA
1.23821E+15,38312,2024,2022,NA,1.80005E+15,63.30085,-156.886,71,38312AB,LALA,11.18,8.3,NA
1.64287E+15,40158,2024,2022,NA,1.80006E+15,63.9413,-155.351,95,40158AA,PIMA,10.41,5.8,NA
1.64287E+15,40158,2024,2022,NA,1.80006E+15,63.9413,-155.351,95,40158AB,PIMA,10.41,3.7,NA
1.64287E+15,40158,2024,2022,NA,1.80006E+15,63.9413,-155.351,95,40158AC,PIMA,10.41,3,NA
6.83089E+14,40751,2024,2020,NA,1.80004E+15,59.32936,-157.3776,94,40751AA,PIGL,21.34,10.5,NA
6.83089E+14,40751,2024,2020,NA,1.80004E+15,59.32936,-157.3776,376,40751AB,BENE,14.22,4.2,NA
6.83089E+14,40751,2024,2020,NA,1.80004E+15,59.32936,-157.3776,94,40751AC,PIGL,23.37,27.4,NA
6.83089E+14,40751,2024,2020,NA,1.80004E+15,59.32936,-157.3776,376,40751AD,BENE,31.5,3.9,NA
6.83089E+14,40751,2024,2020,NA,1.80004E+15,59.32936,-157.3776,94,40751AE,PIGL,25.4,20.7,NA
6.83089E+14,40807,2024,2020,1.80005E+15,1.80005E+15,62.33157,-157.3048,94,40807AA,PIGL,21.34,10.8,NA
6.83089E+14,40807,2024,2020,1.80005E+15,NA,62.33157,-157.3048,94,40807AB,PIGL,16.51,1.5,NA
6.83089E+14,40807,2024,2020,1.80005E+15,1.80005E+15,62.33157,-157.3048,94,40807AC,PIGL,23.11,8.9,NA
6.83089E+14,40807,2024,2020,NA,1.80005E+15,62.33157,-157.3048,94,40807AD,PIGL,20.83,7.2,NA
6.83089E+14,40807,2024,2020,NA,1.80005E+15,62.33157,-157.3048,94,40807AE,PIGL,28.96,28.5,NA
6.83089E+14,40807,2024,2020,NA,1.80005E+15,62.33157,-157.3048,94,40807AF,PIGL,15.49,3.6,NA
6.83089E+14,41055,2024,2020,NA,1.80004E+15,59.25168,-156.8372,94,41055AA,PIGL,6.6,3.8,NA
6.83089E+14,41055,2024,2020,NA,1.80004E+15,59.25168,-156.8372,94,41055AB,PIGL,7.62,4.8,NA
6.83089E+14,41055,2024,2020,NA,1.80004E+15,59.25168,-156.8372,94,41055AD,PIGL,8.13,2,NA
1.23821E+15,41225,2024,2022,NA,1.80005E+15,63.47411,-156.2441,95,41225AA,PIMA,9.4,8.7,NA
1.23821E+15,41225,2024,2022,1.80005E+15,1.80005E+15,63.47411,-156.2441,95,41225AB,PIMA,14.22,4.5,NA
1.23821E+15,41225,2024,2022,NA,1.80005E+15,63.47411,-156.2441,95,41225AC,PIMA,11.18,1.4,NA
1.23821E+15,41225,2024,2022,NA,1.80005E+15,63.47411,-156.2441,95,41225AD,PIMA,11.94,7.9,NA
1.23821E+15,41225,2024,2022,NA,1.80005E+15,63.47411,-156.2441,95,41225AE,PIMA,8.89,3.6,NA
6.8309E+14,42312,2024,2020,NA,1.80004E+15,59.57988,-159.1417,376,42312AA,BENE,16.51,12.1,NA
6.8309E+14,42390,2024,2020,NA,1.80004E+15,58.96828,-158.9902,376,42390AA,BENE,14.48,4.7,NA
1.23821E+15,42724,2024,2022,NA,1.80006E+15,62.9669,-156.3514,94,42724AA,PIGL,22.86,5,NA
1.23821E+15,42724,2024,2022,1.80006E+15,1.80006E+15,62.9669,-156.3514,94,42724AB,PIGL,31.24,17.2,NA
1.23821E+15,42724,2024,2022,1.80006E+15,1.80006E+15,62.9669,-156.3514,94,42724AC,PIGL,23.37,1.3,NA
1.23821E+15,42724,2024,2022,NA,1.80006E+15,62.9669,-156.3514,94,42724AD,PIGL,10.16,2.5,NA
1.23821E+15,42724,2024,2022,NA,1.80006E+15,62.9669,-156.3514,94,42724AE,PIGL,12.45,0.8,NA
1.23821E+15,42724,2024,2022,NA,1.80006E+15,62.9669,-156.3514,94,42724AF,PIGL,10.67,0.7,NA
1.23821E+15,42724,2024,2022,1.80006E+15,NA,62.9669,-156.3514,94,42724AH,PIGL,21.84,0.9,NA
1.23821E+15,42724,2024,2022,1.80006E+15,NA,62.9669,-156.3514,94,42724AI,PIGL,12.95,3.3,NA
6.8309E+14,43168,2024,2020,NA,1.80004E+15,61.08816,-161.0358,95,43168AA,PIMA,8.13,2.1,NA
6.8309E+14,43168,2024,2020,NA,1.80004E+15,61.08816,-161.0358,95,43168AB,PIMA,6.86,7.2,NA
6.8309E+14,43168,2024,2020,NA,1.80004E+15,61.08816,-161.0358,95,43168AC,PIMA,7.62,1.4,NA
6.8309E+14,43168,2024,2020,1.80004E+15,NA,61.08816,-161.0358,95,43168AD,PIMA,17.02,11.7,NA
6.8309E+14,43265,2024,2020,1.80005E+15,NA,59.44975,-157.5906,94,43265AA,PIGL,22.86,0.5,NA
6.8309E+14,43265,2024,2020,NA,1.80005E+15,59.44975,-157.5906,94,43265AB,PIGL,18.03,15.3,NA
6.8309E+14,43265,2024,2020,NA,1.80005E+15,59.44975,-157.5906,94,43265AC,PIGL,18.54,15.8,NA
6.8309E+14,43265,2024,2020,1.80005E+15,1.80005E+15,59.44975,-157.5906,94,43265AD,PIGL,14.99,12.2,NA
6.8309E+14,43265,2024,2020,NA,1.80005E+15,59.44975,-157.5906,94,43265AE,PIGL,18.8,3.7,NA
6.8309E+14,43265,2024,2020,1.80005E+15,1.80005E+15,59.44975,-157.5906,94,43265AF,PIGL,21.59,3.6,NA
6.8309E+14,43265,2024,2020,1.80005E+15,1.80005E+15,59.44975,-157.5906,94,43265AH,PIGL,18.29,17.4,NA
6.8309E+14,43265,2024,2020,1.80005E+15,NA,59.44975,-157.5906,94,43265AI,PIGL,13.72,0.8,NA
6.83089E+14,43615,2024,2020,1.80004E+15,1.80004E+15,59.74015,-158.3938,94,43615AA,PIGL,31.24,14.6,NA
6.83089E+14,43615,2024,2020,NA,1.80004E+15,59.74015,-158.3938,94,43615AB,PIGL,23.62,4.7,NA
6.83089E+14,43615,2024,2020,NA,1.80004E+15,59.74015,-158.3938,94,43615AC,PIGL,24.38,10,NA
6.83089E+14,43615,2024,2020,1.80004E+15,1.80004E+15,59.74015,-158.3938,94,43615AD,PIGL,24.64,1.4,NA
6.83089E+14,43615,2024,2020,1.80004E+15,NA,59.74015,-158.3938,94,43615AE,PIGL,13.97,4,NA
6.8309E+14,45135,2024,2020,NA,1.80004E+15,59.33153,-158.5151,94,45135AA,PIGL,19.56,10.9,NA
6.8309E+14,45135,2024,2020,NA,1.80004E+15,59.33153,-158.5151,94,45135AB,PIGL,22.35,6.7,NA
6.8309E+14,45135,2024,2020,NA,1.80004E+15,59.33153,-158.5151,94,45135AC,PIGL,22.61,0.9,NA
6.8309E+14,45135,2024,2020,NA,1.80004E+15,59.33153,-158.5151,94,45135AD,PIGL,21.84,17.4,NA
6.8309E+14,45135,2024,2020,NA,1.80004E+15,59.33153,-158.5151,376,45135AE,BENE,19.56,4.5,NA
6.8309E+14,45135,2024,2020,1.80004E+15,NA,59.33153,-158.5151,94,45135AF,PIGL,33.53,4.2,NA
6.8309E+14,45135,2024,2020,NA,1.80004E+15,59.33153,-158.5151,94,45135AG,PIGL,16.51,1.2,NA
6.8309E+14,45135,2024,2020,1.80004E+15,1.80004E+15,59.33153,-158.5151,94,45135AI,PIGL,15.24,0.6,NA
6.8309E+14,45135,2024,2020,1.80004E+15,1.80004E+15,59.33153,-158.5151,94,45135AK,PIGL,13.97,2.2,NA
6.83089E+14,45686,2024,2020,1.80004E+15,NA,59.34488,-158.0383,94,45686AA,PIGL,19.05,3.1,NA
6.83089E+14,45686,2024,2020,NA,1.80004E+15,59.34488,-158.0383,94,45686AB,PIGL,31.24,6.4,NA
6.83089E+14,45686,2024,2020,NA,1.80004E+15,59.34488,-158.0383,94,45686AC,PIGL,23.88,17.3,NA
6.83089E+14,45686,2024,2020,NA,1.80004E+15,59.34488,-158.0383,94,45686AD,PIGL,27.94,0.8,NA
6.83089E+14,45686,2024,2020,1.80004E+15,NA,59.34488,-158.0383,94,45686AE,PIGL,27.43,6.4,NA
6.8309E+14,45701,2024,2020,NA,1.80005E+15,59.93367,-157.9939,94,45701AA,PIGL,22.61,21,NA
6.8309E+14,45701,2024,2020,NA,1.80005E+15,59.93367,-157.9939,94,45701AB,PIGL,19.81,22.1,NA
6.8309E+14,45701,2024,2020,NA,1.80005E+15,59.93367,-157.9939,94,45701AC,PIGL,19.05,11.6,NA
1.23821E+15,45850,2024,2022,1.80005E+15,1.80005E+15,63.05343,-156.389,95,45850AA,PIMA,13.72,8.4,NA
1.23821E+15,45850,2024,2022,NA,1.80005E+15,63.05343,-156.389,95,45850AB,PIMA,12.7,4.9,NA
1.23821E+15,45850,2024,2022,NA,1.80005E+15,63.05343,-156.389,95,45850AC,PIMA,14.73,8,NA
6.8309E+14,46338,2024,2020,NA,1.80004E+15,61.72031,-157.8806,94,46338AA,PIGL,30.23,39.9,NA
6.8309E+14,46338,2024,2020,1.80004E+15,1.80004E+15,61.72031,-157.8806,94,46338AC,PIGL,24.13,37.1,NA
6.8309E+14,46338,2024,2020,NA,1.80004E+15,61.72031,-157.8806,95,46338AD,PIMA,9.91,8,NA
6.8309E+14,46338,2024,2020,NA,1.80004E+15,61.72031,-157.8806,95,46338AE,PIMA,9.91,2.9,NA
6.8309E+14,46338,2024,2020,NA,1.80004E+15,61.72031,-157.8806,95,46338AF,PIMA,7.87,1.5,NA
6.8309E+14,46338,2024,2020,1.80004E+15,1.80004E+15,61.72031,-157.8806,94,46338AG,PIGL,13.46,7.9,NA
1.23821E+15,46759,2024,2022,NA,1.80006E+15,63.35971,-157.3009,71,46759AA,LALA,9.4,0.4,NA
1.23821E+15,47383,2024,2022,NA,1.80005E+15,63.36197,-156.7373,95,47383AA,PIMA,9.4,0.8,NA
1.23821E+15,47383,2024,2022,NA,1.80005E+15,63.36197,-156.7373,95,47383AB,PIMA,11.94,2.7,NA
1.23821E+15,47383,2024,2022,NA,1.80005E+15,63.36197,-156.7373,95,47383AC,PIMA,7.87,1,NA
1.23821E+15,47383,2024,2022,1.80005E+15,NA,63.36197,-156.7373,95,47383AD,PIMA,12.7,7.2,NA
1.23821E+15,47490,2024,2022,NA,1.80005E+15,63.12117,-156.8032,95,47490AA,PIMA,9.4,0.7,NA
1.23821E+15,47490,2024,2022,NA,1.80005E+15,63.12117,-156.8032,95,47490AB,PIMA,8.38,4.7,NA
1.23821E+15,47490,2024,2022,NA,1.80005E+15,63.12117,-156.8032,95,47490AC,PIMA,8.89,1.1,NA
1.23821E+15,47596,2024,2022,NA,1.80005E+15,63.22211,-157.6003,95,47596AA,PIMA,9.65,4.6,NA
1.23821E+15,47596,2024,2022,NA,1.80005E+15,63.22211,-157.6003,95,47596AB,PIMA,9.65,1.9,NA
1.23821E+15,47596,2024,2022,NA,1.80005E+15,63.22211,-157.6003,95,47596AC,PIMA,12.45,7.3,NA
6.83089E+14,48165,2024,2020,1.80004E+15,1.80004E+15,59.49738,-159.1008,94,48165AA,PIGL,26.67,2.3,NA
6.83089E+14,48165,2024,2020,1.80004E+15,1.80004E+15,59.49738,-159.1008,94,48165AB,PIGL,31.75,20.3,NA
6.83089E+14,48165,2024,2020,NA,1.80004E+15,59.49738,-159.1008,94,48165AC,PIGL,31.24,18.1,NA
1.64287E+15,49113,2024,2022,NA,1.80006E+15,63.7812,-156.024,95,49113AA,PIMA,10.67,12.8,NA
1.64287E+15,49113,2024,2022,NA,1.80006E+15,63.7812,-156.024,95,49113AB,PIMA,10.92,2,NA
1.64287E+15,49113,2024,2022,NA,1.80006E+15,63.7812,-156.024,95,49113AC,PIMA,10.16,8.6,NA
6.83089E+14,50616,2024,2020,NA,1.80004E+15,59.80911,-158.9302,94,50616AA,PIGL,33.78,30.3,NA
6.83089E+14,50616,2024,2020,1.80004E+15,1.80004E+15,59.80911,-158.9302,94,50616AB,PIGL,26.16,5.3,NA
6.83089E+14,50616,2024,2020,1.80004E+15,1.80004E+15,59.80911,-158.9302,94,50616AC,PIGL,31.5,11.3,NA
6.83089E+14,50616,2024,2020,1.80004E+15,NA,59.80911,-158.9302,94,50616AD,PIGL,51.82,27.5,NA
6.83089E+14,50616,2024,2020,1.80004E+15,NA,59.80911,-158.9302,94,50616AE,PIGL,18.03,14,NA
6.83089E+14,50616,2024,2020,1.80004E+15,NA,59.80911,-158.9302,94,50616AF,PIGL,12.95,NA,core missing
1.23821E+15,50904,2024,2022,NA,1.80005E+15,63.26597,-157.2454,95,50904AA,PIMA,8.64,0.9,NA
1.23821E+15,50904,2024,2022,NA,1.80005E+15,63.26597,-157.2454,95,50904AB,PIMA,8.89,7.5,NA
1.23821E+15,50904,2024,2022,NA,1.80005E+15,63.26597,-157.2454,95,50904AC,PIMA,10.41,9,NA
1.23821E+15,51569,2024,2022,1.80005E+15,1.80005E+15,63.15485,-156.4481,95,51569AA,PIMA,13.46,3.7,NA
1.23821E+15,51569,2024,2022,NA,1.80005E+15,63.15485,-156.4481,95,51569AB,PIMA,10.41,1.6,NA
1.23821E+15,51569,2024,2022,1.80005E+15,1.80005E+15,63.15485,-156.4481,94,51569AC,PIGL,26.16,2.4,NA
1.23821E+15,51569,2024,2022,NA,1.80005E+15,63.15485,-156.4481,94,51569AD,PIGL,30.23,17.8,NA
1.23821E+15,51569,2024,2022,NA,1.80005E+15,63.15485,-156.4481,94,51569AE,PIGL,32,11.2,NA
1.23821E+15,51569,2024,2022,NA,1.80005E+15,63.15485,-156.4481,95,51569AF,PIMA,9.91,0.7,NA
6.83089E+14,51896,2024,2020,NA,1.80005E+15,59.35008,-158.6974,94,51896AA,PIGL,28.7,25.1,NA
6.83089E+14,51896,2024,2020,NA,1.80005E+15,59.35008,-158.6974,376,51896AB,BENE,14.22,1.5,NA
1.64286E+15,52178,2024,2022,NA,1.80006E+15,63.69867,-155.4146,95,52178AA,PIMA,8.89,4.2,NA
1.64286E+15,52178,2024,2022,1.80006E+15,1.80006E+15,63.69867,-155.4146,95,52178AB,PIMA,12.7,7.1,NA
1.64286E+15,52178,2024,2022,NA,1.80006E+15,63.69867,-155.4146,95,52178AC,PIMA,10.67,6.8,NA
1.64286E+15,52178,2024,2022,NA,1.80006E+15,63.69867,-155.4146,95,52178AD,PIMA,6.86,0.8,NA
1.23821E+15,52392,2024,2022,NA,1.80005E+15,63.27199,-156.715,95,52392AA,PIMA,8.89,7.4,NA
1.23821E+15,52392,2024,2022,NA,1.80005E+15,63.27199,-156.715,95,52392AB,PIMA,9.91,5.5,NA
1.23821E+15,52392,2024,2022,NA,1.80005E+15,63.27199,-156.715,95,52392AC,PIMA,10.41,9.1,NA
1.23821E+15,52939,2024,2022,1.80005E+15,1.80005E+15,62.83667,-156.6607,94,52939AA,PIGL,23.37,1.3,NA
1.23821E+15,52939,2024,2022,1.80005E+15,1.80005E+15,62.83667,-156.6607,94,52939AB,PIGL,28.7,10,NA
1.23821E+15,52939,2024,2022,NA,1.80005E+15,62.83667,-156.6607,94,52939AC,PIGL,41.66,1.7,NA
1.23821E+15,52939,2024,2022,NA,1.80005E+15,62.83667,-156.6607,94,52939AD,PIGL,25.91,0.7,NA
6.83089E+14,53139,2024,2020,NA,1.80005E+15,59.2316,-155.6942,94,53139AG,PIGL,10.41,6.3,NA
6.83089E+14,53139,2024,2020,1.80005E+15,NA,59.2316,-155.6942,94,53139AA,PIGL,15.75,6.9,NA
6.83089E+14,53139,2024,2020,1.80005E+15,1.80005E+15,59.2316,-155.6942,94,53139AC,PIGL,16,7.1,NA
6.83089E+14,53139,2024,2020,NA,1.80005E+15,59.2316,-155.6942,94,53139AD,PIGL,20.07,10.1,NA
6.83089E+14,53139,2024,2020,NA,1.80005E+15,59.2316,-155.6942,94,53139AE,PIGL,13.21,9.9,NA
6.83089E+14,53139,2024,2020,NA,1.80005E+15,59.2316,-155.6942,94,53139AH,PIGL,10.16,6.2,NA
6.83089E+14,53273,2024,2020,1.80004E+15,1.80004E+15,60.1058,-158.5874,94,53273AA,PIGL,19.3,1.1,NA
6.83089E+14,53273,2024,2020,1.80004E+15,1.80004E+15,60.1058,-158.5874,94,53273AB,PIGL,17.27,0.4,NA
6.83089E+14,53273,2024,2020,NA,1.80004E+15,60.1058,-158.5874,94,53273AC,PIGL,18.03,1.1,NA
6.83089E+14,53273,2024,2020,1.80004E+15,NA,60.1058,-158.5874,94,53273AD,PIGL,28.45,17.7,NA
6.83089E+14,53273,2024,2020,1.80004E+15,NA,60.1058,-158.5874,94,53273AE,PIGL,25.15,1.1,NA
6.8309E+14,53397,2024,2020,NA,1.80004E+15,60.14141,-155.4147,94,53397AA,PIGL,11.18,2.4,NA
6.8309E+14,53397,2024,2020,NA,1.80004E+15,60.14141,-155.4147,94,53397AB,PIGL,10.67,0.9,NA
6.8309E+14,53397,2024,2020,NA,1.80004E+15,60.14141,-155.4147,94,53397AC,PIGL,8.38,0.6,NA
6.8309E+14,53397,2024,2020,NA,1.80004E+15,60.14141,-155.4147,376,53397AD,BENE,4.06,1.2,NA
6.83089E+14,54552,2024,2020,1.80005E+15,1.80005E+15,59.43338,-158.0834,94,54552AA,PIGL,23.62,7.5,NA
6.83089E+14,54552,2024,2020,NA,1.80005E+15,59.43338,-158.0834,94,54552AC,PIGL,23.37,1.6,NA
6.83089E+14,54552,2024,2020,NA,1.80005E+15,59.43338,-158.0834,94,54552AD,PIGL,21.84,23.5,NA
6.83089E+14,54552,2024,2020,NA,1.80005E+15,59.43338,-158.0834,94,54552AE,PIGL,18.54,6.5,NA
6.83089E+14,55303,2024,2020,1.80004E+15,1.80004E+15,60.26492,-157.3121,94,55303AA,PIGL,17.02,12.7,NA
6.83089E+14,55303,2024,2020,NA,1.80004E+15,60.26492,-157.3121,94,55303AB,PIGL,9.65,13.4,NA
6.83089E+14,55303,2024,2020,NA,1.80004E+15,60.26492,-157.3121,94,55303AC,PIGL,10.67,6.4,NA
6.83089E+14,55303,2024,2020,NA,1.80004E+15,60.26492,-157.3121,94,55303AD,PIGL,8.89,6.5,NA
6.83089E+14,55414,2024,2020,NA,1.80004E+15,60.33166,-161.0885,94,55414AA,PIGL,19.3,1.4,NA
6.83089E+14,55414,2024,2020,NA,1.80004E+15,60.33166,-161.0885,94,55414AB,PIGL,21.34,2.1,NA
6.83089E+14,55414,2024,2020,NA,1.80004E+15,60.33166,-161.0885,94,55414AC,PIGL,21.08,1.7,NA
6.83089E+14,55414,2024,2020,NA,1.80004E+15,60.33166,-161.0885,94,55414AD,PIGL,9.65,1.4,NA
6.83089E+14,55414,2024,2020,NA,1.80004E+15,60.33166,-161.0885,94,55414AE,PIGL,11.68,1.6,NA
6.83089E+14,55414,2024,2020,NA,1.80004E+15,60.33166,-161.0885,94,55414AF,PIGL,11.68,1.6,NA
6.83089E+14,55414,2024,2020,1.80004E+15,NA,60.33166,-161.0885,94,55414AG,PIGL,14.22,10.1,NA
1.23821E+15,55535,2024,2022,1.80005E+15,1.80005E+15,63.52624,-156.0746,94,55535AA,PIGL,15.75,2.2,NA
1.23821E+15,55535,2024,2022,NA,1.80005E+15,63.52624,-156.0746,376,55535AB,BENE,9.14,8.6,NA
1.23821E+15,55535,2024,2022,NA,1.80005E+15,63.52624,-156.0746,94,55535AC,PIGL,18.03,13.9,NA
1.23821E+15,55535,2024,2022,NA,1.80005E+15,63.52624,-156.0746,94,55535AD,PIGL,13.21,1.1,NA
1.23821E+15,55535,2024,2022,NA,1.80005E+15,63.52624,-156.0746,94,55535AE,PIGL,9.14,6.4,NA
1.23821E+15,55535,2024,2022,NA,1.80005E+15,63.52624,-156.0746,95,55535AF,PIMA,11.68,1.8,NA
6.8309E+14,55588,2024,2020,1.80005E+15,1.80005E+15,59.14753,-159.0874,94,55588AA,PIGL,19.56,1,NA
6.8309E+14,55588,2024,2020,NA,1.80005E+15,59.14753,-159.0874,94,55588AC,PIGL,14.22,1,NA
6.8309E+14,55588,2024,2020,1.80005E+15,NA,59.14753,-159.0874,94,55588AD,PIGL,16.26,2,NA
6.8309E+14,55588,2024,2020,1.80005E+15,NA,59.14753,-159.0874,94,55588AE,PIGL,23.88,4.9,NA
6.83089E+14,55800,2024,2020,NA,1.80005E+15,59.06966,-156.7639,94,55800AA,PIGL,7.62,7.1,NA
6.83089E+14,55800,2024,2020,NA,1.80005E+15,59.06966,-156.7639,94,55800AB,PIGL,9.4,0.9,NA
6.83089E+14,55800,2024,2020,NA,1.80005E+15,59.06966,-156.7639,94,55800AC,PIGL,10.41,5,NA
6.83089E+14,55800,2024,2020,1.80005E+15,NA,59.06966,-156.7639,94,55800AD,PIGL,16,6.3,NA
6.8309E+14,57124,2024,2020,NA,1.80004E+15,59.036,-156.5844,94,57124AA,PIGL,10.92,2.5,NA
6.8309E+14,57124,2024,2020,NA,1.80004E+15,59.036,-156.5844,94,57124AB,PIGL,12.45,5.3,NA
6.8309E+14,57124,2024,2020,NA,1.80004E+15,59.036,-156.5844,94,57124AC,PIGL,11.94,6.7,NA
6.8309E+14,57124,2024,2020,1.80004E+15,NA,59.036,-156.5844,94,57124AD,PIGL,19.56,6.1,NA
6.8309E+14,57124,2024,2020,1.80004E+15,NA,59.036,-156.5844,94,57124AE,PIGL,14.99,6.1,NA
6.83089E+14,57977,2024,2020,NA,1.80005E+15,59.16687,-156.309,94,57977AA,PIGL,12.45,8.6,NA
6.83089E+14,57977,2024,2020,1.80005E+15,NA,59.16687,-156.309,94,57977AC,PIGL,22.86,2.7,NA
6.83089E+14,57977,2024,2020,NA,1.80005E+15,59.16687,-156.309,94,57977AD,PIGL,10.92,18.5,NA
6.83089E+14,57977,2024,2020,NA,1.80005E+15,59.16687,-156.309,94,57977AE,PIGL,12.45,8.3,NA
6.83089E+14,59184,2024,2020,1.80005E+15,1.80005E+15,59.051,-155.6264,94,59184AA,PIGL,16.51,12.2,NA
6.83089E+14,59184,2024,2020,NA,1.80005E+15,59.051,-155.6264,94,59184AB,PIGL,21.34,6.1,NA
6.83089E+14,59184,2024,2020,NA,1.80005E+15,59.051,-155.6264,94,59184AC,PIGL,18.29,2.7,NA
6.83089E+14,59325,2024,2020,NA,1.80004E+15,59.97002,-158.8746,94,59325AA,PIGL,22.61,7.2,NA
6.83089E+14,59325,2024,2020,NA,1.80004E+15,59.97002,-158.8746,94,59325AB,PIGL,17.78,2.4,NA
6.83089E+14,59325,2024,2020,1.80004E+15,1.80004E+15,59.97002,-158.8746,94,59325AC,PIGL,25.91,21.8,NA
6.83089E+14,59325,2024,2020,1.80004E+15,1.80004E+15,59.97002,-158.8746,94,59325AD,PIGL,16.51,12.3,NA
6.83089E+14,59357,2024,2020,1.80006E+15,1.80006E+15,59.64495,-158.3538,94,59357AA,PIGL,13.21,10.2,NA
6.83089E+14,59357,2024,2020,1.80006E+15,1.80006E+15,59.64495,-158.3538,94,59357AB,PIGL,19.56,1,NA
6.83089E+14,59357,2024,2020,NA,1.80006E+15,59.64495,-158.3538,94,59357AC,PIGL,17.78,1.6,NA
6.83089E+14,59357,2024,2020,NA,1.80006E+15,59.64495,-158.3538,94,59357AD,PIGL,19.81,1.9,NA
6.83089E+14,59357,2024,2020,NA,1.80006E+15,59.64495,-158.3538,94,59357AE,PIGL,18.54,0.4,NA
6.83089E+14,61452,2024,2020,NA,1.80004E+15,61.73269,-157.3655,94,61452AB,PIGL,37.59,13.9,NA
6.83089E+14,61648,2024,2020,NA,1.80005E+15,60.01232,-156.1837,94,61648AA,PIGL,18.54,0.8,NA
6.83089E+14,61648,2024,2020,NA,1.80005E+15,60.01232,-156.1837,94,61648AB,PIGL,30.23,7.7,NA
6.83089E+14,61648,2024,2020,NA,1.80005E+15,60.01232,-156.1837,94,61648AC,PIGL,30.73,19.4,NA
6.83089E+14,63012,2024,2020,1.80005E+15,1.80005E+15,59.0805,-157.4089,94,63012AA,PIGL,31.24,1.9,NA
6.83089E+14,63012,2024,2020,NA,1.80005E+15,59.0805,-157.4089,94,63012AB,PIGL,9.14,1.6,NA
6.83089E+14,63012,2024,2020,NA,1.80005E+15,59.0805,-157.4089,94,63012AC,PIGL,22.61,16.9,NA
6.83089E+14,63012,2024,2020,NA,1.80005E+15,59.0805,-157.4089,94,63012AD,PIGL,19.56,2.4,NA
6.83089E+14,63012,2024,2020,NA,1.80005E+15,59.0805,-157.4089,94,63012AE,PIGL,20.57,3.9,NA
6.83089E+14,63012,2024,2020,NA,1.80005E+15,59.0805,-157.4089,94,63012AF,PIGL,9.65,20.9,NA
6.83089E+14,63012,2024,2020,NA,1.80005E+15,59.0805,-157.4089,94,63012AG,PIGL,6.86,4.1,NA
6.83089E+14,63104,2024,2020,NA,1.80004E+15,59.48859,-158.4232,94,63104AA,PIGL,21.84,2.6,NA
6.83089E+14,63104,2024,2020,NA,1.80004E+15,59.48859,-158.4232,94,63104AB,PIGL,21.34,5.7,NA
6.83089E+14,63104,2024,2020,NA,1.80004E+15,59.48859,-158.4232,94,63104AC,PIGL,22.61,6.7,NA
6.83089E+14,63104,2024,2020,1.80004E+15,NA,59.48859,-158.4232,94,63104AD,PIGL,23.11,20.5,NA
6.83089E+14,63104,2024,2020,1.80004E+15,NA,59.48859,-158.4232,94,63104AE,PIGL,12.7,1.5,NA
6.83089E+14,63721,2024,2020,1.80004E+15,1.80004E+15,59.06605,-157.8943,94,63721AA,PIGL,18.54,1.3,NA
6.83089E+14,63721,2024,2020,1.80004E+15,1.80004E+15,59.06605,-157.8943,94,63721AB,PIGL,14.73,10.5,NA
6.83089E+14,63721,2024,2020,NA,1.80004E+15,59.06605,-157.8943,94,63721AC,PIGL,19.05,21.8,NA
6.83089E+14,63721,2024,2020,NA,1.80004E+15,59.06605,-157.8943,94,63721AD,PIGL,20.07,9.3,NA
6.83089E+14,63721,2024,2020,NA,1.80004E+15,59.06605,-157.8943,94,63721AE,PIGL,21.08,1.4,NA
6.8309E+14,63780,2024,2020,1.80004E+15,1.80004E+15,59.04475,-156.1135,94,63780AA,PIGL,13.72,6.1,NA
6.8309E+14,63780,2024,2020,NA,1.80004E+15,59.04475,-156.1135,94,63780AC,PIGL,11.68,1.2,NA
6.8309E+14,63780,2024,2020,NA,1.80004E+15,59.04475,-156.1135,94,63780AD,PIGL,8.38,1.7,NA
6.8309E+14,63780,2024,2020,NA,1.80004E+15,59.04475,-156.1135,94,63780AE,PIGL,7.37,4.2,NA
6.8309E+14,63780,2024,2020,NA,1.80004E+15,59.04475,-156.1135,94,63780AF,PIGL,14.48,8.3,NA
1.64286E+15,63920,2024,2022,NA,1.80006E+15,63.87769,-155.4879,95,63920AA,PIMA,10.16,9.5,NA
1.64286E+15,63920,2024,2022,NA,1.80006E+15,63.87769,-155.4879,95,63920AB,PIMA,10.16,0.9,NA
1.64286E+15,63920,2024,2022,1.80006E+15,1.80006E+15,63.87769,-155.4879,95,63920AC,PIMA,12.7,2.7,NA
1.64286E+15,63920,2024,2022,NA,1.80006E+15,63.87769,-155.4879,95,63920AD,PIMA,7.87,2.9,NA
1.64286E+15,63920,2024,2022,NA,1.80006E+15,63.87769,-155.4879,95,63920AE,PIMA,12.7,3.5,NA
9.23529E+14,169,2025,2022,NA,1.92247E+15,62.22962,-158.5192,95,00169AA,PIMA,6.86,1.8,NA
9.23529E+14,169,2025,2022,NA,1.92247E+15,62.22962,-158.5192,95,00169AB,PIMA,8.13,2.6,NA
9.23529E+14,169,2025,2022,NA,1.92247E+15,62.22962,-158.5192,95,00169AC,PIMA,8.38,2.2,NA
1.31885E+15,405,2025,2022,NA,1.92249E+15,64.21881,-152.6154,95,00405AD,PIMA,8.64,3,NA
1.31885E+15,405,2025,2022,NA,1.92249E+15,64.21881,-152.6154,95,00405AE,PIMA,13.97,2,NA
1.23821E+15,1206,2025,2022,1.92248E+15,1.92248E+15,62.63937,-158.3941,95,01206AA,PIMA,14.99,1,NA
1.23821E+15,1206,2025,2022,1.92248E+15,1.92248E+15,62.63937,-158.3941,95,01206AB,PIMA,18.8,1.1,NA
1.23821E+15,1206,2025,2022,NA,1.92248E+15,62.63937,-158.3941,95,01206AC,PIMA,17.53,7.1,NA
1.23821E+15,1206,2025,2022,NA,1.92248E+15,62.63937,-158.3941,95,01206AD,PIMA,9.4,2.2,NA
1.23821E+15,1206,2025,2022,NA,1.92248E+15,62.63937,-158.3941,95,01206AE,PIMA,9.4,2.6,NA
1.23821E+15,1206,2025,2022,NA,1.92248E+15,62.63937,-158.3941,95,01206AF,PIMA,10.41,6.4,NA
9.23529E+14,1250,2025,2022,NA,1.92248E+15,62.43618,-158.8081,95,01250AA,PIMA,10.41,10.6,NA
9.23529E+14,1250,2025,2022,NA,1.92248E+15,62.43618,-158.8081,95,01250AB,PIMA,9.4,3.5,NA
9.23529E+14,1250,2025,2022,NA,1.92248E+15,62.43618,-158.8081,95,01250AC,PIMA,5.33,1.2,NA
1.64287E+15,3933,2025,2022,NA,1.92248E+15,63.84919,-155.8709,71,03933AB,LALA,9.14,0.8,NA
1.64287E+15,3933,2025,2022,NA,1.92248E+15,63.84919,-155.8709,95,03933AD,PIMA,3.81,1.2,NA
1.64287E+15,3933,2025,2022,NA,1.92248E+15,63.84919,-155.8709,71,03933AE,LALA,10.67,2.6,NA
9.23529E+14,4699,2025,2022,NA,1.92247E+15,62.5596,-157.7861,95,04699AA,PIMA,6.6,0.7,NA
9.23529E+14,4699,2025,2022,NA,1.92247E+15,62.5596,-157.7861,95,04699AB,PIMA,7.37,0.9,NA
9.23529E+14,4699,2025,2022,NA,1.92247E+15,62.5596,-157.7861,95,04699AC,PIMA,8.89,3.5,NA
6.83089E+14,5056,2025,2020,NA,1.92247E+15,61.44516,-161.9844,94,05056AA,PIGL,30.48,8.9,NA
6.83089E+14,5056,2025,2020,NA,1.92247E+15,61.44516,-161.9844,94,05056AB,PIGL,31.75,3.3,NA
6.83089E+14,5056,2025,2020,1.92247E+15,1.92247E+15,61.44516,-161.9844,94,05056AC,PIGL,43.43,3.3,NA
1.31885E+15,5116,2025,2022,1.92249E+15,1.92249E+15,61.76801,-162.7475,94,05116AA,PIGL,18.8,2,NA
1.31885E+15,5116,2025,2022,NA,1.92249E+15,61.76801,-162.7475,94,05116AB,PIGL,17.02,4.8,NA
1.31885E+15,5116,2025,2022,NA,1.92249E+15,61.76801,-162.7475,94,05116AC,PIGL,16.76,10.3,NA
1.64287E+15,6381,2025,2022,NA,1.92249E+15,63.56881,-154.6122,95,06381AA,PIMA,11.68,10.9,NA
1.64287E+15,6381,2025,2022,NA,1.92249E+15,63.56881,-154.6122,95,06381AB,PIMA,9.14,9.2,NA
1.64287E+15,6381,2025,2022,NA,1.92249E+15,63.56881,-154.6122,95,06381AC,PIMA,9.4,4,NA
1.23821E+15,9032,2025,2022,1.92247E+15,1.92247E+15,62.58266,-159.273,71,09032AA,LALA,14.73,2.2,NA
1.23821E+15,9032,2025,2022,NA,1.92247E+15,62.58266,-159.273,95,09032AB,PIMA,12.7,2,NA
1.23821E+15,9032,2025,2022,NA,1.92247E+15,62.58266,-159.273,95,09032AC,PIMA,13.72,2.2,NA
1.64287E+15,9147,2025,2022,NA,1.92248E+15,63.75848,-155.8247,95,09147AA,PIMA,9.4,1.4,NA
1.64287E+15,9147,2025,2022,NA,1.92248E+15,63.75848,-155.8247,95,09147AB,PIMA,8.13,0.7,NA
1.31885E+15,9601,2025,2022,1.92249E+15,1.92249E+15,62.34536,-162.6047,94,09601AA,PIGL,44.2,2,NA
1.31885E+15,9601,2025,2022,NA,1.92249E+15,62.34536,-162.6047,94,09601AB,PIGL,22.86,1.1,NA
1.31885E+15,9601,2025,2022,NA,1.92249E+15,62.34536,-162.6047,94,09601AC,PIGL,42.67,2.3,NA
1.23821E+15,9678,2025,2022,NA,1.92248E+15,62.53627,-158.879,95,09678AA,PIMA,11.94,1.7,NA
1.23821E+15,9678,2025,2022,NA,1.92248E+15,62.53627,-158.879,95,09678AB,PIMA,7.37,1.2,NA
1.23821E+15,9678,2025,2022,NA,1.92248E+15,62.53627,-158.879,95,09678AC,PIMA,10.41,0.7,NA
9.23529E+14,11327,2025,2022,NA,1.92247E+15,62.32182,-158.5748,95,11327AA,PIMA,11.43,2.4,NA
9.23529E+14,11327,2025,2022,NA,1.92247E+15,62.32182,-158.5748,95,11327AB,PIMA,10.41,1.1,NA
9.23529E+14,11327,2025,2022,NA,1.92247E+15,62.32182,-158.5748,95,11327AC,PIMA,10.16,8.8,NA
9.23529E+14,12088,2025,2022,NA,1.92247E+15,62.13847,-158.4629,71,12088AA,LALA,6.86,6.8,NA
9.23529E+14,12088,2025,2022,NA,1.92247E+15,62.13847,-158.4629,71,12088AB,LALA,6.1,0.2,NA
9.23529E+14,12088,2025,2022,NA,1.92247E+15,62.13847,-158.4629,71,12088AC,LALA,6.6,0.2,NA
1.23821E+15,12189,2025,2022,NA,1.92247E+15,62.81088,-157.7501,95,12189AA,PIMA,11.43,1.2,NA
1.23821E+15,12189,2025,2022,NA,1.92247E+15,62.81088,-157.7501,95,12189AB,PIMA,10.67,1.1,NA
1.23821E+15,12189,2025,2022,NA,1.92247E+15,62.81088,-157.7501,95,12189AC,PIMA,10.41,1.7,NA
1.64286E+15,12266,2025,2022,NA,1.92248E+15,63.94509,-154.7722,71,12266AA,LALA,7.62,1.2,NA
1.64286E+15,12266,2025,2022,NA,1.92248E+15,63.94509,-154.7722,71,12266AB,LALA,9.14,0.4,NA
1.64286E+15,12266,2025,2022,NA,1.92248E+15,63.94509,-154.7722,71,12266AC,LALA,7.62,1.8,NA
1.64286E+15,12266,2025,2022,NA,1.92248E+15,63.94509,-154.7722,94,12266AD,PIGL,22.61,7.1,NA
1.64286E+15,12266,2025,2022,NA,1.92248E+15,63.94509,-154.7722,94,12266AE,PIGL,19.81,1.6,NA
1.64286E+15,12266,2025,2022,NA,1.92248E+15,63.94509,-154.7722,94,12266AF,PIGL,15.49,5.6,NA
1.31885E+15,12810,2025,2022,NA,1.92249E+15,64.0705,-153.3266,95,12810AA,PIMA,12.45,1.7,NA
1.31885E+15,12810,2025,2022,NA,1.92249E+15,64.0705,-153.3266,95,12810AB,PIMA,7.62,12.8,NA
1.31885E+15,12810,2025,2022,NA,1.92249E+15,64.0705,-153.3266,95,12810AC,PIMA,8.13,1.3,NA
9.23529E+14,13826,2025,2022,NA,1.92249E+15,62.09278,-158.7978,95,13826AA,PIMA,12.45,0.7,NA
9.23529E+14,13826,2025,2022,NA,1.92249E+15,62.09278,-158.7978,95,13826AB,PIMA,10.92,1.4,NA
9.23529E+14,13826,2025,2022,NA,1.92249E+15,62.09278,-158.7978,95,13826AC,PIMA,7.62,0.4,NA
9.23529E+14,15721,2025,2022,NA,1.92248E+15,62.25492,-158.7168,95,15721AA,PIMA,9.14,5.7,NA
9.23529E+14,15721,2025,2022,NA,1.92248E+15,62.25492,-158.7168,95,15721AB,PIMA,11.43,8.5,NA
9.23529E+14,15721,2025,2022,NA,1.92248E+15,62.25492,-158.7168,95,15721AC,PIMA,11.43,1.4,NA
9.23529E+14,17292,2025,2022,NA,1.92247E+15,62.24582,-157.9961,95,17292AA,PIMA,5.59,4.6,NA
9.23529E+14,17292,2025,2022,NA,1.92247E+15,62.24582,-157.9961,95,17292AB,PIMA,8.38,0.6,NA
9.23529E+14,17292,2025,2022,NA,1.92247E+15,62.24582,-157.9961,95,17292AC,PIMA,7.87,5.4,NA
1.23821E+15,17894,2025,2022,NA,1.92247E+15,62.48405,-159.9316,94,17894AA,PIGL,30.48,3,NA
1.23821E+15,17894,2025,2022,1.92247E+15,1.92247E+15,62.48405,-159.9316,94,17894AB,PIGL,20.07,0.5,NA
1.23821E+15,18010,2025,2022,NA,1.92248E+15,62.94917,-157.4584,71,18010AA,LALA,6.1,1.3,NA
1.23821E+15,18010,2025,2022,NA,1.92248E+15,62.94917,-157.4584,71,18010AC,LALA,5.59,0.6,NA
1.23821E+15,18076,2025,2022,NA,1.92249E+15,62.61774,-158.1752,71,18076AA,LALA,10.41,9.7,NA
1.23821E+15,18076,2025,2022,NA,1.92249E+15,62.61774,-158.1752,71,18076AB,LALA,8.13,1.3,NA
1.23821E+15,18076,2025,2022,NA,1.92249E+15,62.61774,-158.1752,71,18076AC,LALA,9.65,8.3,NA
1.31885E+15,18581,2025,2022,NA,1.92249E+15,62.11243,-162.8028,94,18581AA,PIGL,27.18,6.9,NA
1.31885E+15,18616,2025,2022,NA,1.92249E+15,64.25285,-152.8056,95,18616AA,PIMA,7.11,1.9,NA
1.31885E+15,18616,2025,2022,NA,1.92249E+15,64.25285,-152.8056,95,18616AB,PIMA,6.86,1,NA
1.31885E+15,18616,2025,2022,NA,1.92249E+15,64.25285,-152.8056,95,18616AC,PIMA,6.86,0.8,NA
1.23821E+15,19498,2025,2022,NA,1.92247E+15,62.70854,-158.2461,95,19498AA,PIMA,13.97,12.3,NA
1.23821E+15,19498,2025,2022,NA,1.92247E+15,62.70854,-158.2461,95,19498AB,PIMA,18.54,4.8,NA
1.23821E+15,19498,2025,2022,NA,1.92247E+15,62.70854,-158.2461,95,19498AC,PIMA,11.43,2.1,NA
1.23821E+15,19498,2025,2022,NA,1.92247E+15,62.70854,-158.2461,95,19498AD,PIMA,11.68,13.6,NA
9.23529E+14,19941,2025,2022,NA,1.92247E+15,62.3849,-158.4281,95,19941AA,PIMA,8.13,2,NA
9.23529E+14,19941,2025,2022,NA,1.92247E+15,62.3849,-158.4281,95,19941AB,PIMA,6.6,5.3,NA
1.23821E+15,21279,2025,2022,NA,1.92247E+15,62.88309,-157.6015,95,21279AA,PIMA,9.4,0.9,NA
1.23821E+15,21279,2025,2022,NA,1.92247E+15,62.88309,-157.6015,95,21279AB,PIMA,8.13,4,NA
1.23821E+15,21279,2025,2022,NA,1.92247E+15,62.88309,-157.6015,95,21279AC,PIMA,7.87,7.1,NA
1.23821E+15,22371,2025,2022,NA,1.92247E+15,63.03411,-157.5061,95,22371AA,PIMA,7.62,2.7,NA
1.23821E+15,22371,2025,2022,NA,1.92247E+15,63.03411,-157.5061,95,22371AB,PIMA,7.87,6.2,NA
1.31885E+15,23192,2025,2022,NA,1.92248E+15,61.63609,-162.2967,94,23192AA,PIGL,25.4,1.6,NA
1.31885E+15,23192,2025,2022,NA,1.92248E+15,61.63609,-162.2967,376,23192AB,BENE,11.43,5.2,NA
1.64286E+15,23460,2025,2022,NA,1.92248E+15,63.76357,-154.6775,95,23460AA,PIMA,10.92,1.3,NA
1.64286E+15,23460,2025,2022,NA,1.92248E+15,63.76357,-154.6775,95,23460AB,PIMA,7.11,1,NA
1.64286E+15,23460,2025,2022,NA,1.92248E+15,63.76357,-154.6775,95,23460AC,PIMA,6.6,1.9,NA
1.23821E+15,24147,2025,2022,NA,1.92248E+15,62.67267,-160.0578,94,24147AA,PIGL,40.39,27.5,NA
1.64286E+15,24488,2025,2022,1.92249E+15,1.92249E+15,62.69553,-161.9182,94,24488AA,PIGL,22.1,7.7,NA
1.64286E+15,24488,2025,2022,NA,1.92249E+15,62.69553,-161.9182,94,24488AB,PIGL,17.78,2.9,NA
1.64286E+15,24488,2025,2022,NA,1.92249E+15,62.69553,-161.9182,94,24488AC,PIGL,21.08,3.7,NA
1.31885E+15,26408,2025,2022,1.92249E+15,1.92249E+15,64.32139,-153.2149,94,26408AA,PIGL,25.65,12.5,NA
1.31885E+15,26408,2025,2022,1.92249E+15,1.92249E+15,64.32139,-153.2149,94,26408AB,PIGL,39.88,2,NA
1.31885E+15,26408,2025,2022,NA,1.92249E+15,64.32139,-153.2149,94,26408AC,PIGL,43.43,33,NA
1.31885E+15,26408,2025,2022,NA,1.92249E+15,64.32139,-153.2149,94,26408AD,PIGL,12.95,0.6,NA
1.31885E+15,26408,2025,2022,NA,1.92249E+15,64.32139,-153.2149,94,26408AE,PIGL,15.49,14.6,NA
1.31885E+15,26408,2025,2022,NA,1.92249E+15,64.32139,-153.2149,94,26408AF,PIGL,15.75,20.5,NA
1.31885E+15,26408,2025,2022,NA,1.92249E+15,64.32139,-153.2149,95,26408AG,PIMA,6.6,1.1,NA
1.23821E+15,26563,2025,2022,NA,1.92248E+15,62.57406,-158.5296,95,26563AA,PIMA,7.87,0.8,NA
1.23821E+15,26563,2025,2022,NA,1.92248E+15,62.57406,-158.5296,95,26563AB,PIMA,6.86,1.1,NA
1.23821E+15,26563,2025,2022,NA,1.92248E+15,62.57406,-158.5296,95,26563AC,PIMA,5.59,1,NA
1.64287E+15,29408,2025,2022,NA,1.92249E+15,63.8588,-154.7289,95,29408AA,PIMA,8.64,0.9,NA
1.64287E+15,29408,2025,2022,NA,1.92249E+15,63.8588,-154.7289,95,29408AB,PIMA,10.41,1.8,NA
1.64287E+15,29408,2025,2022,NA,1.92249E+15,63.8588,-154.7289,95,29408AC,PIMA,9.65,2.9,NA
1.31885E+15,29612,2025,2022,NA,1.92249E+15,64.36848,-152.4861,95,29612AA,PIMA,14.99,0.3,NA
1.31885E+15,29612,2025,2022,NA,1.92249E+15,64.36848,-152.4861,95,29612AB,PIMA,13.21,11.7,NA
1.31885E+15,29612,2025,2022,NA,1.92249E+15,64.36848,-152.4861,95,29612AC,PIMA,16,0.7,NA
1.31885E+15,29838,2025,2022,NA,1.92249E+15,64.2233,-153.193,95,29838AA,PIMA,8.38,1.1,NA
1.31885E+15,29838,2025,2022,NA,1.92249E+15,64.2233,-153.193,95,29838AB,PIMA,11.18,1.8,NA
1.31885E+15,29838,2025,2022,NA,1.92249E+15,64.2233,-153.193,95,29838AC,PIMA,8.89,2.3,NA
9.23529E+14,30981,2025,2022,NA,1.92248E+15,62.4701,-157.7467,95,30981AA,PIMA,9.91,4.9,NA
9.23529E+14,30981,2025,2022,NA,1.92248E+15,62.4701,-157.7467,95,30981AB,PIMA,8.38,3.3,NA
9.23529E+14,30981,2025,2022,NA,1.92248E+15,62.4701,-157.7467,95,30981AC,PIMA,11.43,0.7,NA
1.64286E+15,31183,2025,2022,1.92248E+15,1.92248E+15,63.5737,-154.0397,94,31183AA,PIGL,12.95,9.9,NA
1.64286E+15,31183,2025,2022,NA,1.92248E+15,63.5737,-154.0397,94,31183AB,PIGL,21.59,2.3,NA
1.64286E+15,31183,2025,2022,NA,1.92248E+15,63.5737,-154.0397,94,31183AC,PIGL,19.56,11,NA
1.23821E+15,31216,2025,2022,NA,1.92248E+15,62.68657,-158.7899,95,31216AA,PIMA,10.16,9.3,NA
1.23821E+15,31216,2025,2022,NA,1.92248E+15,62.68657,-158.7899,95,31216AB,PIMA,10.41,1.3,NA
1.23821E+15,31216,2025,2022,NA,1.92248E+15,62.68657,-158.7899,95,31216AC,PIMA,9.91,1.2,NA
1.23821E+15,32338,2025,2022,NA,1.92247E+15,61.91878,-160.1426,94,32338AA,PIGL,29.46,7.7,NA
1.23821E+15,32338,2025,2022,1.92247E+15,1.92247E+15,61.91878,-160.1426,94,32338AB,PIGL,24.64,3.8,NA
1.23821E+15,32338,2025,2022,NA,1.92247E+15,61.91878,-160.1426,94,32338AC,PIGL,30.73,31.7,NA
6.8309E+14,32669,2025,2020,1.92247E+15,1.92247E+15,63.4147,-153.0624,71,32669AA,LALA,13.21,8.9,NA
6.8309E+14,32669,2025,2020,NA,1.92247E+15,63.4147,-153.0624,71,32669AB,LALA,8.64,5.3,NA
6.8309E+14,32669,2025,2020,NA,1.92247E+15,63.4147,-153.0624,71,32669AC,LALA,10.16,2.9,NA
1.31885E+15,33167,2025,2022,NA,1.92248E+15,64.34257,-152.2767,95,33167AA,PIMA,9.14,0.5,NA
1.31885E+15,33167,2025,2022,NA,1.92248E+15,64.34257,-152.2767,95,33167AB,PIMA,4.57,4.4,NA
1.31885E+15,33167,2025,2022,NA,1.92248E+15,64.34257,-152.2767,95,33167AC,PIMA,5.59,1.8,NA
9.23529E+14,33878,2025,2022,NA,1.92247E+15,62.44104,-157.5541,94,33878AA,PIGL,21.08,15.2,NA
9.23529E+14,33878,2025,2022,1.92247E+15,1.92247E+15,62.44104,-157.5541,94,33878AB,PIGL,12.7,0.5,NA
9.23529E+14,33878,2025,2022,1.92247E+15,1.92247E+15,62.44104,-157.5541,94,33878AC,PIGL,32,6,NA
9.23529E+14,33878,2025,2022,NA,1.92247E+15,62.44104,-157.5541,94,33878AD,PIGL,15.49,0.7,NA
1.23821E+15,34625,2025,2022,NA,1.92248E+15,62.74368,-159.9259,95,34625AA,PIMA,10.16,8.9,NA
1.23821E+15,34625,2025,2022,NA,1.92248E+15,62.74368,-159.9259,95,34625AB,PIMA,9.91,5.2,NA
1.64286E+15,36971,2025,2022,NA,1.92248E+15,63.95106,-154.2066,95,36971AA,PIMA,10.41,1.5,NA
1.64286E+15,36971,2025,2022,NA,1.92248E+15,63.95106,-154.2066,95,36971AB,PIMA,7.62,2.1,NA
1.64286E+15,36971,2025,2022,NA,1.92248E+15,63.95106,-154.2066,95,36971AC,PIMA,8.64,8.4,NA
1.23821E+15,37165,2025,2022,1.92248E+15,1.92248E+15,62.39846,-159.8813,94,37165AA,PIGL,18.29,1.6,NA
1.23821E+15,37165,2025,2022,1.92248E+15,1.92248E+15,62.39846,-159.8813,94,37165AB,PIGL,14.48,2.8,NA
1.23821E+15,37165,2025,2022,NA,1.92248E+15,62.39846,-159.8813,94,37165AC,PIGL,20.07,18.2,NA
1.64287E+15,37930,2025,2022,NA,1.92248E+15,63.91403,-154.0035,95,37930AA,PIMA,7.62,1.3,NA
6.83089E+14,39666,2025,2020,NA,1.92247E+15,62.11588,-158.2714,95,39666AA,PIMA,10.16,1,NA
6.83089E+14,39666,2025,2020,NA,1.92247E+15,62.11588,-158.2714,95,39666AB,PIMA,13.97,17.2,NA
6.83089E+14,39666,2025,2020,NA,1.92247E+15,62.11588,-158.2714,95,39666AC,PIMA,10.16,9.4,NA
6.83089E+14,39666,2025,2020,NA,1.92247E+15,62.11588,-158.2714,95,39666AD,PIMA,7.62,5.6,NA
9.23529E+14,39870,2025,2022,NA,1.92249E+15,62.17999,-158.1295,95,39870AA,PIMA,11.94,7.3,NA
9.23529E+14,39870,2025,2022,NA,1.92249E+15,62.17999,-158.1295,95,39870AB,PIMA,12.45,10.9,NA
9.23529E+14,39870,2025,2022,NA,1.92249E+15,62.17999,-158.1295,95,39870AC,PIMA,10.67,6.9,NA
9.23529E+14,40044,2025,2022,NA,1.92247E+15,62.41368,-158.625,95,40044AA,PIMA,8.38,1.3,NA
9.23529E+14,40044,2025,2022,NA,1.92247E+15,62.41368,-158.625,95,40044AB,PIMA,7.62,2.3,NA
9.23529E+14,40044,2025,2022,NA,1.92247E+15,62.41368,-158.625,95,40044AC,PIMA,10.92,2.8,NA
9.23529E+14,40044,2025,2022,NA,1.92247E+15,62.41368,-158.625,94,40044AE,PIGL,10.41,2.2,NA
9.23529E+14,40044,2025,2022,NA,1.92247E+15,62.41368,-158.625,94,40044AF,PIGL,14.48,6.7,NA
9.23529E+14,40044,2025,2022,NA,1.92247E+15,62.41368,-158.625,94,40044AH,PIGL,15.24,5,NA
1.23821E+15,41295,2025,2022,NA,1.92248E+15,62.79061,-157.5391,71,41295AA,LALA,9.4,6.5,NA
1.23821E+15,41295,2025,2022,NA,1.92248E+15,62.79061,-157.5391,71,41295AB,LALA,7.87,2.8,NA
1.23821E+15,41295,2025,2022,NA,1.92248E+15,62.79061,-157.5391,71,41295AC,LALA,13.72,13.6,NA
1.23821E+15,41821,2025,2022,1.92247E+15,1.92247E+15,62.72034,-157.7019,94,41821AA,PIGL,22.86,17.4,NA
1.23821E+15,41821,2025,2022,1.92247E+15,1.92247E+15,62.72034,-157.7019,94,41821AB,PIGL,22.35,8.9,NA
1.23821E+15,41821,2025,2022,NA,1.92247E+15,62.72034,-157.7019,94,41821AC,PIGL,21.08,20.1,NA
6.8309E+14,41962,2025,2020,1.92247E+15,1.92247E+15,62.09993,-157.5432,94,41962AA,PIGL,22.86,7.5,NA
6.8309E+14,41962,2025,2020,1.92247E+15,1.92247E+15,62.09993,-157.5432,94,41962AB,PIGL,34.04,3.3,NA
6.8309E+14,41962,2025,2020,NA,1.92247E+15,62.09993,-157.5432,94,41962AC,PIGL,25.15,6.6,NA
1.23821E+15,42158,2025,2022,NA,1.92247E+15,62.59899,-158.7351,95,42158AA,PIMA,9.91,8.3,NA
1.23821E+15,42158,2025,2022,NA,1.92247E+15,62.59899,-158.7351,95,42158AB,PIMA,11.68,16.2,NA
1.23821E+15,42158,2025,2022,NA,1.92247E+15,62.59899,-158.7351,95,42158AC,PIMA,17.02,5.3,NA
1.23821E+15,42158,2025,2022,NA,1.92247E+15,62.59899,-158.7351,95,42158AC,PIMA,17.02,5.3,NA
1.23821E+15,42158,2025,2022,NA,1.92247E+15,62.59899,-158.7351,95,42158AD,PIMA,10.92,2.2,NA
1.23821E+15,43766,2025,2022,1.92248E+15,1.92248E+15,62.67601,-157.3027,94,43766AA,PIGL,16,3.5,NA
1.23821E+15,43766,2025,2022,NA,1.92248E+15,62.67601,-157.3027,94,43766AB,PIGL,19.3,6.4,NA
1.23821E+15,43766,2025,2022,NA,1.92248E+15,62.67601,-157.3027,94,43766AC,PIGL,17.02,0.9,NA
1.64287E+15,47733,2025,2022,1.92249E+15,1.92249E+15,63.85414,-154.1795,94,47733AA,PIGL,19.81,11.9,NA
1.64287E+15,47733,2025,2022,NA,1.92249E+15,63.85414,-154.1795,95,47733AB,PIMA,11.43,17.2,NA
1.64287E+15,47733,2025,2022,NA,1.92249E+15,63.85414,-154.1795,95,47733AC,PIMA,11.68,12,NA
1.64287E+15,47733,2025,2022,NA,1.92249E+15,63.85414,-154.1795,95,47733AD,PIMA,6.1,3.9,NA
1.64287E+15,47733,2025,2022,NA,1.92249E+15,63.85414,-154.1795,94,47733AE,PIGL,22.35,11.3,NA
1.64287E+15,47733,2025,2022,NA,1.92249E+15,63.85414,-154.1795,94,47733AF,PIGL,18.29,17.7,NA
1.64287E+15,47733,2025,2022,1.92249E+15,NA,63.85414,-154.1795,94,47733AG,PIGL,15.49,11.5,NA
1.31885E+15,48213,2025,2022,NA,1.92249E+15,64.03963,-153.1062,94,48213AA,PIGL,17.02,10.2,NA
1.31885E+15,48213,2025,2022,NA,1.92249E+15,64.03963,-153.1062,94,48213AB,PIGL,19.3,3.8,NA
1.31885E+15,48213,2025,2022,1.92249E+15,1.92249E+15,64.03963,-153.1062,94,48213AC,PIGL,22.35,13.8,NA
9.23529E+14,48264,2025,2022,NA,1.92248E+15,62.50071,-157.9349,94,48264AA,PIGL,22.61,1.5,NA
9.23529E+14,49348,2025,2022,NA,1.92249E+15,62.29851,-158.3655,95,49348AA,PIMA,9.14,3.2,NA
9.23529E+14,49348,2025,2022,NA,1.92249E+15,62.29851,-158.3655,95,49348AB,PIMA,7.62,0.8,NA
9.23529E+14,49348,2025,2022,NA,1.92249E+15,62.29851,-158.3655,95,49348AC,PIMA,8.13,4.5,NA
1.31885E+15,50235,2025,2022,NA,1.92249E+15,64.3388,-152.8608,71,50235AA,LALA,6.6,1.7,NA
1.31885E+15,50235,2025,2022,NA,1.92249E+15,64.3388,-152.8608,71,50235AB,LALA,8.13,0.9,NA
1.31885E+15,50235,2025,2022,NA,1.92249E+15,64.3388,-152.8608,71,50235AC,LALA,10.16,3.7,NA
1.23821E+15,50278,2025,2022,1.92248E+15,1.92248E+15,62.50952,-159.4212,71,50278AA,LALA,21.59,10.8,NA
1.23821E+15,50278,2025,2022,NA,1.92248E+15,62.50952,-159.4212,71,50278AB,LALA,18.03,0.5,NA
1.23821E+15,50278,2025,2022,NA,1.92248E+15,62.50952,-159.4212,71,50278AC,LALA,22.61,1.6,NA
1.64286E+15,50753,2025,2022,1.92248E+15,1.92248E+15,63.90498,-155.7032,95,50753AA,PIMA,13.21,0.5,NA
1.64286E+15,50753,2025,2022,NA,1.92248E+15,63.90498,-155.7032,95,50753AB,PIMA,11.94,0.7,NA
1.64286E+15,50753,2025,2022,NA,1.92248E+15,63.90498,-155.7032,95,50753AC,PIMA,10.16,11.3,NA
1.23821E+15,51289,2025,2022,NA,1.92247E+15,62.55932,-159.066,94,51289AA,PIGL,13.97,2.6,NA
9.23529E+14,51391,2025,2022,NA,1.92247E+15,62.54797,-158.3279,95,51391AA,PIMA,8.89,0.9,NA
9.23529E+14,51391,2025,2022,NA,1.92247E+15,62.54797,-158.3279,95,51391AB,PIMA,8.38,2.7,NA
9.23529E+14,51391,2025,2022,NA,1.92247E+15,62.54797,-158.3279,95,51391AC,PIMA,7.87,1.3,NA
1.23821E+15,51418,2025,2022,NA,1.92248E+15,62.51706,-157.3984,94,51418AA,PIGL,21.08,12.2,NA
1.23821E+15,51418,2025,2022,NA,1.92248E+15,62.51706,-157.3984,94,51418AB,PIGL,18.03,3.9,NA
1.23821E+15,51418,2025,2022,1.92248E+15,1.92248E+15,62.51706,-157.3984,94,51418AC,PIGL,19.3,7.1,NA
1.23821E+15,51418,2025,2022,1.92248E+15,1.92248E+15,62.51706,-157.3984,94,51418AD,PIGL,34.54,2.1,NA
1.64287E+15,51708,2025,2022,NA,1.92248E+15,64.00781,-154.0623,95,51708AA,PIMA,8.13,2.1,NA
1.64287E+15,51708,2025,2022,NA,1.92248E+15,64.00781,-154.0623,95,51708AB,PIMA,8.38,1.9,NA
1.64287E+15,51708,2025,2022,NA,1.92248E+15,64.00781,-154.0623,95,51708AC,PIMA,10.67,0.9,NA
9.23529E+14,51810,2025,2022,NA,1.92249E+15,62.48219,-158.4718,95,51810AA,PIMA,9.14,2.8,NA
9.23529E+14,51810,2025,2022,NA,1.92249E+15,62.48219,-158.4718,95,51810AB,PIMA,9.91,2,NA
9.23529E+14,51810,2025,2022,NA,1.92249E+15,62.48219,-158.4718,95,51810AC,PIMA,8.38,5.8,NA
1.23821E+15,52149,2025,2022,NA,1.92248E+15,62.4677,-159.0108,376,52149AA,BENE,8.64,0.6,NA
1.23821E+15,52179,2025,2022,NA,1.92247E+15,61.76377,-160.2184,95,52179AA,PIMA,9.91,11,NA
1.23821E+15,52179,2025,2022,NA,1.92247E+15,61.76377,-160.2184,376,52179AB,BENE,25.65,2.1,NA
1.23821E+15,52179,2025,2022,NA,1.92247E+15,61.76377,-160.2184,94,52179AC,PIGL,33.02,9.3,NA
1.64287E+15,52460,2025,2022,NA,1.92249E+15,63.60993,-154.2419,95,52460AA,PIMA,6.86,1.4,NA
1.64287E+15,52460,2025,2022,NA,1.92249E+15,63.60993,-154.2419,95,52460AB,PIMA,5.08,2.5,NA
1.64287E+15,52460,2025,2022,NA,1.92249E+15,63.60993,-154.2419,95,52460AC,PIMA,8.64,1.3,NA
1.23821E+15,52561,2025,2022,NA,1.92248E+15,62.66857,-157.8532,95,52561AA,PIMA,8.64,1.2,NA
1.23821E+15,52561,2025,2022,NA,1.92248E+15,62.66857,-157.8532,95,52561AB,PIMA,6.35,4.3,NA
1.23821E+15,52561,2025,2022,NA,1.92248E+15,62.66857,-157.8532,95,52561AC,PIMA,9.91,7.3,NA
1.31885E+15,52676,2025,2022,NA,1.92248E+15,64.25889,-153.3984,95,52676AA,PIMA,6.6,1.6,NA
1.31885E+15,52676,2025,2022,NA,1.92248E+15,64.25889,-153.3984,95,52676AB,PIMA,8.64,1,NA
1.31885E+15,52676,2025,2022,NA,1.92248E+15,64.25889,-153.3984,95,52676AC,PIMA,8.13,2.3,NA
9.23529E+14,52896,2025,2022,NA,1.92249E+15,62.37053,-158.9523,95,52896AA,PIMA,7.37,0.7,NA
9.23529E+14,52896,2025,2022,NA,1.92249E+15,62.37053,-158.9523,95,52896AB,PIMA,8.13,0.5,NA
9.23529E+14,52896,2025,2022,NA,1.92249E+15,62.37053,-158.9523,95,52896AC,PIMA,8.64,3.2,NA
1.23821E+15,53082,2025,2022,NA,1.92247E+15,62.4239,-159.3606,95,53082AA,PIMA,16,3.9,NA
1.23821E+15,53082,2025,2022,NA,1.92247E+15,62.4239,-159.3606,95,53082AA,PIMA,16,3.9,NA
1.23821E+15,53082,2025,2022,NA,1.92247E+15,62.4239,-159.3606,95,53082AB,PIMA,18.29,1.8,NA
1.23821E+15,53082,2025,2022,NA,1.92247E+15,62.4239,-159.3606,95,53082AB,PIMA,18.29,1.8,NA
1.23821E+15,53082,2025,2022,NA,1.92247E+15,62.4239,-159.3606,95,53082AC,PIMA,18.8,2.3,NA
1.23821E+15,53082,2025,2022,NA,1.92247E+15,62.4239,-159.3606,95,53082AC,PIMA,18.8,2.3,NA
1.31885E+15,54153,2025,2022,NA,1.92249E+15,64.35497,-153.4319,94,54153AA,PIGL,15.75,5.4,NA
1.31885E+15,54153,2025,2022,NA,1.92249E+15,64.35497,-153.4319,94,54153AB,PIGL,16.51,16.9,NA
1.31885E+15,54153,2025,2022,NA,1.92249E+15,64.35497,-153.4319,94,54153AC,PIGL,14.99,2.8,NA
1.31885E+15,54153,2025,2022,NA,1.92249E+15,64.35497,-153.4319,95,54153AD,PIMA,8.38,2.1,NA
1.31885E+15,54153,2025,2022,NA,1.92249E+15,64.35497,-153.4319,95,54153AE,PIMA,7.87,1.1,NA
1.31885E+15,54153,2025,2022,NA,1.92249E+15,64.35497,-153.4319,95,54153AF,PIMA,8.38,1.1,NA
1.23821E+15,54180,2025,2022,1.92247E+15,1.92247E+15,62.83159,-157.2027,94,54180AA,PIGL,19.05,0.6,NA
1.23821E+15,54180,2025,2022,1.92247E+15,1.92247E+15,62.83159,-157.2027,94,54180AB,PIGL,16,1.2,NA
1.23821E+15,54180,2025,2022,NA,1.92247E+15,62.83159,-157.2027,95,54180AC,PIMA,8.89,2.4,NA
1.23821E+15,54180,2025,2022,NA,1.92247E+15,62.83159,-157.2027,95,54180AD,PIMA,9.14,6,NA
1.23821E+15,54180,2025,2022,NA,1.92247E+15,62.83159,-157.2027,95,54180AE,PIMA,10.67,1.7,NA
1.23821E+15,54180,2025,2022,NA,1.92247E+15,62.83159,-157.2027,94,54180AF,PIGL,18.29,4.9,NA
1.31885E+15,55441,2025,2022,NA,1.92249E+15,64.19216,-152.9834,95,55441AA,PIMA,11.18,6.5,NA
1.31885E+15,55441,2025,2022,NA,1.92249E+15,64.19216,-152.9834,95,55441AB,PIMA,9.91,0.9,NA
1.31885E+15,55441,2025,2022,NA,1.92249E+15,64.19216,-152.9834,95,55441AC,PIMA,9.4,3.8,NA
1.31885E+15,56745,2025,2022,NA,1.92248E+15,63.95187,-153.6428,94,56745AA,PIGL,12.95,0.9,NA
1.31885E+15,56745,2025,2022,NA,1.92248E+15,63.95187,-153.6428,94,56745AB,PIGL,10.16,1.1,NA
1.31885E+15,56745,2025,2022,NA,1.92248E+15,63.95187,-153.6428,94,56745AC,PIGL,11.18,0.8,NA
1.64287E+15,56913,2025,2022,NA,1.92248E+15,63.69841,-154.8642,95,56913AA,PIMA,10.67,2.4,NA
1.64287E+15,56913,2025,2022,NA,1.92248E+15,63.69841,-154.8642,95,56913AB,PIMA,8.64,2.6,NA
1.64287E+15,56913,2025,2022,NA,1.92248E+15,63.69841,-154.8642,95,56913AC,PIMA,9.65,3,NA
1.64286E+15,57959,2025,2022,NA,1.92248E+15,63.73009,-155.0598,95,57959AA,PIMA,8.13,1,NA
1.64286E+15,57959,2025,2022,NA,1.92248E+15,63.73009,-155.0598,95,57959AB,PIMA,7.87,10.4,NA
1.64286E+15,57959,2025,2022,NA,1.92248E+15,63.73009,-155.0598,95,57959AC,PIMA,6.1,4.1,NA
1.31885E+15,58220,2025,2022,1.92249E+15,1.92249E+15,64.1535,-152.7801,95,58220AA,PIMA,13.21,6.3,NA
1.31885E+15,58220,2025,2022,NA,1.92249E+15,64.1535,-152.7801,95,58220AB,PIMA,13.97,1.4,NA
1.31885E+15,58220,2025,2022,NA,1.92249E+15,64.1535,-152.7801,95,58220AC,PIMA,13.46,1.9,NA
1.31885E+15,58220,2025,2022,NA,1.92249E+15,64.1535,-152.7801,95,58220AD,PIMA,11.18,1.1,NA
1.31885E+15,58220,2025,2022,NA,1.92249E+15,64.1535,-152.7801,95,58220AE,PIMA,8.64,7,NA
1.31885E+15,58220,2025,2022,NA,1.92249E+15,64.1535,-152.7801,95,58220AF,PIMA,8.38,8.5,NA
1.23821E+15,58383,2025,2022,NA,1.92247E+15,62.71275,-158.9776,95,58383AA,PIMA,10.67,1.1,NA
1.23821E+15,58383,2025,2022,NA,1.92247E+15,62.71275,-158.9776,95,58383AB,PIMA,10.67,2.7,NA
1.23821E+15,58383,2025,2022,NA,1.92247E+15,62.71275,-158.9776,95,58383AC,PIMA,11.43,5.2,NA
1.23821E+15,58590,2025,2022,NA,1.92248E+15,62.62376,-158.9236,71,58590AA,LALA,9.4,4.4,NA
1.23821E+15,58590,2025,2022,NA,1.92248E+15,62.62376,-158.9236,71,58590AB,LALA,9.4,2.1,NA
1.23821E+15,58590,2025,2022,NA,1.92248E+15,62.62376,-158.9236,95,58590AC,PIMA,11.43,1.2,NA
1.23821E+15,58590,2025,2022,NA,1.92248E+15,62.62376,-158.9236,95,58590AD,PIMA,11.94,1.6,NA
1.23821E+15,58590,2025,2022,NA,1.92248E+15,62.62376,-158.9236,95,58590AE,PIMA,7.62,1,NA
1.23821E+15,58590,2025,2022,NA,1.92248E+15,62.62376,-158.9236,71,58590AF,LALA,18.29,3.2,NA
1.31885E+15,58903,2025,2022,NA,1.92249E+15,62.1869,-162.6747,94,58903AA,PIGL,17.02,0.5,NA
1.31885E+15,58903,2025,2022,NA,1.92249E+15,62.1869,-162.6747,94,58903AB,PIGL,17.27,12.7,NA
1.31885E+15,58903,2025,2022,NA,1.92249E+15,62.1869,-162.6747,94,58903AC,PIGL,18.54,2,NA
1.31885E+15,58903,2025,2022,NA,1.92249E+15,62.1869,-162.6747,94,58903AD,PIGL,9.4,1.1,NA
1.31885E+15,58903,2025,2022,NA,1.92249E+15,62.1869,-162.6747,94,58903AE,PIGL,11.94,1.3,NA
1.31885E+15,58903,2025,2022,NA,1.92249E+15,62.1869,-162.6747,94,58903AF,PIGL,10.92,9.9,NA
1.23821E+15,58956,2025,2022,NA,1.92247E+15,62.76519,-157.3542,95,58956AA,PIMA,8.13,1.8,NA
1.23821E+15,58956,2025,2022,NA,1.92247E+15,62.76519,-157.3542,95,58956AB,PIMA,7.37,2.7,NA
1.23821E+15,58956,2025,2022,NA,1.92247E+15,62.76519,-157.3542,95,58956AC,PIMA,7.87,0.9,NA
9.23529E+14,59281,2025,2022,1.92247E+15,1.92247E+15,62.28139,-159.6266,94,59281AA,PIGL,26.16,4.8,NA
9.23529E+14,59281,2025,2022,1.92247E+15,1.92247E+15,62.28139,-159.6266,94,59281AB,PIGL,32.77,1.4,NA
9.23529E+14,59281,2025,2022,1.92247E+15,1.92247E+15,62.28139,-159.6266,94,59281AC,PIGL,33.02,0.9,NA
1.23821E+15,25287,2025,2022,NA,1.92247E+15,62.67087,-159.3135,95,60229AA,PIMA,10.92,4.9,NA
1.23821E+15,25287,2025,2022,NA,1.92247E+15,62.67087,-159.3135,95,60229AB,PIMA,11.68,4.7,NA
1.23821E+15,25287,2025,2022,NA,1.92247E+15,62.67087,-159.3135,95,60229AC,PIMA,11.18,3.8,NA
1.23821E+15,25287,2025,2022,NA,1.92247E+15,62.67087,-159.3135,94,60229AD,PIGL,21.59,0.7,NA
1.23821E+15,25287,2025,2022,NA,1.92247E+15,62.67087,-159.3135,95,60229AE,PIMA,14.22,2.7,NA
1.23821E+15,25287,2025,2022,1.92247E+15,1.92247E+15,62.67087,-159.3135,94,60229AF,PIGL,13.46,0.8,NA
1.64286E+15,60968,2025,2022,NA,1.92249E+15,63.87258,-156.0713,95,60968AA,PIMA,13.46,0.6,NA
1.64286E+15,60968,2025,2022,1.92249E+15,1.92249E+15,63.87258,-156.0713,95,60968AB,PIMA,12.19,1.1,NA
1.64286E+15,60968,2025,2022,NA,1.92249E+15,63.87258,-156.0713,95,60968AD,PIMA,9.91,6.9,NA
1.64286E+15,61097,2025,2022,NA,1.92248E+15,63.71294,-156.1712,95,61097AA,PIMA,9.65,7.3,NA
1.64286E+15,61097,2025,2022,1.92248E+15,1.92248E+15,63.71294,-156.1712,95,61097AB,PIMA,13.21,2.8,NA
1.64286E+15,61097,2025,2022,NA,1.92248E+15,63.71294,-156.1712,95,61097AC,PIMA,10.67,1.8,NA
1.64286E+15,61097,2025,2022,NA,1.92248E+15,63.71294,-156.1712,95,61097AD,PIMA,11.18,2.7,NA
1.23821E+15,61947,2025,2022,NA,1.92248E+15,62.55547,-159.8084,95,61947AA,PIMA,6.35,13.3,NA
1.23821E+15,61947,2025,2022,NA,1.92248E+15,62.55547,-159.8084,95,61947AB,PIMA,8.89,4.3,NA
6.83089E+14,5823,2020,2020,NA,NA,60.81527,-159.484,95,05823AA,PIMA,9.4,NA,core in several pieces - unmeasurable
6.83089E+14,14358,2023,2020,NA,NA,61.30486,-154.5393,94,14358AA,PIGL,14.22,5.5,NA
6.8309E+14,16503,2023,2020,NA,NA,60.87423,-156.7532,95,16503AA,PIMA,7.11,NA,core in several pieces - short series with missing rings in breaks - did not measure
6.83089E+14,20552,2023,2020,NA,NA,61.20517,-157.2581,95,20552AA,PIMA,6.35,1.8,NA
6.83089E+14,26384,2023,2020,NA,NA,60.17738,-154.105,95,26384AC,PIMA,18.03,3.2,NA
6.83089E+14,26578,2023,2020,NA,NA,60.96169,-154.5802,94,26578AC,PIGL,29.21,NA,core broken - offset inestimable
6.83089E+14,28359,2023,2020,NA,NA,60.61781,-155.1159,95,28359AA,PIMA,8.38,NA,large core segment missing - unmeasurable
6.8309E+14,29569,2023,2020,NA,NA,60.93988,-154.9237,95,29569AC2,PIMA,8.64,2.8,NA
6.83089E+14,32360,2023,2020,NA,NA,60.02394,-154.2194,95,32360AB,PIMA,12.95,NA,intrusion near pith - offset inestimable
6.83089E+14,32699,2023,2020,NA,NA,60.67812,-154.9859,94,32699AD,PIGL,25.15,1.4,NA
6.83089E+14,38334,2023,2020,NA,NA,61.22931,-156.2328,95,38334AA,PIMA,7.11,NA,core in several pieces - unmeasureable
6.83089E+14,43673,2023,2020,NA,NA,61.19344,-156.5611,95,43673AA,PIMA,10.92,NA,core in several pieces - unmeasureable
6.83089E+14,43673,2023,2020,NA,NA,61.19344,-156.5611,95,43673AC,PIMA,12.45,NA,core in several pieces - unmeasureable
6.83089E+14,43673,2023,2020,NA,NA,61.19344,-156.5611,95,43673AD,PIMA,13.97,NA,core in several pieces - unmeasureable
6.83089E+14,45234,2023,2020,NA,NA,61.30259,-155.0601,95,45234AE,PIMA,8.64,NA,NA
6.83089E+14,56091,2023,2020,NA,NA,61.39188,-155.1124,95,56091AA2,PIMA,9.14,1.3,2 cores taken
6.83089E+14,61520,2023,2020,NA,NA,61.05122,-157.3681,95,61520AA,PIMA,8.64,NA,core in several pieces - unmeasureable
6.83089E+14,61520,2023,2020,NA,NA,61.05122,-157.3681,95,61520AB,PIMA,10.92,NA,core in several pieces - unmeasureable
1.23821E+15,36,2024,2022,NA,NA,63.45872,-156.8016,95,00036AC,PIMA,7.11,2,NA
6.83089E+14,3674,2024,2020,NA,NA,59.31754,-156.6994,94,03674AA,PIGL,4.83,0.7,NA
6.83089E+14,3674,2024,2020,NA,NA,59.31754,-156.6994,94,03674AB,PIGL,5.84,1.6,NA
6.83089E+14,3674,2024,2020,NA,NA,59.31754,-156.6994,94,03674AC,PIGL,6.6,0.9,NA
6.83089E+14,3674,2024,2020,NA,NA,59.31754,-156.6994,94,03674AD,PIGL,5.84,NA,core missing
1.23821E+15,5169,2024,2022,NA,NA,63.39356,-156.9489,95,05169AA,PIMA,5.84,2.2,NA
1.23821E+15,11181,2024,2022,NA,NA,62.74075,-157.1606,94,11181AD,PIGL,25.91,13,NA
1.31885E+15,17113,2024,2022,NA,NA,63.59304,-155.9307,95,17113AC,PIMA,6.86,2.3,NA
6.83089E+14,21819,2024,2020,NA,NA,59.49031,-157.2827,94,21819AA,PIGL,37.85,6.7,NA
6.83089E+14,23857,2024,2020,NA,NA,59.61871,-157.0214,94,23857AD,PIGL,11.43,4,NA
6.83089E+14,27114,2024,2020,NA,NA,59.86016,-157.4605,94,27114AD,PIGL,34.04,6.8,NA
1.31885E+15,27477,2024,2022,NA,NA,63.62638,-155.5705,95,27477AA,PIMA,6.86,4.4,NA
1.31885E+15,27477,2024,2022,NA,NA,63.62638,-155.5705,95,27477AB,PIMA,13.46,3.9,NA
1.31885E+15,27477,2024,2022,NA,NA,63.62638,-155.5705,95,27477AC,PIMA,8.64,0.8,NA
1.23821E+15,30390,2024,2022,NA,NA,63.13808,-157.0042,95,30390AG,PIMA,10.67,NA,severe rot - measurements truncated
1.23821E+15,38312,2024,2022,NA,NA,63.30085,-156.886,71,38312AC,LALA,8.38,3.8,NA
6.83089E+14,38492,2024,2020,NA,NA,59.19186,-158.7748,94,38492AA,PIGL,16,7.3,NA
1.23821E+15,42108,2024,2022,NA,NA,63.43211,-156.5915,95,42108AA,PIMA,7.87,5.1,NA
1.23821E+15,42108,2024,2022,NA,NA,63.43211,-156.5915,95,42108AB,PIMA,6.86,2,NA
1.23821E+15,42108,2024,2022,NA,NA,63.43211,-156.5915,95,42108AC,PIMA,8.38,4.8,NA
6.8309E+14,46338,2024,2020,NA,NA,61.72031,-157.8806,94,46338AB,PIGL,31.24,NA,NA
6.83089E+14,53139,2024,2020,NA,NA,59.2316,-155.6942,94,53139AB,PIGL,15.24,10.1,NA
1.23821E+15,51569,2024,2022,NA,NA,63.15485,-156.4481,94,51569AG,PIGL,17.78,0.7,NA
6.83089E+14,53139,2024,2020,NA,NA,59.2316,-155.6942,94,53139AF,PIGL,13.97,6.7,NA
6.83089E+14,53139,2024,2020,NA,NA,59.2316,-155.6942,94,53139AI,PIGL,33.02,2.4,NA
6.8309E+14,55588,2024,2020,NA,NA,59.14753,-159.0874,94,55588AB,PIGL,22.1,NA,missing rings in break - measurements truncated - pith offset inestimable
6.83089E+14,57977,2024,2020,NA,NA,59.16687,-156.309,94,57977AB,PIGL,21.34,8.3,NA
6.83089E+14,61452,2024,2020,NA,NA,61.73269,-157.3655,94,61452AA,PIGL,38.1,14.2,NA
6.83089E+14,61452,2024,2020,NA,NA,61.73269,-157.3655,94,61452AC,PIGL,29.46,16.1,NA
1.23821E+15,1206,2025,2022,NA,NA,62.63937,-158.3941,71,01206AG,LALA,17.27,7.3,NA
1.64287E+15,3933,2025,2022,NA,NA,63.84919,-155.8709,95,03933AA,PIMA,3.3,1.1,NA
1.64287E+15,3933,2025,2022,NA,NA,63.84919,-155.8709,95,03933AC,PIMA,3.56,1,NA
1.64287E+15,3933,2025,2022,NA,NA,63.84919,-155.8709,71,03933AF,LALA,4.06,0.6,NA
1.23821E+15,18010,2025,2022,NA,NA,62.94917,-157.4584,71,18010AB,LALA,7.87,2.8,NA
9.23529E+14,19941,2025,2022,NA,NA,62.3849,-158.4281,95,19941AC,PIMA,8.64,2.6,NA
1.31885E+15,26568,2025,2022,NA,NA,64.3985,-152.6977,95,26568AA,PIMA,3.05,2.3,NA
1.23821E+15,50278,2025,2022,NA,NA,62.50952,-159.4212,95,50278AD,PIMA,18.29,5.3,NA
NA,59765,NA,NA,NA,NA,NA,NA,94,59765AA,PIGL,18.03,6.9,NA
NA,59765,NA,NA,NA,NA,NA,NA,94,59765AB,PIGL,9.65,1.1,NA
NA,59765,NA,NA,NA,NA,NA,NA,94,59765AC,PIGL,11.18,0.4,NA
1.23821E+15,60229,2025,2022,NA,NA,62.59667,-159.4589,71,60229AG,LALA,14.99,8.5,NA
9.23529E+14,64297,2025,2022,NA,NA,62.42944,-158.0892,95,64297AA,PIMA,6.6,1.5,NA
