PLT_CN,PLOT_FIADB,MEASYEAR,INVYR,TREE_CN,STREE_CN,LAT_FUZZED,LON_FUZZED,SPCD,series,species,DBH_cm,d2pith_mm,notes_lab
923529362290487,63099,2022,2022,1279739812290487,1279739802290487,62.072089999999996,-158.6031,95,63099AA,PIMA,8.38,NA,NA
923529346290487,21604,2022,2022,1279739019290487,NA,62.004909999999995,-160.1853,94,21604AA,PIGL,26.67,NA,NA
923529333290487,25762,2022,2022,1279738125290487,NA,61.77856,-158.98600000000002,95,25762AA,PIMA,2.79,NA,NA
923529332290487,32429,2022,2022,1279737708290487,NA,62.05811,-160.5848,95,32429AA,PIMA,12.95,NA,NA
923529331290487,9511,2022,2022,1279737664290487,NA,62.165949999999995,-158.6647,95,09511AA,PIMA,12.95,NA,NA
923529324290487,42722,2022,2022,1279737363290487,NA,62.28236,-158.9113,71,42722AA,LALA,12.95,NA,NA
923529324290487,42722,2022,2022,1279737358290487,NA,62.28236,-158.9113,95,42722AB,PIMA,13.72,NA,NA
923529321290487,59042,2022,2022,1279737243290487,NA,61.74097,-160.0298,94,59042AA,PIGL,17.78,NA,SITE TREE
923529308290487,8015,2022,2022,1279736061290487,NA,61.9076,-158.7056,95,08015AA,PIMA,15.24,NA,plot mislabeled- changed from 4897 to 4987 (Cahoon)
923529308290487,8015,2022,2022,1279736059290487,NA,61.9076,-158.7056,95,08015AB,PIMA,17.78,NA,plot mislabeled- changed from 4897 to 4987 (Cahoon)
923529304290487,14172,2022,2022,1279735577290487,NA,61.807089999999995,-159.8877,95,14172AA,PIMA,13.46,NA,NA
886189393290487,2760,2022,2021,1279735437290487,NA,60.083371,-151.404445,95,02760AA,PIMA,12.7,NA,NA
886189160290487,56329,2022,2021,1279730347290487,NA,59.748093,-151.542692,94,56329AA,PIGL,17.27,NA,NA
886189028290487,53294,2022,2021,1279729000290487,NA,59.824819999999995,-151.358295,94,53294AA,PIGL,14.22,NA,NA
683089639126144,57260,2022,2020,1279714240290487,NA,62.008689999999994,-157.4991,94,57260AA,PIGL,41.66,NA,NA
683089619126144,37774,2022,2020,1279713310290487,NA,61.6792,-158.2151,95,37774AA,PIMA,12.7,NA,NA
683089590126144,40587,2022,2020,1279712725290487,NA,61.458679999999994,-160.5661,94,40587AA,PIGL,34.04,NA,NA
683089590126144,40587,2022,2020,1279712709290487,NA,61.458679999999994,-160.5661,94,40587AB,PIGL,28.45,NA,NA
683089584126144,47511,2022,2020,1279712236290487,1279712220290487,60.76271,-158.4185,94,47511AA,PIGL,45.97,NA,NA
683089584126144,47511,2022,2020,1279712228290487,1279712219290487,60.76271,-158.4185,94,47511AB,PIGL,26.42,NA,NA
683089576126144,22792,2022,2020,1279712014290487,NA,61.22193,-158.67090000000002,94,22792AA,PIGL,26.42,NA,NA
683089576126144,22792,2022,2020,1279712013290487,NA,61.22193,-158.67090000000002,94,22792AB,PIGL,28.7,NA,NA
683089576126144,22792,2022,2020,1279712010290487,NA,61.22193,-158.67090000000002,94,22792AC,PIGL,33.27,NA,NA
683089575126144,503,2022,2020,1279711663290487,NA,61.86105,-155.30100000000002,94,00503AA,PIGL,27.18,NA,NA
683089575126144,503,2022,2020,1279711644290487,NA,61.86105,-155.30100000000002,94,00503AB,PIGL,28.96,NA,NA
683089543126144,24456,2022,2020,1279711023290487,NA,61.230639999999994,-160.0812,94,24456AA,PIGL,18.8,NA,NA
683089537126144,56318,2022,2020,1279710780290487,NA,61.28217,-156.61960000000002,95,56318AA,PIMA,18.29,NA,NA
683089529126144,59980,2022,2020,1279710361290487,NA,61.850519999999996,-158.8443,95,59980AA,PIMA,12.7,NA,NA
683089529126144,59980,2022,2020,1279710358290487,NA,61.850519999999996,-158.8443,95,59980AB,PIMA,18.29,NA,NA
683089529126144,59980,2022,2020,1279710347290487,NA,61.850519999999996,-158.8443,94,59980AC,PIGL,13.72,NA,SITE 1?
683089527126144,9563,2022,2020,1279710274290487,NA,61.722429999999996,-156.11960000000002,95,09563AA,PIMA,14.48,NA,NA
683089486126144,7824,2022,2020,1279708315290487,NA,61.58072,-159.40200000000002,94,07824AA,PIGL,21.34,NA,NA
683089484126144,33257,2022,2020,1279707931290487,NA,61.04642,-159.27450000000002,94,33257AA,PIGL,19.05,NA,NA
683089484126144,33257,2022,2020,1279707930290487,NA,61.04642,-159.27450000000002,94,33257AB,PIGL,23.11,NA,NA
683089484126144,33257,2022,2020,1279707925290487,NA,61.04642,-159.27450000000002,94,33257AC,PIGL,12.7,NA,NA
683089484126144,33257,2022,2020,1279707923290487,NA,61.04642,-159.27450000000002,94,33257AD,PIGL,14.22,NA,NA
683089482126144,48529,2022,2020,1279707405290487,NA,60.89011,-159.3539,94,48529AA,PIGL,44.7,NA,NA
683089482126144,48529,2022,2020,1279707404290487,NA,60.89011,-159.3539,94,48529AB,PIGL,24.38,NA,NA
683089434126144,26460,2022,2020,1279706242290487,NA,61.672329999999995,-157.4982,95,26460AA,PIMA,17.53,NA,NA
683089434126144,26460,2022,2020,1279706238290487,NA,61.672329999999995,-157.4982,95,26460AB,PIMA,14.22,NA,NA
683089434126144,26460,2022,2020,1279706237290487,NA,61.672329999999995,-157.4982,95,26460AC,PIMA,12.7,NA,NA
683089434126144,26460,2022,2020,1279706228290487,NA,61.672329999999995,-157.4982,94,26460AD,PIGL,26.16,NA,NA
683089434126144,26460,2022,2020,1279706199290487,NA,61.672329999999995,-157.4982,95,26460AE,PIMA,12.95,NA,NA
683089434126144,26460,2022,2020,1279706197290487,NA,61.672329999999995,-157.4982,95,26460AF,PIMA,21.34,NA,NA
683089373126144,42059,2022,2020,1279704252290487,NA,61.64951,-158.02960000000002,94,42059AA,PIGL,22.61,NA,NA
683089351126144,52619,2022,2020,1279702849290487,NA,61.34583,-156.4665,95,52619AA,PIMA,14.48,NA,NA
683089350126144,22897,2022,2020,1279702481290487,1279702471290487,61.389019999999995,-160.70350000000002,94,22897AA,PIGL,17.27,NA,NA
683089346126144,45440,2022,2020,1279702096290487,NA,61.61533,-158.3616,94,45440AA,PIGL,13.21,NA,NA
683089346126144,45440,2022,2020,1279702091290487,NA,61.61533,-158.3616,95,45440AB,PIMA,15.24,NA,NA
683089339126144,44688,2022,2020,1279702037290487,NA,61.479079999999996,-159.34300000000002,94,44688AA,PIGL,24.64,NA,NA
683089339126144,44688,2022,2020,1279702032290487,NA,61.479079999999996,-159.34300000000002,94,44688AB,PIGL,25.15,NA,NA
683089339126144,44688,2022,2020,1279702031290487,NA,61.479079999999996,-159.34300000000002,94,44688AC,PIGL,28.96,NA,NA
683089339126144,44688,2022,2020,1279702023290487,NA,61.479079999999996,-159.34300000000002,94,44688AD,PIGL,21.84,NA,NA
683089329126144,44264,2022,2020,1279701611290487,NA,61.643139999999995,-159.2543,94,44264AA,PIGL,26.67,NA,NA
683089329126144,44264,2022,2020,1279701607290487,NA,61.643139999999995,-159.2543,94,44264AB,PIGL,16.26,NA,NA
683089329126144,44264,2022,2020,1279701605290487,NA,61.643139999999995,-159.2543,94,44264AC,PIGL,20.83,NA,NA
683089326126144,721,2022,2020,1279701364290487,NA,61.34177,-158.2158,95,00721AA,PIMA,17.02,NA,NA
683089310126144,5767,2022,2020,1279700687290487,1279700666290487,61.81308,-157.9348,94,05767AA,PIGL,20.32,NA,NA
683089310126144,5767,2022,2020,1279700677290487,1279700665290487,61.81308,-157.9348,94,05767AB,PIGL,17.02,NA,NA
683089310126144,5767,2022,2020,1279700676290487,1279700664290487,61.81308,-157.9348,94,05767AC,PIGL,18.54,NA,NA
683089306126144,4046,2022,2020,1279700276290487,NA,61.6848,-158.9284,94,04046AA,PIGL,29.21,NA,NA
683089306126144,4046,2022,2020,1279700255290487,1279700238290487,61.6848,-158.9284,94,04046AB,PIGL,18.29,NA,NA
683089306126144,4046,2022,2020,1279700253290487,NA,61.6848,-158.9284,94,04046AC,PIGL,17.02,NA,NA
683089300126144,19696,2022,2020,1279699728290487,NA,61.391169999999995,-158.57770000000002,94,19696AA,PIGL,18.8,NA,NA
683089300126144,19696,2022,2020,1279699722290487,NA,61.391169999999995,-158.57770000000002,94,19696AB,PIGL,31.24,NA,NA
683089300126144,19696,2022,2020,1279699720290487,NA,61.391169999999995,-158.57770000000002,94,19696AC,PIGL,17.53,NA,NA
683089289126144,8459,2022,2020,1279699230290487,NA,61.663059999999994,-158.7347,94,08459AA,PIGL,23.37,NA,plot mislabeled - changed from 30056 to 30086 (Cahoon)
683089289126144,8459,2022,2020,1279699223290487,NA,61.663059999999994,-158.7347,94,08459AB,PIGL,14.22,NA,plot mislabeled - changed from 30056 to 30086 (Cahoon)
683089289126144,8459,2022,2020,1279699219290487,NA,61.663059999999994,-158.7347,94,08459AC,PIGL,14.99,NA,plot mislabeled - changed from 30056 to 30086 (Cahoon)
683089278126144,841,2022,2020,1279698966290487,NA,60.74147,-158.2408,94,00841AA,PIGL,38.35,NA,NA
683089272126144,11161,2022,2020,1279698547290487,NA,61.55862,-159.92010000000002,94,11161AA,PIGL,34.54,NA,NA
683089272126144,11161,2022,2020,1279698546290487,NA,61.55862,-159.92010000000002,94,11161AB,PIGL,45.72,NA,NA
683089241126144,2224,2022,2020,1279697507290487,NA,61.55356,-156.74710000000002,95,02224AA,PIMA,16.51,NA,NA
683089228126144,30077,2022,2020,1279696812290487,NA,61.259879999999995,-159.5666,94,30077AA,PIGL,16.76,NA,NA
683089228126144,30077,2022,2020,1279696809290487,NA,61.259879999999995,-159.5666,94,30077AB,PIGL,27.43,NA,NA
683089124126144,17375,2022,2020,1279694464290487,NA,61.825739999999996,-155.6394,94,17375AA,PIGL,37.34,NA,plot mislabeled - changed from 13543 to 13453 (Cahoon)
683089124126144,17375,2022,2020,1279694451290487,NA,61.825739999999996,-155.6394,71,17375AB,LALA,17.02,NA,plot mislabeled - changed from 13543 to 13453 (Cahoon)
683089124126144,17375,2022,2020,1279694450290487,NA,61.825739999999996,-155.6394,94,17375AC,PIGL,25.15,NA,plot mislabeled - changed from 13543 to 13453 (Cahoon)
683089124126144,17375,2022,2020,1279694448290487,NA,61.825739999999996,-155.6394,94,17375AD,PIGL,14.48,NA,plot mislabeled - changed from 13543 to 13453 (Cahoon)
683089124126144,17375,2022,2020,1279694445290487,NA,61.825739999999996,-155.6394,94,17375AE,PIGL,21.08,NA,SITE;  plot mislabeled - changed from 13543 to 13453 (Cahoon)
683089120126144,48992,2022,2020,1279694118290487,NA,61.615469999999995,-159.0582,94,48992AA,PIGL,27.94,NA,NA
683089108126144,38707,2022,2020,1279693655290487,NA,61.524989999999995,-156.5457,95,38707AA,PIMA,14.22,NA,NA
683089080126144,13026,2022,2020,1279692744290487,NA,61.71548,-159.83440000000002,94,13026AA,PIGL,17.02,NA,NA
683089066126144,27801,2022,2020,1279692240290487,1279692193290487,61.8478,-157.59210000000002,94,27801AA,PIGL,22.35,NA,NA
683089066126144,27801,2022,2020,1279692208290487,1279692191290487,61.8478,-157.59210000000002,94,27801AB,PIGL,20.07,NA,NA
683089066126144,27801,2022,2020,1279692205290487,NA,61.8478,-157.59210000000002,94,27801AC,PIGL,25.4,NA,NA
683089047126144,23539,2022,2020,1279691958290487,NA,61.403549999999996,-156.8409,95,23539AA,PIMA,14.22,NA,INC ONLY
683089003126144,17570,2022,2020,1279691188290487,NA,61.16959,-159.51670000000001,94,17570AA,PIGL,45.47,NA,NA
683089003126144,17570,2022,2020,1279691187290487,NA,61.16959,-159.51670000000001,94,17570AB,PIGL,48.77,NA,NA
683089003126144,17570,2022,2020,1279691185290487,NA,61.16959,-159.51670000000001,94,17570AC,PIGL,40.13,NA,NA
683089003126144,17570,2022,2020,1279691178290487,NA,61.16959,-159.51670000000001,94,17570AD,PIGL,37.59,NA,NA
683089002126144,3150,2022,2020,1279691025290487,NA,61.710159999999995,-158.3954,94,03150AA,PIGL,46.48,NA,NA
683089002126144,3150,2022,2020,1279691018290487,NA,61.710159999999995,-158.3954,94,03150AB,PIGL,17.78,NA,NA
683088695126144,10246,2022,2020,1279690800290487,NA,61.10214,-159.64350000000002,94,10246AA,PIGL,32.77,NA,EXTRA FOR SEAN
683088695126144,10246,2022,2020,1279690795290487,NA,61.10214,-159.64350000000002,94,10246AB,PIGL,13.21,NA,EXTRA FOR SEAN
683089002126144,3150,2022,2020,NA,1279691010290487,61.710159999999995,-158.3954,94,03150AC,PIGL,25.65,NA,NA
683089002126144,3150,2022,2020,NA,1279691009290487,61.710159999999995,-158.3954,94,03150AD,PIGL,43.18,NA,NA
683089003126144,17570,2022,2020,NA,1279691170290487,61.16959,-159.51670000000001,94,17570AE,PIGL,48.77,NA,NA
683089014126144,63738,2022,2020,NA,NA,61.820589999999996,-158.648,95,63738AA,PIMA,9.14,NA,NA
683089014126144,63738,2022,2020,NA,NA,61.820589999999996,-158.648,95,63738AB,PIMA,7.87,NA,NA
683089014126144,63738,2022,2020,NA,NA,61.820589999999996,-158.648,95,63738AC,PIMA,9.91,NA,NA
886189393290487,2760,2022,2021,NA,NA,60.083371,-151.404445,95,02760AB,PIMA,7.87,NA,NA
886189393290487,2760,2022,2021,NA,NA,60.083371,-151.404445,95,02760AC,PIMA,5.84,NA,NA
886189393290487,2760,2022,2021,NA,NA,60.083371,-151.404445,95,02760AD,PIMA,8.89,NA,NA
923529304290487,14172,2022,2022,NA,1279735566290487,61.807089999999995,-159.8877,95,14172AB,PIMA,9.65,NA,NA
923529304290487,14172,2022,2022,NA,1279735565290487,61.807089999999995,-159.8877,95,14172AC,PIMA,8.38,NA,NA
923529304290487,14172,2022,2022,NA,1279735564290487,61.807089999999995,-159.8877,95,14172AD,PIMA,9.91,NA,NA
683089027126144,2804,2022,2020,NA,1279691524290487,61.6891,-156.464,376,02804AA,BENE,10.92,NA,AGE
683089027126144,2804,2022,2020,NA,1279691523290487,61.6891,-156.464,94,02804AB,PIGL,20.57,NA,S/A
683089853126144,38881,2022,2020,NA,NA,61.70298,-155.4143,94,38881AA,PIGL,18.29,NA,NA
683089853126144,38881,2022,2020,NA,NA,61.70298,-155.4143,94,38881AB,PIGL,NA,NA,NA
683089856126144,10391,2022,2020,NA,NA,61.734579999999994,-155.59980000000002,95,10391AA,PIMA,7.87,NA,NA
683089856126144,10391,2022,2020,NA,NA,61.734579999999994,-155.59980000000002,95,10391AB,PIMA,6.1,NA,NA
683089856126144,10391,2022,2020,NA,NA,61.734579999999994,-155.59980000000002,95,10391AC,PIMA,8.64,NA,NA
683089039126144,867,2022,2020,NA,1279691700290487,61.826769999999996,-157.4188,95,00867AA,PIMA,11.43,NA,plot mislabeled - changed from 4434 to 4334 (Cahoon)
683089039126144,867,2022,2020,NA,1279691701290487,61.826769999999996,-157.4188,95,00867AB,PIMA,12.19,NA,plot mislabeled - changed to 4334 (Cahoon)
683089039126144,867,2022,2020,NA,1279691702290487,61.826769999999996,-157.4188,95,00867AC,PIMA,12.95,NA,plot mislabeled - changed to 4334 (Cahoon)
923529308290487,8015,2022,2022,NA,NA,61.9076,-158.7056,95,08015AC,PIMA,10.41,NA,plot mislabeled- changed from 4897 to 4987 (Cahoon)
923529308290487,8015,2022,2022,NA,NA,61.9076,-158.7056,95,08015AD,PIMA,14.99,NA,plot mislabeled- changed from 4897 to 4987 (Cahoon)
683089047126144,23539,2022,2020,NA,NA,61.403549999999996,-156.8409,94,23539AB,PIGL,19.56,NA,INC
683089047126144,23539,2022,2020,NA,1279691944290487,61.403549999999996,-156.8409,94,23539AC,PIGL,17.27,NA,NA
683089047126144,23539,2022,2020,NA,1279691942290487,61.403549999999996,-156.8409,94,23539AD,PIGL,22.61,NA,NA
683089047126144,23539,2022,2020,NA,1279691943290487,61.403549999999996,-156.8409,94,23539AE,PIGL,20.07,NA,NA
683089066126144,27801,2022,2020,NA,1279692192290487,61.8478,-157.59210000000002,94,27801AD,PIGL,20.57,NA,NA
683089072126144,40094,2022,2020,NA,NA,61.94515,-157.6497,95,40094AA,PIMA,11.68,NA,NA
683089079126144,5196,2022,2020,NA,1279692600290487,61.836929999999995,-156.8794,94,05196AA,PIGL,34.29,NA,NA
683089079126144,5196,2022,2020,NA,1279692601290487,61.836929999999995,-156.8794,94,05196AB,PIGL,20.32,NA,NA
683089079126144,5196,2022,2020,NA,1279692602290487,61.836929999999995,-156.8794,94,05196AC,PIGL,22.86,NA,NA
683089091126144,37133,2022,2020,NA,NA,61.415009999999995,-160.8821,71,37133AA,LALA,9.4,NA,NA
683089091126144,37133,2022,2020,NA,NA,61.415009999999995,-160.8821,71,37133AB,LALA,7.11,NA,NA
683089091126144,37133,2022,2020,NA,NA,61.415009999999995,-160.8821,71,37133AC,LALA,11.18,NA,NA
683089108126144,38707,2022,2020,NA,1279693632290487,61.524989999999995,-156.5457,95,38707AB,PIMA,12.7,NA,NA
683089108126144,38707,2022,2020,NA,1279693631290487,61.524989999999995,-156.5457,95,38707AC,PIMA,10.16,NA,NA
683089108126144,38707,2022,2020,NA,1279693630290487,61.524989999999995,-156.5457,95,38707AD,PIMA,9.4,NA,NA
923529314290487,59263,2022,2022,NA,1279736297290487,62.10196,-160.2502,95,59263AA,PIMA,12.95,NA,NA
923529314290487,59263,2022,2022,NA,1279736298290487,62.10196,-160.2502,95,59263AB,PIMA,11.18,NA,NA
923529314290487,59263,2022,2022,NA,1279736296290487,62.10196,-160.2502,95,59263AC,PIMA,11.43,NA,NA
683089111126144,55579,2022,2020,NA,NA,61.98115,-155.52700000000002,95,55579AA,PIMA,7.11,NA,NA
683089120126144,48992,2022,2020,NA,NA,61.615469999999995,-159.0582,94,48992AB,PIGL,21.84,NA,NA
683089120126144,48992,2022,2020,NA,1279694108290487,61.615469999999995,-159.0582,94,48992AC,PIGL,25.65,NA,NA
923529315290487,21837,2022,2022,NA,1279736478290487,62.002979999999994,-158.7551,95,21837AA,PIMA,10.41,NA,NA
923529315290487,21837,2022,2022,NA,1279736477290487,62.002979999999994,-158.7551,95,21837AB,PIMA,8.38,NA,NA
923529315290487,21837,2022,2022,NA,1279736481290487,62.002979999999994,-158.7551,95,21837AC,PIMA,9.4,NA,NA
923529316290487,24239,2022,2022,NA,1279736579290487,61.93385,-158.86860000000001,95,24239AA,PIMA,9.91,NA,NA
923529316290487,24239,2022,2022,NA,1279736578290487,61.93385,-158.86860000000001,95,24239AB,PIMA,8.64,NA,NA
923529316290487,24239,2022,2022,NA,1279736577290487,61.93385,-158.86860000000001,95,24239AC,PIMA,9.14,NA,NA
683089137126144,52724,2022,2020,NA,1279694655290487,61.878429999999994,-157.7893,95,52724AA,PIMA,10.16,NA,"DUPLICATE PLOT/SITE, DIFFERENT SPECIES"
683089137126144,52724,2022,2020,NA,1279694656290487,61.878429999999994,-157.7893,95,52724AB,PIMA,21.59,NA,"DUPLICATE PLOT/SITE, DIFFERENT SPECIES"
683089137126144,52724,2022,2020,NA,1279694655290487,61.878429999999994,-157.7893,94,52724AC,PIGL,10.16,NA,"DUPLICATE PLOT/SITE, DIFFERENT SPECIES"
683089137126144,52724,2022,2020,NA,1279694656290487,61.878429999999994,-157.7893,94,52724AD,PIGL,21.59,NA,"DUPLICATE PLOT/SITE, DIFFERENT SPECIES"
683089145126144,47818,2022,2020,NA,1279694971290487,61.41274,-156.31560000000002,95,47818AA,PIMA,11.68,NA,NA
683089145126144,47818,2022,2020,NA,1279694972290487,61.41274,-156.31560000000002,95,47818AB,PIMA,12.45,NA,NA
683089145126144,47818,2022,2020,NA,1279694970290487,61.41274,-156.31560000000002,95,47818AC,PIMA,14.48,NA,NA
683089152126144,11576,2022,2020,NA,NA,61.43994,-156.50990000000002,95,11576AA,PIMA,10.16,NA,NA
683089152126144,11576,2022,2020,NA,NA,61.43994,-156.50990000000002,95,11576AB,PIMA,10.67,NA,NA
683089152126144,11576,2022,2020,NA,NA,61.43994,-156.50990000000002,95,11576AC,PIMA,8.38,NA,NA
683089163126144,26013,2022,2020,NA,1279695376290487,61.41348,-160.18890000000002,94,26013AA,PIGL,25.65,NA,NA
683089163126144,26013,2022,2020,NA,1279695375290487,61.41348,-160.18890000000002,94,26013AB,PIGL,25.15,NA,NA
683089163126144,26013,2022,2020,NA,NA,61.41348,-160.18890000000002,94,26013AC,PIGL,11.94,NA,REJECTED SITE TREE
683089170126144,18602,2022,2020,NA,NA,62.044729999999994,-157.17270000000002,95,18602AA,PIMA,14.99,NA,NA
683089170126144,18602,2022,2020,NA,NA,62.044729999999994,-157.17270000000002,95,18602AB,PIMA,14.48,NA,NA
683089170126144,18602,2022,2020,NA,NA,62.044729999999994,-157.17270000000002,95,18602AC,PIMA,13.97,NA,NA
923529348290487,32336,2022,2022,NA,NA,62.308139999999995,-159.09900000000002,95,32336AA,PIMA,4.83,NA,NA
923529348290487,32336,2022,2022,NA,NA,62.308139999999995,-159.09900000000002,95,32336AB,PIMA,7.87,NA,NA
923529348290487,32336,2022,2022,NA,NA,62.308139999999995,-159.09900000000002,71,32336AC,LALA,7.11,NA,NA
923529319290487,24867,2022,2022,NA,NA,61.97488,-158.5556,95,24867AA,PIMA,10.41,NA,NA
923529319290487,24867,2022,2022,NA,NA,61.97488,-158.5556,95,24867AB,PIMA,8.38,NA,NA
923529319290487,24867,2022,2022,NA,NA,61.97488,-158.5556,95,24867AC,PIMA,10.67,NA,NA
683089179126144,8941,2022,2020,NA,NA,61.713100000000004,-154.8813,95,08941AA,PIMA,10.92,NA,NA
683089179126144,8941,2022,2020,NA,NA,61.713100000000004,-154.8813,95,08941AB,PIMA,7.62,NA,NA
683089179126144,8941,2022,2020,NA,NA,61.713100000000004,-154.8813,95,08941AC,PIMA,9.14,NA,NA
683089722126144,27529,2022,2020,NA,NA,61.386039999999994,-156.1343,95,27529AA,PIMA,6.86,NA,NA
683089722126144,27529,2022,2020,NA,NA,61.386039999999994,-156.1343,95,27529AB,PIMA,9.4,NA,NA
683089722126144,27529,2022,2020,NA,NA,61.386039999999994,-156.1343,95,27529AC,PIMA,6.86,NA,NA
923529321290487,59042,2022,2022,NA,NA,61.74097,-160.0298,376,59042AB,BENE,11.18,NA,AGE TREE
923529321290487,59042,2022,2022,NA,NA,61.74097,-160.0298,376,59042AC,BENE,11.43,NA,AGE TREE
923529321290487,59042,2022,2022,NA,NA,61.74097,-160.0298,376,59042AD,BENE,11.18,NA,AGE TREE
923529321290487,59042,2022,2022,NA,NA,61.74097,-160.0298,94,59042AE,PIGL,16.51,NA,SITE TREE
923529321290487,59042,2022,2022,NA,NA,61.74097,-160.0298,94,59042AF,PIGL,15.75,NA,SITE TREE
683089223126144,44811,2022,2020,NA,1279696392290487,61.752300000000005,-158.7776,95,44811AA,PIMA,7.37,NA,NA
683089223126144,44811,2022,2020,NA,1279696391290487,61.752300000000005,-158.7776,95,44811AB,PIMA,8.38,NA,NA
683089223126144,44811,2022,2020,NA,1279696390290487,61.752300000000005,-158.7776,95,44811AC,PIMA,9.65,NA,NA
683089224126144,57113,2022,2020,NA,NA,61.867079999999994,-157.0726,94,57113AA,PIGL,19.56,NA,NA
683089224126144,57113,2022,2020,NA,NA,61.867079999999994,-157.0726,94,57113AB,PIGL,21.34,NA,NA
683089224126144,57113,2022,2020,NA,NA,61.867079999999994,-157.0726,94,57113AC,PIGL,18.8,NA,NA
683089228126144,30077,2022,2020,NA,1279696801290487,61.259879999999995,-159.5666,94,30077AC,PIGL,18.8,NA,NA
683089228126144,30077,2022,2020,NA,1279696802290487,61.259879999999995,-159.5666,94,30077AD,PIGL,14.73,NA,NA
683089228126144,30077,2022,2020,NA,1279696800290487,61.259879999999995,-159.5666,94,30077AE,PIGL,39.12,NA,NA
683089232126144,48604,2022,2020,NA,1279697090290487,61.66014,-156.264,95,48604AA,PIMA,10.92,NA,NA
683089232126144,48604,2022,2020,NA,1279697088290487,61.66014,-156.264,95,48604AB,PIMA,8.64,NA,NA
683089232126144,48604,2022,2020,NA,1279697089290487,61.66014,-156.264,95,48604AC,PIMA,12.7,NA,NA
923529324290487,42722,2022,2022,NA,1279737343290487,62.28236,-158.9113,95,42722AC,PIMA,13.21,NA,NA
923529324290487,42722,2022,2022,NA,1279737344290487,62.28236,-158.9113,95,42722AD,PIMA,4.83,NA,NA
923529324290487,42722,2022,2022,NA,1279737342290487,62.28236,-158.9113,95,42722AE,PIMA,9.65,NA,NA
923529324290487,42722,2022,2022,NA,NA,62.28236,-158.9113,95,42722AF,PIMA,14.73,NA,NA
923529324290487,42722,2022,2022,NA,1279737341290487,62.28236,-158.9113,95,42722AG,PIMA,12.45,NA,NA
683089240126144,43840,2022,2020,NA,1279697294290487,61.477259999999994,-158.6334,95,43840AA,PIMA,10.67,NA,NA
683089240126144,43840,2022,2020,NA,1279697296290487,61.477259999999994,-158.6334,95,43840AB,PIMA,10.41,NA,NA
683089240126144,43840,2022,2020,NA,1279697295290487,61.477259999999994,-158.6334,95,43840AC,PIMA,12.45,NA,NA
683089241126144,2224,2022,2020,NA,NA,61.55356,-156.74710000000002,95,02224AB,PIMA,14.48,NA,NA
683089241126144,2224,2022,2020,NA,NA,61.55356,-156.74710000000002,95,02224AC,PIMA,20.07,NA,NA
683089249126144,11899,2022,2020,NA,1279697811290487,61.45267,-156.0029,95,11899AA,PIMA,10.16,NA,NA
683089249126144,11899,2022,2020,NA,1279697812290487,61.45267,-156.0029,95,11899AB,PIMA,10.67,NA,NA
683089249126144,11899,2022,2020,NA,1279697810290487,61.45267,-156.0029,95,11899AC,PIMA,11.43,NA,NA
683089250126144,267,2022,2020,NA,1279698068290487,61.77254,-158.2567,95,00267AA,PIMA,9.14,NA,NA
683089250126144,267,2022,2020,NA,1279698069290487,61.77254,-158.2567,95,00267AB,PIMA,12.45,NA,NA
683089250126144,267,2022,2020,NA,1279698070290487,61.77254,-158.2567,95,00267AC,PIMA,7.62,NA,NA
683089272126144,11161,2022,2020,NA,1279698532290487,61.55862,-159.92010000000002,376,11161AC,BENE,16.26,NA,NA
683089272126144,11161,2022,2020,NA,1279698534290487,61.55862,-159.92010000000002,94,11161AD,PIGL,22.61,NA,NA
683089272126144,11161,2022,2020,NA,1279698531290487,61.55862,-159.92010000000002,94,11161AE,PIGL,31.5,NA,NA
683089272126144,11161,2022,2020,NA,1279698533290487,61.55862,-159.92010000000002,94,11161AF,PIGL,22.1,NA,NA
683089275126144,19581,2022,2020,NA,1279698708290487,61.69482,-157.7023,95,19581AA,PIMA,9.4,NA,NA
683089275126144,19581,2022,2020,NA,1279698709290487,61.69482,-157.7023,95,19581AB,PIMA,10.92,NA,NA
683089275126144,19581,2022,2020,NA,1279698710290487,61.69482,-157.7023,94,19581AC,PIGL,16,NA,NA
683089275126144,19581,2022,2020,NA,1279698712290487,61.69482,-157.7023,94,19581AD,PIGL,21.84,NA,NA
683089275126144,19581,2022,2020,NA,NA,61.69482,-157.7023,94,19581AE,PIGL,11.68,NA,NA
683089275126144,19581,2022,2020,NA,NA,61.69482,-157.7023,94,19581AF,PIGL,11.68,NA,NA
683089275126144,19581,2022,2020,NA,NA,61.69482,-157.7023,94,19581AG,PIGL,10.41,NA,NA
683089278126144,841,2022,2020,NA,1279698923290487,60.74147,-158.2408,376,00841AB,BENE,26.92,NA,NA
683089278126144,841,2022,2020,NA,1279698923290487,60.74147,-158.2408,94,00841AC,PIGL,26.92,NA,NA
683089278126144,841,2022,2020,NA,1279698922290487,60.74147,-158.2408,94,00841AD,PIGL,20.07,NA,NA
683089278126144,841,2022,2020,NA,1279698921290487,60.74147,-158.2408,94,00841AE,PIGL,23.11,NA,NA
683089286126144,4451,2022,2020,NA,NA,62.18038,-156.8958,95,04451AA,PIMA,9.14,NA,NA
683089286126144,4451,2022,2020,NA,NA,62.18038,-156.8958,95,04451AB,PIMA,8.89,NA,NA
683089286126144,4451,2022,2020,NA,NA,62.18038,-156.8958,95,04451AC,PIMA,9.14,NA,NA
683089293126144,28944,2022,2020,NA,NA,61.69524,-155.9296,71,28944AA,LALA,11.43,NA,NA
683089293126144,28944,2022,2020,NA,NA,61.69524,-155.9296,71,28944AB,LALA,10.67,NA,NA
683089293126144,28944,2022,2020,NA,NA,61.69524,-155.9296,71,28944AC,LALA,11.68,NA,NA
683089301126144,19067,2022,2020,NA,1279700009290487,61.50069,-158.8238,95,19067AA,PIMA,8.13,NA,NA
683089301126144,19067,2022,2020,NA,1279700008290487,61.50069,-158.8238,95,19067AB,PIMA,8.38,NA,NA
683089301126144,19067,2022,2020,NA,1279700010290487,61.50069,-158.8238,95,19067AC,PIMA,9.91,NA,NA
683089306126144,4046,2022,2020,NA,1279700239290487,61.6848,-158.9284,94,04046AD,PIGL,21.34,NA,NA
683089306126144,4046,2022,2020,NA,1279700240290487,61.6848,-158.9284,94,04046AE,PIGL,21.34,NA,NA
683089307126144,5584,2022,2020,NA,NA,61.76237,-155.2733,95,05584AA,PIMA,9.91,NA,NA
683089307126144,5584,2022,2020,NA,NA,61.76237,-155.2733,95,05584AB,PIMA,9.91,NA,NA
683089307126144,5584,2022,2020,NA,NA,61.76237,-155.2733,95,05584AC,PIMA,8.38,NA,NA
683089320126144,40876,2022,2020,NA,NA,61.961119999999994,-157.1288,94,40876AA,PIGL,12.7,NA,NA
683089321126144,39709,2022,2020,NA,NA,61.98133,-157.31040000000002,95,39709AA,PIMA,11.18,NA,NA
683089321126144,39709,2022,2020,NA,NA,61.98133,-157.31040000000002,95,39709AB,PIMA,8.89,NA,NA
683089321126144,39709,2022,2020,NA,NA,61.98133,-157.31040000000002,95,39709AC,PIMA,7.62,NA,NA
683089326126144,721,2022,2020,NA,NA,61.34177,-158.2158,95,00721AB,PIMA,10.67,NA,NA
683089326126144,721,2022,2020,NA,NA,61.34177,-158.2158,95,00721AC,PIMA,8.38,NA,NA
683089326126144,721,2022,2020,NA,NA,61.34177,-158.2158,95,00721AD,PIMA,11.43,NA,NA
683089329126144,44264,2022,2020,NA,NA,61.643139999999995,-159.2543,94,44264AD,PIGL,17.27,NA,NA
683089334126144,20399,2022,2020,NA,1279701636290487,61.994600000000005,-156.77,94,20399AA,PIGL,15.49,NA,NA
683089334126144,20399,2022,2020,NA,1279701635290487,61.994600000000005,-156.77,94,20399AB,PIGL,20.07,NA,NA
683089334126144,20399,2022,2020,NA,1279701634290487,61.994600000000005,-156.77,94,20399AC,PIGL,15.75,NA,NA
683089750126144,22896,2022,2020,NA,1279714989290487,61.896559999999994,-157.2887,94,22896AA,PIGL,28.7,NA,NA
683089750126144,22896,2022,2020,NA,1279714990290487,61.896559999999994,-157.2887,94,22896AB,PIGL,27.94,NA,NA
683089750126144,22896,2022,2020,NA,1279714991290487,61.896559999999994,-157.2887,94,22896AC,PIGL,21.84,NA,NA
923529331290487,9511,2022,2022,NA,1279737624290487,62.165949999999995,-158.6647,95,09511AB,PIMA,10.41,NA,NA
923529331290487,9511,2022,2022,NA,1279737623290487,62.165949999999995,-158.6647,95,09511AC,PIMA,9.91,NA,NA
923529331290487,9511,2022,2022,NA,1279737622290487,62.165949999999995,-158.6647,95,09511AD,PIMA,9.14,NA,NA
923529332290487,32429,2022,2022,NA,NA,62.05811,-160.5848,95,32429AB,PIMA,9.65,NA,NA
923529332290487,32429,2022,2022,NA,NA,62.05811,-160.5848,95,32429AC,PIMA,10.67,NA,NA
923529332290487,32429,2022,2022,NA,NA,62.05811,-160.5848,95,32429AD,PIMA,12.45,NA,NA
683089346126144,45440,2022,2020,NA,1279702081290487,61.61533,-158.3616,95,45440AC,PIMA,14.22,NA,NA
683089346126144,45440,2022,2020,NA,1279702082290487,61.61533,-158.3616,95,45440AD,PIMA,12.7,NA,NA
683089346126144,45440,2022,2020,NA,1279702083290487,61.61533,-158.3616,95,45440AE,PIMA,12.7,NA,NA
683089346126144,45440,2022,2020,NA,1279702079290487,61.61533,-158.3616,94,45440AF,PIGL,22.1,NA,NA
683089346126144,45440,2022,2020,NA,1279702080290487,61.61533,-158.3616,94,45440AG,PIGL,20.32,NA,NA
683089346126144,45440,2022,2020,NA,1279702084290487,61.61533,-158.3616,94,45440AH,PIGL,22.61,NA,NA
683089347126144,33021,2022,2020,NA,NA,60.961079999999995,-159.2152,95,33021AA,PIMA,11.94,NA,NA
683089347126144,33021,2022,2020,NA,NA,60.961079999999995,-159.2152,95,33021AB,PIMA,12.45,NA,NA
683089347126144,33021,2022,2020,NA,NA,60.961079999999995,-159.2152,95,33021AC,PIMA,10.92,NA,NA
683089350126144,22897,2022,2020,NA,1279702472290487,61.389019999999995,-160.70350000000002,94,22897AB,PIGL,17.78,NA,NA
683089350126144,22897,2022,2020,NA,1279702473290487,61.389019999999995,-160.70350000000002,94,22897AC,PIGL,17.27,NA,NA
683089350126144,22897,2022,2020,NA,1279702474290487,61.389019999999995,-160.70350000000002,94,22897AD,PIGL,8.13,NA,NA
683089350126144,22897,2022,2020,NA,1279702475290487,61.389019999999995,-160.70350000000002,94,22897AE,PIGL,5.84,NA,NA
683089350126144,22897,2022,2020,NA,1279702476290487,61.389019999999995,-160.70350000000002,94,22897AF,PIGL,7.11,NA,NA
923529350290487,25431,2022,2022,NA,NA,62.39803,-159.1569,95,25431AA,PIMA,10.41,NA,NA
923529350290487,25431,2022,2022,NA,NA,62.39803,-159.1569,95,25431AB,PIMA,7.87,NA,NA
923529350290487,25431,2022,2022,NA,NA,62.39803,-159.1569,95,25431AC,PIMA,11.18,NA,NA
923529333290487,25762,2022,2022,NA,1279738072290487,61.77856,-158.98600000000002,95,25762AB,PIMA,8.13,NA,NA
683089359126144,46038,2022,2020,NA,1279703243290487,61.606989999999996,-155.37630000000001,95,46038AA,PIMA,10.67,NA,NA
683089359126144,46038,2022,2020,NA,1279703244290487,61.606989999999996,-155.37630000000001,95,46038AB,PIMA,12.45,NA,NA
683089359126144,46038,2022,2020,NA,1279703245290487,61.606989999999996,-155.37630000000001,95,46038AC,PIMA,8.64,NA,NA
683089367126144,58678,2022,2020,NA,NA,61.5842,-155.1814,95,58678AA,PIMA,8.38,NA,NA
683089367126144,58678,2022,2020,NA,NA,61.5842,-155.1814,95,58678AB,PIMA,5.08,NA,NA
683089367126144,58678,2022,2020,NA,NA,61.5842,-155.1814,95,58678AC,PIMA,8.89,NA,NA
683089368126144,18001,2022,2020,NA,NA,61.64447,-159.981,95,18001AA,PIMA,5.84,NA,NA
683089368126144,18001,2022,2020,NA,NA,61.64447,-159.981,95,18001AB,PIMA,8.13,NA,NA
683089368126144,18001,2022,2020,NA,NA,61.64447,-159.981,95,18001AC,PIMA,10.16,NA,NA
683089373126144,42059,2022,2020,NA,1279704243290487,61.64951,-158.02960000000002,95,42059AB,PIMA,9.4,NA,NA
683089373126144,42059,2022,2020,NA,1279704245290487,61.64951,-158.02960000000002,95,42059AC,PIMA,11.94,NA,NA
683089373126144,42059,2022,2020,NA,1279704244290487,61.64951,-158.02960000000002,95,42059AD,PIMA,9.65,NA,NA
683089391126144,59019,2022,2020,NA,NA,61.431000000000004,-160.368,71,59019AA,LALA,1.27,NA,NA
683089391126144,59019,2022,2020,NA,NA,61.431000000000004,-160.368,94,59019AB,PIGL,9.91,NA,NA
683089391126144,59019,2022,2020,NA,NA,61.431000000000004,-160.368,94,59019AC,PIGL,8.64,NA,NA
683089391126144,59019,2022,2020,NA,NA,61.431000000000004,-160.368,94,59019AD,PIGL,9.65,NA,NA
683089399126144,39351,2022,2020,NA,1279704763290487,61.759629999999994,-155.77280000000002,94,39351AA,PIGL,17.78,NA,NA
683089399126144,39351,2022,2020,NA,1279704762290487,61.759629999999994,-155.77280000000002,94,39351AB,PIGL,19.3,NA,NA
683089399126144,39351,2022,2020,NA,1279704761290487,61.759629999999994,-155.77280000000002,94,39351AC,PIGL,14.99,NA,NA
683089419126144,7961,2022,2020,NA,NA,62.15418,-156.6664,95,07961AA,PIMA,8.64,NA,NA
683089419126144,7961,2022,2020,NA,NA,62.15418,-156.6664,95,07961AB,PIMA,12.45,NA,NA
683089419126144,7961,2022,2020,NA,NA,62.15418,-156.6664,95,07961AC,PIMA,12.19,NA,NA
683089419126144,7961,2022,2020,NA,NA,62.15418,-156.6664,95,07961AD,PIMA,11.68,NA,NA
683089419126144,7961,2022,2020,NA,NA,62.15418,-156.6664,95,07961AE,PIMA,7.37,NA,NA
683089419126144,7961,2022,2020,NA,NA,62.15418,-156.6664,95,07961AF,PIMA,11.43,NA,NA
683089425126144,26068,2022,2020,NA,NA,61.59419,-156.4082,95,26068AA,PIMA,9.4,NA,NA
683089425126144,26068,2022,2020,NA,NA,61.59419,-156.4082,95,26068AB,PIMA,7.62,NA,NA
683089425126144,26068,2022,2020,NA,NA,61.59419,-156.4082,95,26068AC,PIMA,8.64,NA,NA
683089427126144,54662,2022,2020,NA,1279705473290487,61.82208,-156.1636,95,54662AA,PIMA,12.45,NA,NA
683089427126144,54662,2022,2020,NA,1279705474290487,61.82208,-156.1636,95,54662AB,PIMA,9.4,NA,NA
683089427126144,54662,2022,2020,NA,1279705475290487,61.82208,-156.1636,95,54662AC,PIMA,10.16,NA,NA
683089428126144,63630,2022,2020,NA,NA,61.96906,-156.6019,95,63630AA,PIMA,14.22,NA,NA
683089428126144,63630,2022,2020,NA,NA,61.96906,-156.6019,95,63630AB,PIMA,20.57,NA,NA
683089428126144,63630,2022,2020,NA,NA,61.96906,-156.6019,95,63630AC,PIMA,17.53,NA,NA
683089429126144,63321,2022,2020,NA,NA,61.506519999999995,-156.3544,95,63321AA,PIMA,10.16,NA,NA
683089429126144,63321,2022,2020,NA,NA,61.506519999999995,-156.3544,95,63321AB,PIMA,8.13,NA,NA
683089429126144,63321,2022,2020,NA,NA,61.506519999999995,-156.3544,95,63321AC,PIMA,9.65,NA,NA
683089434126144,26460,2022,2020,NA,NA,61.672329999999995,-157.4982,94,26460AG,PIGL,16,NA,NA
683089434126144,26460,2022,2020,NA,NA,61.672329999999995,-157.4982,94,26460AH,PIGL,33.78,NA,sp1
683089444126144,12356,2022,2020,NA,1279706292290487,62.061069999999994,-156.62120000000002,95,12356AA,PIMA,8.64,NA,NA
683089444126144,12356,2022,2020,NA,1279706293290487,62.061069999999994,-156.62120000000002,95,12356AB,PIMA,8.64,NA,NA
683089444126144,12356,2022,2020,NA,1279706294290487,62.061069999999994,-156.62120000000002,95,12356AC,PIMA,8.64,NA,NA
683089452126144,59423,2022,2020,NA,NA,61.97217,-157.83790000000002,95,59423AA,PIMA,11.18,NA,NA
683089452126144,59423,2022,2020,NA,NA,61.97217,-157.83790000000002,95,59423AB,PIMA,5.84,NA,NA
683089452126144,59423,2022,2020,NA,NA,61.97217,-157.83790000000002,95,59423AC,PIMA,8.64,NA,NA
683089460126144,23483,2022,2020,NA,1279706700290487,61.88606,-156.0077,95,23483AA,PIMA,9.91,NA,NA
683089460126144,23483,2022,2020,NA,1279706701290487,61.88606,-156.0077,95,23483AB,PIMA,9.14,NA,NA
683089460126144,23483,2022,2020,NA,1279706699290487,61.88606,-156.0077,95,23483AC,PIMA,7.87,NA,NA
683089475126144,60427,2022,2020,NA,NA,61.71315,-156.6506,95,60427AA,PIMA,10.92,NA,NA
683089475126144,60427,2022,2020,NA,NA,61.71315,-156.6506,95,60427AB,PIMA,10.16,NA,NA
683089475126144,60427,2022,2020,NA,NA,61.71315,-156.6506,95,60427AC,PIMA,11.94,NA,NA
683089476126144,37448,2022,2020,NA,1279707166290487,61.925729999999994,-158.1835,95,37448AA,PIMA,8.64,NA,NA
683089476126144,37448,2022,2020,NA,NA,61.925729999999994,-158.1835,95,37448AB,PIMA,10.41,NA,NA
683089476126144,37448,2022,2020,NA,1279707167290487,61.925729999999994,-158.1835,95,37448AC,PIMA,7.62,NA,NA
683089482126144,48529,2022,2020,NA,1279707394290487,60.89011,-159.3539,94,48529AC,PIGL,35.81,NA,NA
683089482126144,48529,2022,2020,NA,1279707393290487,60.89011,-159.3539,94,48529AD,PIGL,39.88,NA,NA
683089483126144,56519,2022,2020,NA,1279707653290487,61.890600000000006,-155.4855,95,56519AA,PIMA,6.35,NA,NA
683089483126144,56519,2022,2020,NA,1279707656290487,61.890600000000006,-155.4855,95,56519AB,PIMA,7.62,NA,NA
683089483126144,56519,2022,2020,NA,1279707657290487,61.890600000000006,-155.4855,95,56519AC,PIMA,9.14,NA,NA
683089484126144,33257,2022,2020,NA,1279707918290487,61.04642,-159.27450000000002,94,33257AE,PIGL,10.92,NA,NA
683089484126144,33257,2022,2020,NA,NA,61.04642,-159.27450000000002,94,33257AF,PIGL,8.38,NA,NA
683089484126144,33257,2022,2020,NA,NA,61.04642,-159.27450000000002,94,33257AG,PIGL,11.94,NA,NA
683089494126144,47497,2022,2020,NA,NA,61.89442,-154.9536,95,47497AA,PIMA,7.37,NA,NA
683089494126144,47497,2022,2020,NA,NA,61.89442,-154.9536,95,47497AB,PIMA,8.38,NA,NA
683089494126144,47497,2022,2020,NA,NA,61.89442,-154.9536,95,47497AC,PIMA,11.18,NA,NA
683089498126144,59621,2022,2020,NA,NA,61.87907,-156.5429,95,59621AA,PIMA,5.08,NA,NA
683089498126144,59621,2022,2020,NA,NA,61.87907,-156.5429,95,59621AB,PIMA,6.6,NA,NA
683089498126144,59621,2022,2020,NA,NA,61.87907,-156.5429,95,59621AC,PIMA,7.11,NA,NA
923529345290487,10675,2022,2022,NA,1279738933290487,62.211639999999996,-159.0488,95,10675AA,PIMA,8.89,NA,NA
923529345290487,10675,2022,2022,NA,1279738934290487,62.211639999999996,-159.0488,95,10675AB,PIMA,13.46,NA,NA
923529345290487,10675,2022,2022,NA,1279738935290487,62.211639999999996,-159.0488,95,10675AC,PIMA,18.8,NA,NA
683089503126144,31908,2022,2020,NA,1279708827290487,61.295109999999994,-156.0957,95,31908AA,PIMA,11.18,NA,NA
683089503126144,31908,2022,2020,NA,1279708829290487,61.295109999999994,-156.0957,95,31908AB,PIMA,11.18,NA,NA
683089503126144,31908,2022,2020,NA,1279708828290487,61.295109999999994,-156.0957,95,31908AC,PIMA,9.65,NA,NA
683089510126144,43339,2022,2020,NA,1279709161290487,60.98068,-159.4032,95,43339AA,PIMA,10.41,NA,NA
683089510126144,43339,2022,2020,NA,1279709160290487,60.98068,-159.4032,95,43339AB,PIMA,9.14,NA,NA
683089510126144,43339,2022,2020,NA,1279709159290487,60.98068,-159.4032,95,43339AC,PIMA,7.11,NA,NA
923529338290487,5546,2022,2022,NA,1279738442290487,62.19068,-160.3046,95,05546AA,PIMA,10.41,NA,NA
923529338290487,5546,2022,2022,NA,1279738447290487,62.19068,-160.3046,95,05546AB,PIMA,10.41,NA,NA
923529338290487,5546,2022,2022,NA,1279738448290487,62.19068,-160.3046,95,05546AC,PIMA,10.41,NA,NA
683089513126144,8716,2022,2020,NA,NA,61.75441,-156.31560000000002,95,08716AA,PIMA,11.94,NA,SA
683089513126144,8716,2022,2020,NA,NA,61.75441,-156.31560000000002,95,08716AB,PIMA,11.68,NA,SA
683089513126144,8716,2022,2020,NA,NA,61.75441,-156.31560000000002,95,08716AC,PIMA,10.41,NA,SA
683089520126144,40860,2022,2020,NA,1279709889290487,60.681529999999995,-159.0764,94,40860AA,PIGL,14.99,NA,NA
683089520126144,40860,2022,2020,NA,1279709890290487,60.681529999999995,-159.0764,94,40860AB,PIGL,16,NA,NA
683089520126144,40860,2022,2020,NA,1279709891290487,60.681529999999995,-159.0764,94,40860AC,PIGL,14.22,NA,NA
683089526126144,30062,2022,2020,NA,NA,61.664649999999995,-159.4382,95,30062AA,PIMA,7.62,NA,NA
683089527126144,9563,2022,2020,NA,NA,61.722429999999996,-156.11960000000002,95,09563AB,PIMA,10.41,NA,NA
683089527126144,9563,2022,2020,NA,NA,61.722429999999996,-156.11960000000002,95,09563AC,PIMA,10.16,NA,NA
683089529126144,59980,2022,2020,NA,1279710342290487,61.850519999999996,-158.8443,95,59980AD,PIMA,16.76,NA,NA
923529362290487,63099,2022,2022,NA,NA,62.072089999999996,-158.6031,95,63099AB,PIMA,8.89,NA,NA
683089537126144,56318,2022,2020,NA,1279710767290487,61.28217,-156.61960000000002,95,56318AB,PIMA,10.41,NA,NA
683089537126144,56318,2022,2020,NA,1279710763290487,61.28217,-156.61960000000002,95,56318AC,PIMA,9.91,NA,NA
683089537126144,56318,2022,2020,NA,1279710764290487,61.28217,-156.61960000000002,95,56318AD,PIMA,10.67,NA,NA
683089546126144,2377,2022,2020,NA,NA,61.806549999999994,-159.1827,95,02377AA,PIMA,6.35,NA,plot mislabeled - changed from 54253 to 54523 (Cahoon)
683089546126144,2377,2022,2020,NA,NA,61.806549999999994,-159.1827,95,02377AB,PIMA,6.1,NA,plot mislabeled - changed from 54253 to 54523 (Cahoon)
683089546126144,2377,2022,2020,NA,NA,61.806549999999994,-159.1827,95,02377AC,PIMA,7.37,NA,plot mislabeled - changed from 54253 to 54523 (Cahoon)
683089543126144,24456,2022,2020,NA,NA,61.230639999999994,-160.0812,94,24456AB,PIGL,22.61,NA,NA
683089543126144,24456,2022,2020,NA,NA,61.230639999999994,-160.0812,94,24456AC,PIGL,14.99,NA,NA
683089584126144,47511,2022,2020,NA,1279712221290487,60.76271,-158.4185,94,47511AC,PIGL,26.42,NA,plot mislabeled - changed from 54553 to 58554 (Cahoon)
923529346290487,21604,2022,2022,NA,NA,62.004909999999995,-160.1853,94,21604AB,PIGL,20.83,NA,NA
923529346290487,21604,2022,2022,NA,NA,62.004909999999995,-160.1853,94,21604AC,PIGL,16.76,NA,NA
923529346290487,21604,2022,2022,NA,NA,62.004909999999995,-160.1853,94,21604AD,PIGL,17.27,NA,NA
683089574126144,18187,2022,2020,NA,NA,60.688489999999994,-157.8697,94,18187AA,PIGL,24.38,NA,NA
683089574126144,18187,2022,2020,NA,NA,60.688489999999994,-157.8697,94,18187AB,PIGL,25.65,NA,NA
683089574126144,18187,2022,2020,NA,NA,60.688489999999994,-157.8697,94,18187AC,PIGL,41.91,NA,NA
683089575126144,503,2022,2020,NA,NA,61.86105,-155.30100000000002,94,00503AC,PIGL,25.65,NA,NA
683089576126144,22792,2022,2020,NA,NA,61.22193,-158.67090000000002,94,22792AD,PIGL,21.84,NA,NA
683089576126144,22792,2022,2020,NA,NA,61.22193,-158.67090000000002,94,22792AE,PIGL,22.35,NA,NA
683089576126144,22792,2022,2020,NA,NA,61.22193,-158.67090000000002,94,22792AF,PIGL,18.8,NA,NA
683089577126144,32381,2022,2020,NA,NA,61.025349999999996,-159.0809,95,32381AA,PIMA,11.94,NA,NA
683089577126144,32381,2022,2020,NA,NA,61.025349999999996,-159.0809,95,32381AB,PIMA,8.89,NA,NA
683089577126144,32381,2022,2020,NA,NA,61.025349999999996,-159.0809,95,32381AC,PIMA,6.86,NA,NA
923529339290487,22718,2022,2022,NA,NA,62.17319,-160.0993,95,22718AA,PIMA,8.13,NA,NA
923529339290487,22718,2022,2022,NA,NA,62.17319,-160.0993,95,22718AB,PIMA,9.14,NA,NA
923529339290487,22718,2022,2022,NA,NA,62.17319,-160.0993,95,22718AC,PIMA,10.41,NA,NA
683089585126144,13739,2022,2020,NA,NA,62.029529999999994,-156.96880000000002,95,13739AA,PIMA,8.13,NA,plot mislabeled - changed from 58644 to 58664 (Cahoon)
683089585126144,13739,2022,2020,NA,NA,62.029529999999994,-156.96880000000002,95,13739AB,PIMA,6.1,NA,plot mislabeled - changed from 58644 to 58664 (Cahoon)
683089590126144,40587,2022,2020,NA,NA,61.458679999999994,-160.5661,94,40587AC,PIGL,9.65,NA,NA
683089590126144,40587,2022,2020,NA,NA,61.458679999999994,-160.5661,94,40587AD,PIGL,34.8,NA,NA
683089590126144,40587,2022,2020,NA,NA,61.458679999999994,-160.5661,94,40587AE,PIGL,34.04,NA,NA
683089590126144,40587,2022,2020,NA,NA,61.458679999999994,-160.5661,376,40587AF,BENE,12.45,NA,NA
683089590126144,40587,2022,2020,NA,NA,61.458679999999994,-160.5661,376,40587AG,BENE,11.43,NA,NA
683089618126144,47098,2022,2020,NA,NA,62.02429,-158.2253,95,47098AA,PIMA,11.18,NA,NA
683089619126144,37774,2022,2020,NA,1279713301290487,61.6792,-158.2151,95,37774AB,PIMA,10.67,NA,NA
683089619126144,37774,2022,2020,NA,1279713302290487,61.6792,-158.2151,95,37774AC,PIMA,12.19,NA,NA
683089619126144,37774,2022,2020,NA,1279713303290487,61.6792,-158.2151,95,37774AD,PIMA,11.68,NA,NA
683089623126144,48118,2022,2020,NA,1279713727290487,61.574709999999996,-160.1044,95,48118AA,PIMA,8.89,NA,NA
683089623126144,48118,2022,2020,NA,1279713725290487,61.574709999999996,-160.1044,95,48118AB,PIMA,9.91,NA,NA
683089623126144,48118,2022,2020,NA,1279713726290487,61.574709999999996,-160.1044,95,48118AC,PIMA,10.41,NA,NA
683089633126144,23956,2022,2020,NA,NA,61.66945,-155.7407,95,23956AA,PIMA,7.62,NA,CORE DISREGARD DUE TO AGE
683089633126144,23956,2022,2020,NA,NA,61.66945,-155.7407,95,23956AB,PIMA,10.92,NA,NA
683089639126144,57260,2022,2020,NA,1279714215290487,62.008689999999994,-157.4991,94,57260AB,PIGL,27.18,NA,NA
683089639126144,57260,2022,2020,NA,1279714214290487,62.008689999999994,-157.4991,94,57260AC,PIGL,28.7,NA,NA
683089639126144,57260,2022,2020,NA,1279714213290487,62.008689999999994,-157.4991,94,57260AD,PIGL,27.94,NA,NA
683089647126144,53790,2022,2020,NA,1279714288290487,61.83088,-155.12720000000002,94,53790AA,PIGL,19.81,NA,NA
683089647126144,53790,2022,2020,NA,1279714289290487,61.83088,-155.12720000000002,94,53790AB,PIGL,10.67,NA,NA
683089647126144,53790,2022,2020,NA,1279714292290487,61.83088,-155.12720000000002,94,53790AC,PIGL,21.59,NA,NA
683089647126144,53790,2022,2020,NA,1279714291290487,61.83088,-155.12720000000002,94,53790AD,PIGL,10.92,NA,NA
683089647126144,53790,2022,2020,NA,1279714290290487,61.83088,-155.12720000000002,95,53790AE,PIMA,11.43,NA,NA
683089853126144,38881,2022,2020,NA,1279715366290487,61.70298,-155.4143,94,38881AC,PIGL,20.83,NA,"could be site tree 1, same DIA in FIADB"
683089124126144,17375,2022,2020,NA,1279694438290487,61.825739999999996,-155.6394,94,17375AF,PIGL,20.83,NA,plot mislabeled - changed from 13543 to 13453 (Cahoon)
683089275126144,19581,2022,2020,NA,1279698711290487,61.69482,-157.7023,94,19581AH,PIGL,17.53,NA,NA
683089351126144,52619,2022,2020,NA,1279702834290487,61.34583,-156.4665,95,52619AB,PIMA,11.43,NA,NA
683089351126144,52619,2022,2020,NA,1279702835290487,61.34583,-156.4665,95,52619AC,PIMA,8.89,NA,NA
683089351126144,52619,2022,2020,NA,1279702836290487,61.34583,-156.4665,95,52619AD,PIMA,11.18,NA,NA
683089353126144,26038,2022,2020,NA,1279703021290487,61.89796,-156.73430000000002,95,26038AA,PIMA,10.92,NA,NA
683089353126144,26038,2022,2020,NA,1279703022290487,61.89796,-156.73430000000002,95,26038AB,PIMA,8.89,NA,NA
683089353126144,26038,2022,2020,NA,1279703023290487,61.89796,-156.73430000000002,95,26038AC,PIMA,8.13,NA,NA
923529333290487,25762,2022,2022,NA,1279738070290487,61.77856,-158.98600000000002,95,25762AC,PIMA,10.67,NA,NA
683089365126144,25013,2022,2020,NA,1389692540290487,61.79103,-157.751,95,25013AA,PIMA,9.91,NA,plot mislabeled - changed from 37365 to 37635 (Cahoon)
683089365126144,25013,2022,2020,NA,1389692542290487,61.79103,-157.751,95,25013AB,PIMA,9.4,NA,plot mislabeled - changed from 37365 to 37635 (Cahoon)
683089365126144,25013,2022,2020,NA,1389692541290487,61.79103,-157.751,95,25013AC,PIMA,8.13,NA,plot mislabeled - changed from 37365 to 37635 (Cahoon)
683089388126144,33439,2022,2020,NA,1279704524290487,61.29671,-159.24800000000002,95,33439AA,PIMA,9.4,NA,NA
683089388126144,33439,2022,2020,NA,1279704523290487,61.29671,-159.24800000000002,95,33439AB,PIMA,8.64,NA,NA
683089388126144,33439,2022,2020,NA,1279704522290487,61.29671,-159.24800000000002,95,33439AC,PIMA,8.89,NA,NA
923529362290487,63099,2022,2022,NA,1279739801290487,62.072089999999996,-158.6031,95,63099AC,PIMA,8.64,NA,NA
683089358126144,217,2023,2020,NA,1549065947290487,60.756569999999996,-156.5319,94,00217AA,PIGL,32,15.5,NA
683089358126144,217,2023,2020,NA,1549065948290487,60.756569999999996,-156.5319,94,00217AB,PIGL,33.78,13.4,NA
683089358126144,217,2023,2020,NA,1549065949290487,60.756569999999996,-156.5319,94,00217AC,PIGL,23.11,3.1,NA
683089358126144,217,2023,2020,1549065962290487,NA,60.756569999999996,-156.5319,94,00217AD,PIGL,21.59,8.3,NA
683089358126144,217,2023,2020,1549065956290487,NA,60.756569999999996,-156.5319,94,00217AE,PIGL,16.51,NA,core missing!
683089625126144,221,2023,2020,1549048832290487,1549048821290487,61.20807,-155.0217,95,00221AA,PIMA,14.99,17.7,NA
683089625126144,221,2023,2020,NA,1549048822290487,61.20807,-155.0217,95,00221AB,PIMA,11.18,2.4,NA
683089625126144,221,2023,2020,NA,1549048823290487,61.20807,-155.0217,95,00221AC,PIMA,9.4,4.1,NA
683089625126144,221,2023,2020,NA,1549048824290487,61.20807,-155.0217,95,00221AD,PIMA,8.89,1.9,NA
683089036126144,241,2023,2020,NA,1549049929290487,60.92519,-155.4102,95,00241AA,PIMA,8.89,12.5,NA
683089036126144,241,2023,2020,NA,1549049930290487,60.92519,-155.4102,95,00241AB,PIMA,9.65,6.2,NA
683089036126144,241,2023,2020,NA,1549049931290487,60.92519,-155.4102,95,00241AC,PIMA,10.41,18.3,NA
683089454126144,420,2023,2020,NA,1549068824290487,61.094449999999995,-156.5277,95,00420AA,PIMA,12.7,NA,break near pith - offset inestimable
683089454126144,420,2023,2020,NA,1549068825290487,61.094449999999995,-156.5277,95,00420AB,PIMA,11.68,6.8,NA
683089454126144,420,2023,2020,NA,1549068826290487,61.094449999999995,-156.5277,95,00420AC,PIMA,10.41,4.5,NA
683089454126144,420,2023,2020,NA,1549068827290487,61.094449999999995,-156.5277,94,00420AD,PIGL,21.59,14,NA
683089454126144,420,2023,2020,NA,1549068828290487,61.094449999999995,-156.5277,94,00420AE,PIGL,18.29,5.9,NA
683089454126144,420,2023,2020,NA,1549068829290487,61.094449999999995,-156.5277,94,00420AF,PIGL,18.8,6.2,NA
683089159126144,910,2023,2020,NA,1549057564290487,61.26403,-155.8972,95,00910AA,PIMA,7.62,7.1,NA
683089159126144,910,2023,2020,NA,1549057565290487,61.26403,-155.8972,95,00910AB,PIMA,9.14,6.1,NA
683089159126144,910,2023,2020,NA,1549057566290487,61.26403,-155.8972,95,00910AC,PIMA,8.38,0.6,NA
683089052126144,992,2023,2020,NA,1549050806290487,60.90221,-156.9352,95,00992AA,PIMA,10.41,1.1,NA
683089052126144,992,2023,2020,NA,1549050807290487,60.90221,-156.9352,95,00992AB,PIMA,8.89,1.6,NA
683089052126144,992,2023,2020,NA,1549050808290487,60.90221,-156.9352,95,00992AC,PIMA,10.16,0.9,NA
683089506126144,1371,2023,2020,NA,1549070358290487,61.03084,-156.66740000000001,95,01371AA,PIMA,7.87,3.3,NA
683089506126144,1371,2023,2020,NA,1549070359290487,61.03084,-156.66740000000001,95,01371AB,PIMA,8.13,5.8,NA
683089506126144,1371,2023,2020,NA,1549070360290487,61.03084,-156.66740000000001,95,01371AC,PIMA,11.94,2,NA
683089378126144,1400,2023,2020,NA,1549066467290487,61.86956,-158.321,95,01400AA,PIMA,8.13,0.3,NA
683089378126144,1400,2023,2020,NA,1549066468290487,61.86956,-158.321,95,01400AB,PIMA,9.14,1,NA
683089378126144,1400,2023,2020,NA,1549066469290487,61.86956,-158.321,95,01400AC,PIMA,7.87,0.7,NA
683089112126144,2251,2023,2020,NA,1549054357290487,61.677719999999994,-154.6999,95,02251AA,PIMA,10.92,6.4,NA
683089112126144,2251,2023,2020,NA,1549054358290487,61.677719999999994,-154.6999,95,02251AB,PIMA,8.13,0.6,NA
683089112126144,2251,2023,2020,NA,1549054359290487,61.677719999999994,-154.6999,95,02251AC,PIMA,8.64,7.1,NA
683089438126144,2274,2023,2020,NA,1549068378290487,61.205349999999996,-154.49970000000002,95,02274AA,PIMA,11.94,9.8,NA
683089438126144,2274,2023,2020,NA,1549068379290487,61.205349999999996,-154.49970000000002,95,02274AB,PIMA,10.92,7.2,NA
683089438126144,2274,2023,2020,NA,1549068380290487,61.205349999999996,-154.49970000000002,95,02274AC,PIMA,12.95,8.9,NA
683089438126144,2274,2023,2020,NA,1549068381290487,61.205349999999996,-154.49970000000002,95,02274AD,PIMA,10.41,3.8,NA
683089561126144,2484,2023,2020,NA,1549046278290487,61.712559999999996,-157.15890000000002,376,02484AA,BENE,21.34,9.1,NA
683089055126144,2874,2023,2020,NA,1549050935290487,60.683139999999995,-154.4678,94,02874AA,PIGL,26.67,3.9,NA
683089055126144,2874,2023,2020,NA,1549050936290487,60.683139999999995,-154.4678,94,02874AB,PIGL,37.85,22.2,NA
683089055126144,2874,2023,2020,NA,1549050937290487,60.683139999999995,-154.4678,94,02874AC,PIGL,22.86,12.9,NA
683089055126144,2874,2023,2020,1549050947290487,1549050938290487,60.683139999999995,-154.4678,94,02874AD,PIGL,23.88,7.7,NA
683089055126144,2874,2023,2020,1549050948290487,NA,60.683139999999995,-154.4678,94,02874AE,PIGL,19.05,4.2,NA
683089055126144,2874,2023,2020,1549050943290487,NA,60.683139999999995,-154.4678,94,02874AF,PIGL,13.72,2.8,NA
683089578126144,2959,2023,2020,NA,1549046926290487,60.88404,-156.2638,95,02959AA,PIMA,11.94,3.3,NA
683089578126144,2959,2023,2020,NA,1549046927290487,60.88404,-156.2638,95,02959AB,PIMA,13.72,4.1,NA
683089578126144,2959,2023,2020,NA,1549046928290487,60.88404,-156.2638,95,02959AC,PIMA,10.92,5.2,NA
683089578126144,2959,2023,2020,NA,1549046929290487,60.88404,-156.2638,95,02959AD,PIMA,11.43,9.2,NA
683089149126144,3706,2023,2020,1549056666290487,1549056658290487,61.17135,-157.60410000000002,95,03706AA,PIMA,13.46,3.6,NA
683089149126144,3706,2023,2020,1549056678290487,1549056659290487,61.17135,-157.60410000000002,95,03706AB,PIMA,18.03,13.9,NA
683089149126144,3706,2023,2020,NA,1549056660290487,61.17135,-157.60410000000002,95,03706AC,PIMA,14.73,19.8,NA
683089227126144,3854,2023,2020,NA,1549060661290487,60.14158,-155.9077,94,03854AA,PIGL,18.03,5.6,NA
683089227126144,3854,2023,2020,NA,1549060662290487,60.14158,-155.9077,94,03854AB,PIGL,15.75,1,NA
683089227126144,3854,2023,2020,NA,1549060663290487,60.14158,-155.9077,94,03854AC,PIGL,18.29,5.3,NA
683089186126144,4403,2023,2020,1549058414290487,1549058404290487,59.432700000000004,-154.3142,94,04403AA,PIGL,17.53,4.7,NA
683089186126144,4403,2023,2020,1549058416290487,1549058405290487,59.432700000000004,-154.3142,94,04403AB,PIGL,19.05,6.3,NA
683089186126144,4403,2023,2020,NA,1549058406290487,59.432700000000004,-154.3142,94,04403AC,PIGL,14.99,9.4,NA
683089315126144,4887,2023,2020,1549064622290487,1549064605290487,59.55363,-154.0344,94,04887AF,PIGL,43.18,6.3,NA
683089315126144,4887,2023,2020,1549064625290487,NA,59.55363,-154.0344,94,04887AG,PIGL,21.08,8.7,NA
683089635126144,4731,2023,2020,NA,1549051365290487,60.79707,-155.7046,95,04731AA,PIMA,10.92,7.1,NA
683089635126144,4731,2023,2020,NA,1549051366290487,60.79707,-155.7046,95,04731AB,PIMA,10.67,6.9,NA
683089635126144,4731,2023,2020,NA,1549051367290487,60.79707,-155.7046,95,04731AC,PIMA,11.18,12.2,NA
683089073126144,4842,2023,2020,NA,1549052644290487,61.257979999999996,-157.6405,95,04842AA,PIMA,10.92,1.8,NA
683089073126144,4842,2023,2020,NA,1549052645290487,61.257979999999996,-157.6405,95,04842AB,PIMA,10.67,1.3,NA
683089073126144,4842,2023,2020,NA,1549052646290487,61.257979999999996,-157.6405,95,04842AC,PIMA,12.19,11.8,NA
683089315126144,4887,2023,2020,1549064614290487,1549064600290487,59.55363,-154.0344,94,04887AA,PIGL,36.83,4.4,NA
683089315126144,4887,2023,2020,NA,1549064601290487,59.55363,-154.0344,94,04887AB,PIGL,32.77,14.7,NA
683089315126144,4887,2023,2020,NA,1549064602290487,59.55363,-154.0344,94,04887AC,PIGL,31.24,8.5,NA
683089315126144,4887,2023,2020,1549064612290487,1549064603290487,59.55363,-154.0344,94,04887AD,PIGL,28.19,13.5,NA
683089315126144,4887,2023,2020,1549064645290487,1549064604290487,59.55363,-154.0344,94,04887AE,PIGL,40.64,5.1,NA
683089565126144,5314,2023,2020,NA,1549046368290487,61.58191,-154.66830000000002,95,05314AA,PIMA,13.72,12.9,NA
683089201126144,5608,2023,2020,NA,1549059114290487,61.19688,-156.0584,94,05608AA,PIGL,17.27,8.3,NA
683089201126144,5608,2023,2020,NA,1549059115290487,61.19688,-156.0584,94,05608AB,PIGL,16.51,11.9,NA
683089201126144,5608,2023,2020,NA,1549059116290487,61.19688,-156.0584,94,05608AC,PIGL,13.97,2.1,NA
683089201126144,5608,2023,2020,1549059129290487,NA,61.19688,-156.0584,94,05608AD,PIGL,25.4,8.5,NA
683089201126144,5608,2023,2020,1549059134290487,1549059117290487,61.19688,-156.0584,94,05608AE,PIGL,17.78,1.7,NA
683089201126144,5608,2023,2020,1549059130290487,1549059118290487,61.19688,-156.0584,94,05608AF,PIGL,12.7,9.9,NA
683089596126144,5829,2023,2020,NA,1549047680290487,61.328689999999995,-157.4913,376,05829AA,BENE,16.76,9.3,NA
683089596126144,5829,2023,2020,1549047690290487,1549047681290487,61.328689999999995,-157.4913,94,05829AB,PIGL,24.38,5.4,NA
683089596126144,5829,2023,2020,1549047701290487,1549047682290487,61.328689999999995,-157.4913,94,05829AC,PIGL,32.51,4.1,NA
683089596126144,5829,2023,2020,1549047714290487,1549047683290487,61.328689999999995,-157.4913,94,05829AD,PIGL,38.61,NA,wound near pith - offset inestimable
683089596126144,5829,2023,2020,1549047703290487,1549047684290487,61.328689999999995,-157.4913,94,05829AE,PIGL,12.95,11.2,NA
683088887126144,5849,2023,2020,1549072841290487,1549072831290487,60.522209999999994,-153.5548,94,05849AA,PIGL,22.35,4.9,NA
683088887126144,5849,2023,2020,1549072842290487,1549072832290487,60.522209999999994,-153.5548,94,05849AB,PIGL,24.13,1.1,NA
683088887126144,5849,2023,2020,NA,1549072827290487,60.522209999999994,-153.5548,94,05849AC,PIGL,9.91,0.8,NA
683088887126144,5849,2023,2020,NA,1549072828290487,60.522209999999994,-153.5548,94,05849AD,PIGL,19.56,3.3,NA
683088887126144,5849,2023,2020,NA,1549072829290487,60.522209999999994,-153.5548,94,05849AE,PIGL,12.45,2.5,NA
683088887126144,5849,2023,2020,NA,1549072830290487,60.522209999999994,-153.5548,94,05849AF,PIGL,10.41,4,NA
683089089126144,5856,2023,2020,1549053275290487,1549053267290487,60.730349999999994,-156.3453,94,05856AA,PIGL,14.99,0.8,NA
683089089126144,5856,2023,2020,1549053282290487,1549053268290487,60.730349999999994,-156.3453,94,05856AB,PIGL,22.1,12.8,NA
683089089126144,5856,2023,2020,NA,1549053264290487,60.730349999999994,-156.3453,94,05856AC,PIGL,22.86,5.4,NA
683089089126144,5856,2023,2020,NA,1549053265290487,60.730349999999994,-156.3453,94,05856AD,PIGL,20.32,2.3,NA
683089089126144,5856,2023,2020,NA,1549053266290487,60.730349999999994,-156.3453,94,05856AE,PIGL,14.99,0.4,NA
683089089126144,5856,2023,2020,1549053273290487,NA,60.730349999999994,-156.3453,94,05856AF,PIGL,25.91,7.7,NA
683089122126144,6549,2023,2020,NA,1549054730290487,61.17726,-157.0704,95,06549AA,PIMA,10.67,10.1,NA
683089122126144,6549,2023,2020,NA,1549054731290487,61.17726,-157.0704,95,06549AB,PIMA,9.4,3.4,NA
683089122126144,6549,2023,2020,NA,1549054732290487,61.17726,-157.0704,95,06549AC,PIMA,9.65,2.8,NA
683089122126144,6549,2023,2020,1549054737290487,NA,61.17726,-157.0704,95,06549AD,PIMA,12.95,15.3,NA
683089260126144,6550,2023,2020,1549061931290487,NA,60.174609999999994,-155.6019,94,06550AA,PIGL,23.37,2.7,NA
683089260126144,6550,2023,2020,1549061934290487,NA,60.174609999999994,-155.6019,94,06550AB,PIGL,18.29,1.5,NA
683089078126144,7053,2023,2020,NA,1549053118290487,60.967079999999996,-156.80800000000002,376,07053AA,BENE,8.89,0.5,NA
683089078126144,7053,2023,2020,NA,1549053119290487,60.967079999999996,-156.80800000000002,376,07053AB,BENE,10.92,8.4,NA
683089078126144,7053,2023,2020,NA,1549053120290487,60.967079999999996,-156.80800000000002,376,07053AC,BENE,7.87,5.7,NA
683089400126144,7073,2023,2020,NA,1549067009290487,60.839009999999995,-154.86610000000002,95,07073AA,PIMA,7.87,7,NA
683089400126144,7073,2023,2020,NA,1549067010290487,60.839009999999995,-154.86610000000002,95,07073AB,PIMA,7.87,2.2,NA
683089400126144,7073,2023,2020,NA,1549067011290487,60.839009999999995,-154.86610000000002,95,07073AC,PIMA,8.89,1.1,NA
683089242126144,9551,2023,2020,NA,1549061387290487,60.49375,-154.3946,94,09551AA,PIGL,19.56,6.7,NA
683089242126144,9551,2023,2020,1549061397290487,1549061388290487,60.49375,-154.3946,94,09551AB,PIGL,21.84,20.1,NA
683089242126144,9551,2023,2020,1549061401290487,1549061389290487,60.49375,-154.3946,94,09551AC,PIGL,15.75,11.6,NA
683089602126144,9909,2023,2020,NA,1549048010290487,59.90137,-154.9844,94,09909AA,PIGL,10.92,7.4,NA
683089602126144,9909,2023,2020,NA,1549048011290487,59.90137,-154.9844,94,09909AB,PIGL,10.92,9.4,NA
683089602126144,9909,2023,2020,1549048025290487,1549048012290487,59.90137,-154.9844,94,09909AC,PIGL,15.75,1.6,NA
683089602126144,9909,2023,2020,NA,1549048013290487,59.90137,-154.9844,94,09909AD,PIGL,11.18,4.3,NA
683089602126144,9909,2023,2020,NA,1549048014290487,59.90137,-154.9844,94,09909AE,PIGL,13.97,1.6,NA
683089458126144,10416,2023,2020,NA,1549069102290487,61.233200000000004,-157.4416,95,10416AA,PIMA,8.64,4.6,NA
683089458126144,10416,2023,2020,NA,1549069103290487,61.233200000000004,-157.4416,95,10416AB,PIMA,9.4,7.7,NA
683089458126144,10416,2023,2020,NA,1549069104290487,61.233200000000004,-157.4416,95,10416AC,PIMA,9.14,1,NA
683089290126144,10594,2023,2020,1549063589290487,NA,60.58461,-154.43130000000002,94,10594AA,PIGL,16.51,7.3,NA
683089290126144,10594,2023,2020,1549063590290487,NA,60.58461,-154.43130000000002,94,10594AB,PIGL,18.03,4,NA
683089290126144,10594,2023,2020,1549063591290487,NA,60.58461,-154.43130000000002,95,10594AC,PIMA,24.13,8.3,NA
683089614126144,11437,2023,2020,1549048324290487,NA,59.74093,-155.0829,94,11437AA,PIGL,18.29,23,NA
683089557126144,11629,2023,2020,1549046089290487,1549046082290487,61.21926,-156.73940000000002,95,11629AA,PIMA,15.75,1.2,NA
683089557126144,11629,2023,2020,1549046102290487,1549046083290487,61.21926,-156.73940000000002,95,11629AB,PIMA,19.05,4,NA
683089557126144,11629,2023,2020,NA,1549046084290487,61.21926,-156.73940000000002,95,11629AC,PIMA,15.75,5.4,NA
683089264126144,15080,2023,2020,NA,1549062200290487,60.053459999999994,-155.38230000000001,94,15080AA,PIGL,15.49,1.1,NA
683089264126144,15080,2023,2020,NA,1549062201290487,60.053459999999994,-155.38230000000001,94,15080AB,PIGL,22.1,8.8,NA
683089264126144,15080,2023,2020,NA,1549062202290487,60.053459999999994,-155.38230000000001,94,15080AC,PIGL,14.48,6.3,NA
683089337126144,15154,2023,2020,1549064979290487,1549064970290487,60.914,-156.4383,94,15154AA,PIGL,36.07,27.8,NA
683089337126144,15154,2023,2020,NA,1549064971290487,60.914,-156.4383,94,15154AB,PIGL,26.16,24.1,NA
683089337126144,15154,2023,2020,NA,1549064972290487,60.914,-156.4383,94,15154AC,PIGL,28.7,8.3,NA
683089490126144,15898,2023,2020,NA,1549070032290487,60.93835,-156.6226,95,15898AA,PIMA,10.41,10.2,NA
683089490126144,15898,2023,2020,NA,1549070033290487,60.93835,-156.6226,95,15898AB,PIMA,8.64,4.4,NA
683089490126144,15898,2023,2020,NA,1549070034290487,60.93835,-156.6226,95,15898AC,PIMA,5.33,5.3,NA
683089299126144,16153,2023,2020,1549063871290487,1549063859290487,60.859700000000004,-157.2776,94,16153AB,PIGL,22.1,15.3,NA
683089299126144,16153,2023,2020,1549063869290487,1549063860290487,60.859700000000004,-157.2776,94,16153AC,PIGL,23.88,NA,"core broken, pith offset inestimable"
683089299126144,16153,2023,2020,NA,1549063861290487,60.859700000000004,-157.2776,94,16153AD,PIGL,21.34,NA,"core broken, pith offset inestimable"
683089299126144,16153,2023,2020,1549063866290487,NA,60.859700000000004,-157.2776,94,16153AE,PIGL,17.53,9.7,NA
683089299126144,16153,2023,2020,1549063867290487,NA,60.859700000000004,-157.2776,94,16153AF,PIGL,33.27,1.8,NA
683089299126144,16153,2023,2020,1549063872290487,NA,60.859700000000004,-157.2776,94,16153AG,PIGL,31.5,NA,intrusion near pith - offset inestimable
683089751126144,16298,2023,2020,NA,1549058732290487,62.264469999999996,-157.46040000000002,95,16298AA,PIMA,6.35,4.5,NA
683089751126144,16298,2023,2020,NA,1549058733290487,62.264469999999996,-157.46040000000002,95,16298AB,PIMA,7.37,0.6,NA
683089751126144,16298,2023,2020,NA,1549058734290487,62.264469999999996,-157.46040000000002,95,16298AC,PIMA,9.91,3.3,NA
683089204126144,16406,2023,2020,NA,1549059373290487,62.199949999999994,-157.5894,376,16406AA,BENE,12.19,5.3,NA
683089544126144,16503,2023,2020,NA,1549045159290487,60.87423,-156.75320000000002,95,16503AB,PIMA,8.13,1.2,NA
683089544126144,16503,2023,2020,NA,1549045160290487,60.87423,-156.75320000000002,95,16503AC,PIMA,9.65,6.1,NA
683089544126144,16503,2023,2020,NA,1549045161290487,60.87423,-156.75320000000002,94,16503AD,PIGL,13.72,8.1,NA
683089544126144,16503,2023,2020,1549045178290487,1549045162290487,60.87423,-156.75320000000002,94,16503AE,PIGL,17.27,3.8,NA
683089544126144,16503,2023,2020,NA,1549045163290487,60.87423,-156.75320000000002,94,16503AF,PIGL,15.75,4.9,"bark missing, end year likely 2021"
683089166126144,17088,2023,2020,NA,1549057791290487,60.15647,-154.4306,95,17088AA,PIMA,9.65,1.7,NA
683089166126144,17088,2023,2020,NA,1549057792290487,60.15647,-154.4306,95,17088AB,PIMA,10.16,3.3,NA
683089166126144,17088,2023,2020,NA,1549057793290487,60.15647,-154.4306,95,17088AC,PIMA,11.18,4.3,NA
683089303126144,17090,2023,2020,1549064129290487,1549064118290487,61.46729,-157.9178,94,17090AA,PIGL,20.83,4,NA
683089303126144,17090,2023,2020,NA,1549064120290487,61.46729,-157.9178,94,17090AB,PIGL,19.3,17.8,NA
683089303126144,17090,2023,2020,NA,1549064119290487,61.46729,-157.9178,94,17090AC,PIGL,18.8,10.7,NA
683089237126144,17231,2023,2020,NA,1549061117290487,61.599700000000006,-155.8874,71,17231AA,LALA,9.91,2.7,NA
683089113126144,18888,2023,2020,1549054497290487,1549054489290487,61.54445,-155.512,94,18888AA,PIGL,17.02,4.2,NA
683089113126144,18888,2023,2020,1549054498290487,1549054490290487,61.54445,-155.512,94,18888AB,PIGL,18.03,11.4,NA
683089113126144,18888,2023,2020,NA,1549054491290487,61.54445,-155.512,94,18888AC,PIGL,18.8,14.7,NA
683089436126144,19010,2023,2020,NA,1549068193290487,60.5835,-158.3274,94,19010AA,PIGL,34.8,21.1,NA
683089436126144,19010,2023,2020,1549068200290487,1549068194290487,60.5835,-158.3274,94,19010AB,PIGL,35.31,4.8,NA
683089436126144,19010,2023,2020,1549068223290487,1549068195290487,60.5835,-158.3274,94,19010AC,PIGL,32.77,33.9,NA
683089539126144,19280,2023,2020,NA,1549044824290487,61.53859,-156.0352,95,19280AA,PIMA,5.33,2.1,NA
683089539126144,19280,2023,2020,NA,1549044825290487,61.53859,-156.0352,95,19280AB,PIMA,5.33,0.5,NA
683089172126144,19341,2023,2020,1549058249290487,NA,61.08551,-154.7972,95,19341AA,PIMA,7.11,NA,core in several pieces - unmeasurable
683089172126144,19341,2023,2020,1549058250290487,1549058238290487,61.08551,-154.7972,95,19341AB,PIMA,10.16,0.6,NA
683089172126144,19341,2023,2020,1549058250290487,1549058239290487,61.08551,-154.7972,95,19341AB,PIMA,10.16,0.6,NA
683089172126144,19341,2023,2020,NA,1549058240290487,61.08551,-154.7972,95,19341AD,PIMA,9.91,6.3,NA
683089172126144,19341,2023,2020,NA,1549058241290487,61.08551,-154.7972,95,19341AD,PIMA,9.91,6.3,NA
683089402126144,19807,2023,2020,NA,1549067197290487,60.924949999999995,-157.12900000000002,95,19807AA,PIMA,11.43,7,NA
683089402126144,19807,2023,2020,NA,1549067198290487,60.924949999999995,-157.12900000000002,95,19807AB,PIMA,10.67,2.3,NA
683089402126144,19807,2023,2020,NA,1549067199290487,60.924949999999995,-157.12900000000002,95,19807AC,PIMA,11.68,8.7,NA
683089597126144,19827,2023,2020,NA,1549047833290487,61.336639999999996,-156.9881,95,19827AA,PIMA,8.38,2.6,NA
683089597126144,19827,2023,2020,NA,1549047834290487,61.336639999999996,-156.9881,95,19827AB,PIMA,8.13,7.1,"core broken at end, end year likely 2019"
683089597126144,19827,2023,2020,NA,1549047835290487,61.336639999999996,-156.9881,95,19827AC,PIMA,12.19,NA,core broken - pith offset inestimable
683089245126144,20100,2023,2020,NA,1549061577290487,60.80457,-154.68370000000002,94,20100AA,PIGL,14.48,9.2,NA
683089245126144,20100,2023,2020,NA,1549061578290487,60.80457,-154.68370000000002,94,20100AB,PIGL,19.05,NA,core broken - pith offset inestimable
683089245126144,20100,2023,2020,NA,1549061579290487,60.80457,-154.68370000000002,94,20100AC,PIGL,18.03,7.1,NA
683089245126144,20100,2023,2020,1549061596290487,1549061580290487,60.80457,-154.68370000000002,94,20100AD,PIGL,13.46,7.4,NA
683089540126144,20249,2023,2020,1549044946290487,1549044936290487,61.42216,-153.7271,94,20249AA,PIGL,15.24,0.7,NA
683089540126144,20249,2023,2020,1549044957290487,1549044937290487,61.42216,-153.7271,94,20249AB,PIGL,18.54,1.4,NA
683089540126144,20249,2023,2020,NA,1549044935290487,61.42216,-153.7271,94,20249AC,PIGL,19.81,3.3,NA
683089136126144,20552,2023,2020,NA,1549056100290487,61.205169999999995,-157.2581,95,20552AB,PIMA,8.38,6.3,NA
683089136126144,20552,2023,2020,NA,1549056099290487,61.205169999999995,-157.2581,71,20552AC,LALA,8.64,2.3,NA
683089136126144,20552,2023,2020,1549056127290487,1549056101290487,61.205169999999995,-157.2581,95,20552AD,PIMA,21.08,23,NA
683089136126144,20552,2023,2020,1549056125290487,1549056102290487,61.205169999999995,-157.2581,95,20552AE,PIMA,17.53,15.1,NA
683089430126144,20663,2023,2020,NA,1549067679290487,61.12049,-154.4742,95,20663AA,PIMA,9.4,0.7,NA
683089430126144,20663,2023,2020,NA,1549067680290487,61.12049,-154.4742,95,20663AB,PIMA,7.62,1.3,NA
683089430126144,20663,2023,2020,NA,1549067681290487,61.12049,-154.4742,95,20663AC,PIMA,6.35,0.6,NA
683089514126144,21183,2023,2020,NA,1549070660290487,60.108700000000006,-155.73090000000002,94,21183AA,PIGL,7.87,1.8,NA
683089514126144,21183,2023,2020,NA,1549070662290487,60.108700000000006,-155.73090000000002,94,21183AB,PIGL,9.4,0.5,NA
683089514126144,21183,2023,2020,NA,1549070661290487,60.108700000000006,-155.73090000000002,94,21183AC,PIGL,8.13,1.7,NA
683089509126144,21621,2023,2020,1549070536290487,1549070509290487,60.015119999999996,-155.7039,94,21621AA,PIGL,21.59,6.3,NA
683089509126144,21621,2023,2020,1549070523290487,1549070510290487,60.015119999999996,-155.7039,94,21621AB,PIGL,32,7.2,NA
683089509126144,21621,2023,2020,NA,1549070511290487,60.015119999999996,-155.7039,94,21621AD,PIGL,30.48,7.3,NA
683089509126144,21621,2023,2020,NA,1549070512290487,60.015119999999996,-155.7039,94,21621AE,PIGL,10.67,2.3,NA
683089509126144,21621,2023,2020,NA,1549070513290487,60.015119999999996,-155.7039,94,21621AF,PIGL,16.76,7.9,NA
683089509126144,21621,2023,2020,NA,1549070514290487,60.015119999999996,-155.7039,94,21621AG,PIGL,12.7,18.8,NA
683089165126144,21924,2023,2020,1549057691290487,1549057680290487,60.644569999999995,-154.798,94,21924AA,PIGL,12.95,2.7,NA
683089165126144,21924,2023,2020,1549057686290487,1549057679290487,60.644569999999995,-154.798,94,21924AB,PIGL,20.57,15.5,NA
683089165126144,21924,2023,2020,NA,1549057681290487,60.644569999999995,-154.798,94,21924AC,PIGL,14.22,12.9,NA
683089342126144,22765,2023,2020,NA,1549065219290487,60.89852,-154.7226,94,22765AA,PIGL,22.1,5.9,NA
683089342126144,22765,2023,2020,NA,1549065220290487,60.89852,-154.7226,94,22765AB,PIGL,17.78,7.6,NA
683089342126144,22765,2023,2020,NA,1549065221290487,60.89852,-154.7226,94,22765AC,PIGL,12.7,0.5,NA
683089215126144,23142,2023,2020,1549059714290487,1549059708290487,61.55405,-154.4784,94,23142AA,PIGL,13.21,2.4,NA
683089215126144,23142,2023,2020,NA,1549059705290487,61.55405,-154.4784,94,23142AB,PIGL,11.68,0.3,NA
683089215126144,23142,2023,2020,NA,1549059706290487,61.55405,-154.4784,94,23142AC,PIGL,11.18,1.1,NA
683089215126144,23142,2023,2020,NA,1549059707290487,61.55405,-154.4784,94,23142AD,PIGL,11.18,5.9,NA
683089489126144,23935,2023,2020,NA,1549069880290487,61.12479,-156.71110000000002,94,23935AA,PIGL,12.95,2.3,NA
683089489126144,23935,2023,2020,NA,1549069881290487,61.12479,-156.71110000000002,94,23935AB,PIGL,12.45,2.7,NA
683089489126144,23935,2023,2020,NA,1549069882290487,61.12479,-156.71110000000002,94,23935AC,PIGL,10.16,2.7,NA
683089489126144,23935,2023,2020,NA,1549069883290487,61.12479,-156.71110000000002,94,23935AD,PIGL,9.91,2.7,NA
683089489126144,23935,2023,2020,1549069888290487,NA,61.12479,-156.71110000000002,94,23935AE,PIGL,16.51,7.8,NA
683089193126144,24133,2023,2020,NA,1549058563290487,60.95424,-155.5941,95,24133AA,PIMA,7.37,6.3,NA
683089193126144,24133,2023,2020,NA,1549058564290487,60.95424,-155.5941,95,24133AB,PIMA,6.86,3.9,NA
683089193126144,24133,2023,2020,NA,1549058565290487,60.95424,-155.5941,95,24133AC,PIMA,7.37,5.8,NA
683089235126144,24961,2023,2020,NA,1549060979290487,61.57073,-155.7071,95,24961AA,PIMA,16.76,6.1,NA
683089235126144,24961,2023,2020,NA,1549060978290487,61.57073,-155.7071,95,24961AB,PIMA,15.75,17.5,NA
683089235126144,24961,2023,2020,NA,1549060980290487,61.57073,-155.7071,95,24961AC,PIMA,12.19,2.2,NA
683089338126144,25101,2023,2020,NA,1549065073290487,60.793079999999996,-156.2083,95,25101AA,PIMA,8.38,1.3,NA
683089338126144,25101,2023,2020,NA,1549065074290487,60.793079999999996,-156.2083,95,25101AB,PIMA,7.62,14.4,NA
683089338126144,25101,2023,2020,NA,1549065075290487,60.793079999999996,-156.2083,95,25101AC,PIMA,8.89,1.5,NA
683089156126144,25556,2023,2020,1549057142290487,1549057134290487,60.77426,-155.01680000000002,95,25556AA,PIMA,13.21,3.9,NA
683089156126144,25556,2023,2020,NA,1549057135290487,60.77426,-155.01680000000002,95,25556AB,PIMA,10.16,13.7,NA
683089156126144,25556,2023,2020,NA,1549057136290487,60.77426,-155.01680000000002,95,25556AC,PIMA,8.64,0.6,NA
683089156126144,25556,2023,2020,NA,1549057137290487,60.77426,-155.01680000000002,95,25556AD,PIMA,11.94,2.6,NA
683089094126144,25763,2023,2020,NA,1549053647290487,61.38811,-155.622,95,25763AA,PIMA,8.89,1.3,NA
683089094126144,25763,2023,2020,NA,1549053648290487,61.38811,-155.622,95,25763AB,PIMA,9.14,2.8,NA
683089094126144,25763,2023,2020,NA,1549053649290487,61.38811,-155.622,95,25763AC,PIMA,8.64,1.8,NA
683089233126144,26182,2023,2020,NA,1549060809290487,60.37394,-154.1809,95,26182AA,PIMA,16.76,1.2,NA
683089233126144,26182,2023,2020,NA,1549060810290487,60.37394,-154.1809,95,26182AB,PIMA,17.78,2.6,NA
683089233126144,26182,2023,2020,NA,1549060811290487,60.37394,-154.1809,376,26182AC,BENE,15.24,13.8,NA
683089233126144,26182,2023,2020,NA,1549060812290487,60.37394,-154.1809,95,26182AD,PIMA,15.24,2.3,NA
683089233126144,26182,2023,2020,1549060822290487,1549060813290487,60.37394,-154.1809,94,26182AE,PIGL,19.56,1.4,NA
683089233126144,26182,2023,2020,1549060823290487,1549060814290487,60.37394,-154.1809,95,26182AF,PIMA,15.24,17.3,NA
683088885126144,26384,2023,2020,NA,1549072705290487,60.17738,-154.10500000000002,95,26384AA,PIMA,8.89,1.5,NA
683088885126144,26384,2023,2020,NA,1549072706290487,60.17738,-154.10500000000002,95,26384AB,PIMA,10.41,8.1,NA
683088885126144,26384,2023,2020,NA,1549072707290487,60.17738,-154.10500000000002,95,26384AD,PIMA,9.91,2.3,NA
683089285126144,26513,2023,2020,NA,1549063437290487,61.14532,-154.6473,95,26513AA,PIMA,10.16,4.1,NA
683089285126144,26513,2023,2020,NA,1549063438290487,61.14532,-154.6473,95,26513AB,PIMA,8.38,1.6,NA
683089285126144,26513,2023,2020,NA,1549063439290487,61.14532,-154.6473,95,26513AC,PIMA,6.35,0.6,NA
683089285126144,26513,2023,2020,NA,1549063440290487,61.14532,-154.6473,95,26513AD,PIMA,9.4,0.7,NA
683089336126144,26578,2023,2020,1549064812290487,1549064805290487,60.96169,-154.58020000000002,94,26578AA,PIGL,41.15,6.1,NA
683089336126144,26578,2023,2020,1549064827290487,1549064806290487,60.96169,-154.58020000000002,94,26578AB,PIGL,33.27,11.5,NA
683089336126144,26578,2023,2020,1549064817290487,NA,60.96169,-154.58020000000002,94,26578AD,PIGL,21.08,0.8,NA
683089126126144,27672,2023,2020,NA,1549055025290487,60.92115,-157.6454,95,27672AA,PIMA,11.43,4.3,NA
683089126126144,27672,2023,2020,NA,1549055026290487,60.92115,-157.6454,95,27672AB,PIMA,9.91,0.4,NA
683089126126144,27672,2023,2020,NA,1549055027290487,60.92115,-157.6454,95,27672AC,PIMA,11.18,11.4,NA
683089273126144,28359,2023,2020,NA,1549062962290487,60.61781,-155.1159,95,28359AB,PIMA,10.16,0.8,NA
683089273126144,28359,2023,2020,NA,1549062963290487,60.61781,-155.1159,95,28359AC,PIMA,8.89,1.8,NA
683089273126144,28359,2023,2020,1549062968290487,NA,60.61781,-155.1159,95,28359AD,PIMA,18.03,11,NA
683089273126144,28359,2023,2020,1549062969290487,NA,60.61781,-155.1159,95,28359AE,PIMA,12.95,22.3,NA
683089571126144,29281,2023,2020,NA,1549074997290487,62.13626,-157.7236,94,29281AA,PIGL,13.97,0.9,NA
683089571126144,29281,2023,2020,NA,1549074998290487,62.13626,-157.7236,94,29281AB,PIGL,13.72,3.4,NA
683089571126144,29281,2023,2020,NA,1549074999290487,62.13626,-157.7236,94,29281AC,PIGL,13.46,7.8,NA
683089571126144,29281,2023,2020,1549075010290487,NA,62.13626,-157.7236,94,29281AD,PIGL,16.76,12.4,broken segments/missing rings by bark - end year x-dates to 1984
683089569126144,29569,2023,2020,NA,1549046497290487,60.939879999999995,-154.9237,95,29569AA,PIMA,8.89,5.7,NA
683089569126144,29569,2023,2020,NA,1549046499290487,60.939879999999995,-154.9237,95,29569AC,PIMA,8.89,2.7,NA
683089531126144,30022,2023,2020,NA,1549071324290487,60.899919999999995,-155.2268,95,30022AA,PIMA,7.62,3.5,NA
683089531126144,30022,2023,2020,NA,1549071325290487,60.899919999999995,-155.2268,95,30022AB,PIMA,9.14,1.5,NA
683089531126144,30022,2023,2020,NA,1549071326290487,60.899919999999995,-155.2268,95,30022AC,PIMA,9.4,2.7,NA
683089065126144,30891,2023,2020,NA,1549052467290487,60.824149999999996,-155.87130000000002,95,30891AA,PIMA,11.18,0.9,NA
683089065126144,30891,2023,2020,NA,1549052468290487,60.824149999999996,-155.87130000000002,95,30891AB,PIMA,9.91,1.5,NA
683089477126144,31252,2023,2020,NA,1549069391290487,61.516529999999996,-154.80180000000001,376,31252AA,BENE,15.49,2.8,NA
683089477126144,31252,2023,2020,1549069408290487,1549069392290487,61.516529999999996,-154.80180000000001,94,31252AB,PIGL,24.64,0.9,NA
683089477126144,31252,2023,2020,NA,1549069393290487,61.516529999999996,-154.80180000000001,94,31252AC,PIGL,21.84,1.9,NA
683089380126144,31253,2023,2020,1549066739290487,1549066727290487,60.58325,-155.44920000000002,94,31253AA,PIGL,18.54,2,NA
683089380126144,31253,2023,2020,NA,1549066726290487,60.58325,-155.44920000000002,94,31253AB,PIGL,19.3,8.7,NA
683089380126144,31253,2023,2020,NA,1549066725290487,60.58325,-155.44920000000002,94,31253AC,PIGL,21.59,10.5,NA
683088700126144,31827,2023,2020,NA,1549071994290487,59.810309999999994,-154.9481,94,31827AA,PIGL,18.54,10.9,NA
683088700126144,31827,2023,2020,NA,1549071995290487,59.810309999999994,-154.9481,94,31827AB,PIGL,17.27,9.4,NA
683088700126144,31827,2023,2020,NA,1549071996290487,59.810309999999994,-154.9481,94,31827AC,PIGL,20.07,5.8,NA
683089167126144,32360,2023,2020,NA,1549057927290487,60.023939999999996,-154.2194,95,32360AA,PIMA,13.21,3.6,NA
683089167126144,32360,2023,2020,NA,1549057928290487,60.023939999999996,-154.2194,95,32360AC,PIMA,9.65,0.9,NA
683089041126144,32437,2023,2020,NA,1549050091290487,61.52008,-158.294,94,32437AA,PIGL,22.35,23.5,NA
683089041126144,32437,2023,2020,NA,1549050092290487,61.52008,-158.294,94,32437AB,PIGL,17.02,25.7,NA
683089041126144,32437,2023,2020,NA,1549050093290487,61.52008,-158.294,94,32437AC,PIGL,22.35,21.5,NA
683089041126144,32437,2023,2020,NA,1549050094290487,61.52008,-158.294,376,32437AD,BENE,23.37,6.4,NA
683089468126144,32699,2023,2020,NA,1549069245290487,60.67812,-154.98590000000002,95,32699AA,PIMA,8.89,0.6,NA
683089468126144,32699,2023,2020,NA,1549069246290487,60.67812,-154.98590000000002,95,32699AB,PIMA,7.11,2.2,NA
683089468126144,32699,2023,2020,NA,1549069247290487,60.67812,-154.98590000000002,95,32699AC,PIMA,11.18,1.2,NA
683089440126144,33050,2023,2020,NA,1549068532290487,61.085100000000004,-157.0406,95,33050AA,PIMA,11.68,2.1,NA
683089440126144,33050,2023,2020,NA,1549068529290487,61.085100000000004,-157.0406,95,33050AB,PIMA,7.62,0.9,NA
683089440126144,33050,2023,2020,NA,1549068530290487,61.085100000000004,-157.0406,95,33050AC,PIMA,5.84,2.4,NA
683089440126144,33050,2023,2020,NA,1549068531290487,61.085100000000004,-157.0406,95,33050AD,PIMA,9.65,0.9,NA
683089007126144,33129,2023,2020,NA,1549047510290487,61.398019999999995,-154.585,94,33129AA,PIGL,19.3,13.1,NA
683089007126144,33129,2023,2020,NA,1549047509290487,61.398019999999995,-154.585,95,33129AB,PIMA,10.67,3.2,NA
683089007126144,33129,2023,2020,NA,1549047513290487,61.398019999999995,-154.585,95,33129AC,PIMA,8.89,0.7,NA
683089007126144,33129,2023,2020,NA,1549047514290487,61.398019999999995,-154.585,95,33129AD,PIMA,11.68,8.2,NA
683089007126144,33129,2023,2020,NA,1549047511290487,61.398019999999995,-154.585,94,33129AE,PIGL,14.22,2.4,NA
683089007126144,33129,2023,2020,NA,1549047512290487,61.398019999999995,-154.585,94,33129AF,PIGL,21.59,2.2,NA
683089203126144,33533,2023,2020,1549059228290487,1549059220290487,60.491339999999994,-157.09730000000002,94,33533AA,PIGL,36.32,1.1,NA
683089203126144,33533,2023,2020,1549059237290487,NA,60.491339999999994,-157.09730000000002,94,33533AB,PIGL,46.23,NA,pith not reached - offset inestimable
683089203126144,33533,2023,2020,NA,1549059219290487,60.491339999999994,-157.09730000000002,94,33533AC,PIGL,25.91,3.5,NA
683089203126144,33533,2023,2020,1549059240290487,1549059221290487,60.491339999999994,-157.09730000000002,94,33533AD,PIGL,13.72,1.7,NA
683089203126144,33533,2023,2020,1549059242290487,1549059222290487,60.491339999999994,-157.09730000000002,94,33533AE,PIGL,19.3,17.1,NA
683089203126144,33533,2023,2020,NA,1549059223290487,60.491339999999994,-157.09730000000002,94,33533AF,PIGL,18.03,4.1,NA
683089123126144,33548,2023,2020,1549054907290487,1549054890290487,61.05405,-155.13330000000002,94,33548AA,PIGL,35.81,12.6,NA
683089123126144,33548,2023,2020,NA,1549054888290487,61.05405,-155.13330000000002,94,33548AB,PIGL,34.29,NA,core broken - offset inestimable
683089123126144,33548,2023,2020,NA,1549054889290487,61.05405,-155.13330000000002,94,33548AC,PIGL,24.89,12.8,NA
683089093126144,34035,2023,2020,NA,1549053501290487,61.03402,-157.8753,94,34035AA,PIGL,40.39,34.2,NA
683089093126144,34035,2023,2020,NA,1549053502290487,61.03402,-157.8753,94,34035AB,PIGL,40.13,14,NA
683089093126144,34035,2023,2020,NA,1549053503290487,61.03402,-157.8753,94,34035AC,PIGL,49.78,18.6,NA
683089093126144,34035,2023,2020,NA,1549053504290487,61.03402,-157.8753,95,34035AD,PIMA,11.68,7.7,NA
683089093126144,34035,2023,2020,NA,1549053505290487,61.03402,-157.8753,95,34035AE,PIMA,9.65,0.4,NA
683089093126144,34035,2023,2020,NA,1549053506290487,61.03402,-157.8753,95,34035AF,PIMA,14.22,9.3,NA
683089093126144,34035,2023,2020,NA,1549053507290487,61.03402,-157.8753,95,34035AG,PIMA,11.18,5.9,NA
683089093126144,34035,2023,2020,1549053516290487,1549053508290487,61.03402,-157.8753,94,34035AH,PIGL,34.04,11.9,NA
683089093126144,34035,2023,2020,1549053522290487,1549053509290487,61.03402,-157.8753,94,34035AK,PIGL,28.45,19.6,NA
683089093126144,34035,2023,2020,1549053517290487,1549053510290487,61.03402,-157.8753,94,34035AL,PIGL,26.42,4.6,NA
683089613126144,34706,2023,2020,NA,1549048152290487,60.9861,-155.281,94,34706AA,PIGL,10.16,3.2,NA
683089613126144,34706,2023,2020,NA,1549048153290487,60.9861,-155.281,94,34706AB,PIGL,12.45,1.9,NA
683089613126144,34706,2023,2020,1549048173290487,NA,60.9861,-155.281,94,34706AC,PIGL,20.07,5.5,NA
683089140126144,35656,2023,2020,1549056305290487,1549056298290487,61.49344,-158.11780000000002,94,35656AA,PIGL,14.22,13.5,NA
683089140126144,35656,2023,2020,NA,1549056299290487,61.49344,-158.11780000000002,94,35656AB,PIGL,30.99,16.1,NA
683089140126144,35656,2023,2020,NA,1549056300290487,61.49344,-158.11780000000002,94,35656AC,PIGL,18.8,2.2,NA
683089622126144,36151,2023,2020,NA,1549048633290487,61.42722,-154.7841,94,36151AA,PIGL,20.83,3.5,NA
683089622126144,36151,2023,2020,1549048644290487,1549048634290487,61.42722,-154.7841,94,36151AB,PIGL,17.27,1.9,NA
683089622126144,36151,2023,2020,1549048647290487,1549048635290487,61.42722,-154.7841,94,36151AC,PIGL,18.54,4.7,NA
683089622126144,36151,2023,2020,1549048652290487,1549048636290487,61.42722,-154.7841,94,36151AD,PIGL,28.19,28.8,NA
683089641126144,36186,2023,2020,NA,1549051684290487,60.4879,-155.3983,94,36186AA,PIGL,7.37,3.4,NA
683089059126144,36435,2023,2020,1549051141290487,NA,60.638619999999996,-156.3056,94,36435AA,PIGL,13.46,11.6,NA
683089059126144,36435,2023,2020,1549051142290487,NA,60.638619999999996,-156.3056,94,36435AB,PIGL,21.59,12,NA
683088869126144,36450,2023,2020,NA,1549072212290487,61.21304,-153.47580000000002,94,36450AA,PIGL,12.45,NA,core broken - offset inestimable
683088869126144,36450,2023,2020,NA,1549072213290487,61.21304,-153.47580000000002,94,36450AB,PIGL,12.45,0.4,NA
683088869126144,36450,2023,2020,NA,1549072214290487,61.21304,-153.47580000000002,94,36450AC,PIGL,10.41,2.1,NA
683089238126144,36930,2023,2020,1549061244290487,1549061235290487,61.054629999999996,-156.8411,94,36930AA,PIGL,20.32,1.1,NA
683089238126144,36930,2023,2020,1549061249290487,1549061236290487,61.054629999999996,-156.8411,94,36930AB,PIGL,16.51,7.6,NA
683089238126144,36930,2023,2020,NA,1549061237290487,61.054629999999996,-156.8411,94,36930AC,PIGL,17.27,2.3,NA
683089640126144,37306,2023,2020,NA,1549051527290487,61.122249999999994,-153.95610000000002,95,37306AA,PIMA,9.14,2.4,NA
683089640126144,37306,2023,2020,NA,1549051528290487,61.122249999999994,-153.95610000000002,95,37306AB,PIMA,8.13,5.5,NA
683089640126144,37306,2023,2020,NA,1549051529290487,61.122249999999994,-153.95610000000002,95,37306AC,PIMA,8.64,0.9,NA
683089075126144,37800,2023,2020,NA,1549052974290487,62.1477,-157.20950000000002,95,37800AA,PIMA,6.1,5.7,NA
683089075126144,37800,2023,2020,NA,1549052975290487,62.1477,-157.20950000000002,95,37800AB,PIMA,6.6,0.5,NA
683089075126144,37800,2023,2020,NA,1549052976290487,62.1477,-157.20950000000002,95,37800AC,PIMA,5.08,0.4,NA
683089295126144,38334,2023,2020,NA,1549063758290487,61.22931,-156.2328,95,38334AB,PIMA,6.6,1.6,NA
683089553126144,38461,2023,2020,1549045917290487,1549045912290487,60.73798,-154.8314,94,38461AA,PIGL,24.89,13.1,NA
683089553126144,38461,2023,2020,1549045919290487,1549045910290487,60.73798,-154.8314,94,38461AB,PIGL,16.26,1.7,NA
683089553126144,38461,2023,2020,1549045920290487,1549045911290487,60.73798,-154.8314,94,38461AC,PIGL,21.84,8.7,NA
683089553126144,38461,2023,2020,NA,1549045907290487,60.73798,-154.8314,94,38461AE,PIGL,21.59,17.5,NA
683089553126144,38461,2023,2020,NA,1549045908290487,60.73798,-154.8314,94,38461AF,PIGL,17.27,1.2,NA
683089553126144,38461,2023,2020,NA,1549045909290487,60.73798,-154.8314,94,38461AG,PIGL,21.08,4.1,NA
683089408126144,38973,2023,2020,NA,1549067395290487,59.97824,-156.0119,94,38973AB,PIGL,15.49,4,NA
683089408126144,38973,2023,2020,NA,1549067396290487,59.97824,-156.0119,94,38973AC,PIGL,17.78,14.2,NA
683089408126144,38973,2023,2020,1549067405290487,1549067397290487,59.97824,-156.0119,94,38973AD,PIGL,16.76,14.3,NA
683089408126144,38973,2023,2020,1549067432290487,1549067398290487,59.97824,-156.0119,94,38973AE,PIGL,22.35,4.3,NA
683089408126144,38973,2023,2020,NA,1549067399290487,59.97824,-156.0119,94,38973AF,PIGL,18.03,3,NA
683089061126144,39063,2023,2020,NA,1549052130290487,61.093619999999994,-157.7367,95,39063AA,PIMA,4.83,0.4,NA
683089061126144,39063,2023,2020,NA,1549052131290487,61.093619999999994,-157.7367,95,39063AB,PIMA,3.81,0.8,NA
683089061126144,39063,2023,2020,NA,1549052132290487,61.093619999999994,-157.7367,95,39063AC,PIMA,7.62,3.9,NA
683089061126144,39063,2023,2020,1549052145290487,NA,61.093619999999994,-157.7367,95,39063AD,PIMA,15.49,9.1,NA
683089116126144,39628,2023,2020,NA,1549054581290487,61.24724,-155.185,95,39628AA,PIMA,7.62,0.5,NA
683089116126144,39628,2023,2020,NA,1549054582290487,61.24724,-155.185,95,39628AB,PIMA,7.37,7.6,NA
683089116126144,39628,2023,2020,NA,1549054583290487,61.24724,-155.185,95,39628AC,PIMA,7.62,4.3,NA
683089280126144,39754,2023,2020,NA,1549063129290487,61.23679,-154.6999,95,39754AA,PIMA,9.4,8.3,NA
683089280126144,39754,2023,2020,NA,1549063130290487,61.23679,-154.6999,95,39754AB,PIMA,7.37,1.9,NA
683089280126144,39754,2023,2020,NA,1549063131290487,61.23679,-154.6999,95,39754AC,PIMA,8.13,7.1,NA
683089017126144,40681,2023,2020,NA,1549049027290487,61.008900000000004,-157.6799,95,40681AA,PIMA,10.92,5.5,NA
683089017126144,40681,2023,2020,NA,1549049028290487,61.008900000000004,-157.6799,95,40681AB,PIMA,10.92,2.8,NA
683089017126144,40681,2023,2020,NA,1549049029290487,61.008900000000004,-157.6799,95,40681AC,PIMA,10.16,7.2,NA
683089356126144,41341,2023,2020,NA,1549065773290487,61.391119999999994,-157.3571,94,41341AA,PIGL,22.86,7.7,NA
683089356126144,41341,2023,2020,NA,1549065774290487,61.391119999999994,-157.3571,94,41341AB,PIGL,20.07,5,NA
683089356126144,41341,2023,2020,NA,1549065775290487,61.391119999999994,-157.3571,94,41341AC,PIGL,19.81,6.3,NA
683089356126144,41341,2023,2020,1549065786290487,1549065776290487,61.391119999999994,-157.3571,95,41341AD,PIMA,17.02,5.1,NA
683089356126144,41341,2023,2020,1549065791290487,1549065777290487,61.391119999999994,-157.3571,94,41341AE,PIGL,14.99,0.8,NA
683089356126144,41341,2023,2020,1549065816290487,1549065778290487,61.391119999999994,-157.3571,95,41341AF,PIMA,18.8,1.4,NA
683089356126144,41341,2023,2020,1549065836290487,1549065779290487,61.391119999999994,-157.3571,94,41341AG,PIGL,20.83,4.6,NA
683089196126144,41939,2023,2020,1549058880290487,1549058871290487,60.62195,-158.0019,94,41939AA,PIGL,23.11,1.3,NA
683089196126144,41939,2023,2020,NA,1549058868290487,60.62195,-158.0019,94,41939AB,PIGL,26.92,4.1,NA
683089196126144,41939,2023,2020,1549058902290487,1549058869290487,60.62195,-158.0019,94,41939AC,PIGL,37.34,0.7,NA
683089196126144,41939,2023,2020,NA,1549058870290487,60.62195,-158.0019,94,41939AD,PIGL,26.16,16.6,NA
683089196126144,41939,2023,2020,1549058895290487,NA,60.62195,-158.0019,94,41939AE,PIGL,15.49,5.7,NA
683089074126144,42353,2023,2020,NA,1549052824290487,61.51894,-155.3214,95,42353AA,PIMA,8.64,1.3,NA
683089074126144,42353,2023,2020,NA,1549052825290487,61.51894,-155.3214,95,42353AB,PIMA,7.87,0.5,NA
683089074126144,42353,2023,2020,NA,1549052826290487,61.51894,-155.3214,95,42353AC,PIMA,8.89,0.7,NA
683089431126144,43457,2023,2020,NA,1549067779290487,59.39848,-155.1156,94,43457AA,PIGL,30.48,59.6,NA
683089435126144,43527,2023,2020,NA,1549068027290487,60.42756,-157.2295,94,43527AA,PIGL,17.53,1.8,NA
683089435126144,43527,2023,2020,NA,1549068028290487,60.42756,-157.2295,94,43527AB,PIGL,15.49,8.7,NA
683089435126144,43527,2023,2020,NA,1549068029290487,60.42756,-157.2295,94,43527AC,PIGL,18.03,1.5,NA
683089281126144,43673,2023,2020,NA,1549063264290487,61.193439999999995,-156.5611,95,43673AB,PIMA,11.68,1.6,unmeasureable near bark - inner rings measured with end year x-dated to 2011
683089478126144,44174,2023,2020,NA,1549069556290487,61.117900000000006,-154.984,95,44174AA,PIMA,11.43,2.7,NA
683089491126144,45234,2023,2020,1549070174290487,1549070163290487,61.302589999999995,-155.0601,95,45234AB,PIMA,13.72,6.4,NA
683089491126144,45234,2023,2020,NA,1549070164290487,61.302589999999995,-155.0601,95,45234AC,PIMA,9.91,1.5,NA
683089491126144,45234,2023,2020,NA,1549070165290487,61.302589999999995,-155.0601,95,45234AD,PIMA,8.38,0.8,NA
683089612126144,46258,2023,2020,NA,1549075250290487,60.79284,-157.39940000000001,95,46258AA,PIMA,9.14,6.3,NA
683089612126144,46258,2023,2020,NA,1549075251290487,60.79284,-157.39940000000001,95,46258AB,PIMA,10.41,0.6,NA
683089612126144,46258,2023,2020,NA,1549075252290487,60.79284,-157.39940000000001,95,46258AC,PIMA,9.65,0.8,NA
683089612126144,46258,2023,2020,1549075257290487,NA,60.79284,-157.39940000000001,95,46258AD,PIMA,12.95,1.5,NA
683089487126144,46533,2023,2020,1549069721290487,NA,62.278169999999996,-156.9271,94,46533AA,PIGL,15.49,1.1,NA
683089487126144,46533,2023,2020,1549069739290487,1549069706290487,62.278169999999996,-156.9271,94,46533AB,PIGL,34.8,NA,core broken - pith offset inestimable
683089487126144,46533,2023,2020,1549069739290487,1549069707290487,62.278169999999996,-156.9271,94,46533AB,PIGL,34.8,NA,core broken - pith offset inestimable
683089487126144,46533,2023,2020,1549069719290487,NA,62.278169999999996,-156.9271,94,46533AC,PIGL,21.34,0.9,NA
683089487126144,46533,2023,2020,1549069723290487,1549069708290487,62.278169999999996,-156.9271,94,46533AD,PIGL,27.94,0.8,NA
683089487126144,46533,2023,2020,1549069723290487,1549069709290487,62.278169999999996,-156.9271,94,46533AD,PIGL,27.94,0.8,NA
683089487126144,46533,2023,2020,1549069722290487,1549069711290487,62.278169999999996,-156.9271,94,46533AE,PIGL,24.64,10.6,NA
683089487126144,46533,2023,2020,1549069722290487,1549069710290487,62.278169999999996,-156.9271,94,46533AE,PIGL,24.64,10.6,NA
683089651126144,46739,2023,2020,NA,1549051830290487,61.07454,-156.3476,94,46739AA,PIGL,21.59,1.7,"bark missing, end year likely 2019"
683089651126144,46739,2023,2020,NA,1549051831290487,61.07454,-156.3476,94,46739AB,PIGL,18.54,5.8,NA
683089651126144,46739,2023,2020,NA,1549051832290487,61.07454,-156.3476,94,46739AC,PIGL,17.27,6.8,NA
683089029126144,46743,2023,2020,NA,1549049662290487,61.421989999999994,-155.79430000000002,95,46743AA,PIMA,5.59,1.1,NA
683089029126144,46743,2023,2020,NA,1549049663290487,61.421989999999994,-155.79430000000002,95,46743AB,PIMA,9.65,11.5,NA
683089029126144,46743,2023,2020,NA,1549049664290487,61.421989999999994,-155.79430000000002,95,46743AC,PIMA,6.86,4.9,NA
683089376126144,47285,2023,2020,1549066340290487,1549066334290487,60.052400000000006,-154.8759,94,47285AA,PIGL,27.43,1.3,NA
683089376126144,47285,2023,2020,1549066352290487,1549066335290487,60.052400000000006,-154.8759,94,47285AB,PIGL,40.13,13.1,NA
683089376126144,47285,2023,2020,NA,1549066333290487,60.052400000000006,-154.8759,94,47285AC,PIGL,25.15,8.5,NA
683089001126144,47481,2023,2020,NA,1549047341290487,60.11613,-155.23930000000001,95,47481AA,PIMA,7.62,0.7,NA
683089001126144,47481,2023,2020,NA,1549047342290487,60.11613,-155.23930000000001,95,47481AB,PIMA,7.62,5.3,NA
683089001126144,47481,2023,2020,NA,1549047343290487,60.11613,-155.23930000000001,95,47481AC,PIMA,11.43,4.6,NA
683089344126144,47725,2023,2020,NA,1549065480290487,60.97741,-155.7817,94,47725AA,PIGL,18.29,0.9,NA
683089344126144,47725,2023,2020,NA,1549065481290487,60.97741,-155.7817,94,47725AB,PIGL,20.32,NA,core broken - pith offset inestimable
683089344126144,47725,2023,2020,NA,1549065482290487,60.97741,-155.7817,94,47725AC,PIGL,18.8,11.3,NA
683089535126144,49322,2023,2020,NA,1549071609290487,60.78601,-156.7176,95,49322AA,PIMA,9.91,9.7,NA
683089535126144,49322,2023,2020,NA,1549071610290487,60.78601,-156.7176,95,49322AB,PIMA,9.4,0.9,NA
683089535126144,49322,2023,2020,NA,1549071611290487,60.78601,-156.7176,95,49322AC,PIMA,6.86,3.6,NA
683089535126144,49322,2023,2020,NA,1549071612290487,60.78601,-156.7176,94,49322AD,PIGL,10.67,7.2,NA
683089535126144,49322,2023,2020,NA,1549071613290487,60.78601,-156.7176,94,49322AE,PIGL,10.92,4.4,NA
683089535126144,49322,2023,2020,NA,1549071614290487,60.78601,-156.7176,94,49322AF,PIGL,10.16,10.5,NA
683089535126144,49322,2023,2020,1549071623290487,NA,60.78601,-156.7176,94,49322AG,PIGL,14.22,9.6,NA
683089535126144,49322,2023,2020,1549071630290487,NA,60.78601,-156.7176,95,49322AH,PIMA,18.03,6,NA
683089535126144,49322,2023,2020,1549071631290487,NA,60.78601,-156.7176,94,49322AI,PIGL,19.05,4.3,NA
683089530126144,49454,2023,2020,NA,1549071196290487,60.025389999999994,-154.7133,95,49454AA,PIMA,5.33,0.7,NA
683089530126144,49454,2023,2020,NA,1549071195290487,60.025389999999994,-154.7133,95,49454AB,PIMA,12.45,5.2,NA
683089530126144,49454,2023,2020,NA,1549071197290487,60.025389999999994,-154.7133,95,49454AC,PIMA,9.14,1.4,NA
683088699126144,50140,2023,2020,NA,1549071834290487,60.7411,-155.3479,95,50140AA,PIMA,10.16,1.9,NA
683088699126144,50140,2023,2020,NA,1549071835290487,60.7411,-155.3479,95,50140AB,PIMA,8.64,2.8,NA
683088699126144,50140,2023,2020,NA,1549071836290487,60.7411,-155.3479,95,50140AC,PIMA,11.43,1,NA
683089702126144,50209,2023,2020,NA,1549054003290487,62.17167,-157.4147,71,50209AA,LALA,6.86,0.7,NA
683089702126144,50209,2023,2020,NA,1549054004290487,62.17167,-157.4147,71,50209AB,LALA,11.94,0.9,NA
683089702126144,50209,2023,2020,NA,1549054005290487,62.17167,-157.4147,71,50209AC,LALA,9.65,0.8,NA
683089702126144,50209,2023,2020,1549054013290487,NA,62.17167,-157.4147,95,50209AD,PIMA,13.21,12.7,NA
683088871126144,50356,2023,2020,NA,1549072367290487,60.15172,-153.93890000000002,94,50356AA,PIGL,21.08,0.9,NA
683088871126144,50356,2023,2020,NA,1549072368290487,60.15172,-153.93890000000002,94,50356AB,PIGL,25.15,4.5,NA
683089105126144,51102,2023,2020,NA,1549054173290487,60.71783,-156.84900000000002,95,51102AA,PIMA,8.64,6.9,NA
683089105126144,51102,2023,2020,NA,1549054174290487,60.71783,-156.84900000000002,95,51102AB,PIMA,10.16,8.1,NA
683089105126144,51102,2023,2020,NA,1549054175290487,60.71783,-156.84900000000002,95,51102AC,PIMA,8.13,4,NA
683089105126144,51102,2023,2020,1549054197290487,NA,60.71783,-156.84900000000002,95,51102AD,PIMA,14.48,4.7,NA
683089308126144,51261,2023,2020,NA,1549064281290487,61.24474,-156.94,95,51261AA,PIMA,16.51,7.1,NA
683089308126144,51261,2023,2020,NA,1549064282290487,61.24474,-156.94,95,51261AB,PIMA,15.24,19.1,NA
683089308126144,51261,2023,2020,NA,1549064283290487,61.24474,-156.94,95,51261AC,PIMA,16.51,11.7,NA
683088893126144,51713,2023,2020,NA,1549072919290487,60.212759999999996,-153.7858,94,51713AA,PIGL,27.18,4.2,NA
683089532126144,52726,2023,2020,1549071482290487,1549071474290487,59.490869999999994,-154.67260000000002,94,52726AA,PIGL,13.72,4,NA
683089532126144,52726,2023,2020,NA,1549071475290487,59.490869999999994,-154.67260000000002,94,52726AB,PIGL,17.02,26.1,NA
683089532126144,52726,2023,2020,1549071492290487,1549071476290487,59.490869999999994,-154.67260000000002,94,52726AC,PIGL,22.86,3,NA
683089532126144,52726,2023,2020,1549071496290487,NA,59.490869999999994,-154.67260000000002,94,52726AE,PIGL,32,11.3,NA
683089532126144,52726,2023,2020,1549071498290487,1549071477290487,59.490869999999994,-154.67260000000002,94,52726AF,PIGL,17.78,21.2,NA
683089025126144,52979,2023,2020,NA,1549075425290487,61.209619999999994,-155.54680000000002,95,52979AA,PIMA,12.45,11.2,NA
683089025126144,52979,2023,2020,NA,1549075426290487,61.209619999999994,-155.54680000000002,95,52979AB,PIMA,10.16,0.7,NA
683089025126144,52979,2023,2020,NA,1549075427290487,61.209619999999994,-155.54680000000002,95,52979AC,PIMA,8.13,3.4,NA
683089147126144,53044,2023,2020,NA,1549056455290487,61.797709999999995,-157.2182,94,53044AA,PIGL,18.03,3.5,NA
683089147126144,53044,2023,2020,NA,1549056456290487,61.797709999999995,-157.2182,94,53044AB,PIGL,14.99,12,NA
683089147126144,53044,2023,2020,NA,1549056457290487,61.797709999999995,-157.2182,94,53044AC,PIGL,37.85,3.3,NA
683089147126144,53044,2023,2020,NA,1549056458290487,61.797709999999995,-157.2182,94,53044AD,PIGL,35.31,4.5,NA
683089147126144,53044,2023,2020,NA,1549056459290487,61.797709999999995,-157.2182,94,53044AE,PIGL,33.78,9.9,NA
683089147126144,53044,2023,2020,NA,1549056460290487,61.797709999999995,-157.2182,376,53044AF,BENE,18.54,4.3,NA
683089147126144,53044,2023,2020,1549056522290487,1549056461290487,61.797709999999995,-157.2182,94,53044AG,PIGL,46.23,9.6,NA
683089147126144,53044,2023,2020,1549056479290487,1549056462290487,61.797709999999995,-157.2182,95,53044AH,PIMA,15.24,15.6,NA
683089147126144,53044,2023,2020,1549056482290487,1549056463290487,61.797709999999995,-157.2182,95,53044AI,PIMA,17.78,14.7,NA
683089147126144,53044,2023,2020,1549056508290487,1549056464290487,61.797709999999995,-157.2182,94,53044AJ,PIGL,13.21,7.1,NA
683089396126144,53358,2023,2020,NA,1549066889290487,61.301669999999994,-155.5806,95,53358AA,PIMA,9.4,0.6,NA
683089396126144,53358,2023,2020,NA,1549066890290487,61.301669999999994,-155.5806,95,53358AB,PIMA,6.1,1.2,NA
683089396126144,53358,2023,2020,NA,1549066891290487,61.301669999999994,-155.5806,95,53358AC,PIMA,5.59,0.6,NA
683089417126144,53876,2023,2020,NA,1549067537290487,61.1892,-157.7721,94,53876AA,PIGL,27.94,2.2,NA
683089417126144,53876,2023,2020,NA,1549067538290487,61.1892,-157.7721,94,53876AB,PIGL,33.78,11.5,NA
683089417126144,53876,2023,2020,1549067548290487,1549067539290487,61.1892,-157.7721,94,53876AC,PIGL,23.37,0.9,NA
683089721126144,54443,2023,2020,1549056818290487,1549056811290487,61.08208,-155.3101,94,54443AA,PIGL,20.32,8.2,NA
683089721126144,54443,2023,2020,1549056822290487,1549056813290487,61.08208,-155.3101,94,54443AB,PIGL,30.99,11.6,NA
683089721126144,54443,2023,2020,1549056825290487,1549056812290487,61.08208,-155.3101,94,54443AC,PIGL,17.27,2.9,NA
683089456126144,54464,2023,2020,NA,1549068964290487,61.54991,-157.26680000000002,95,54464AA,PIMA,8.38,4,NA
683089456126144,54464,2023,2020,NA,1549068965290487,61.54991,-157.26680000000002,95,54464AB,PIMA,8.38,4,NA
683089456126144,54464,2023,2020,NA,1549068966290487,61.54991,-157.26680000000002,95,54464AC,PIMA,7.62,0.5,NA
683089034126144,54699,2023,2020,NA,1549049783290487,61.07434,-157.5538,94,54699AA,PIGL,31.5,NA,break in core - pith offset inestimable
683089034126144,54699,2023,2020,NA,1549049784290487,61.07434,-157.5538,94,54699AB,PIGL,32.77,4.6,NA
683089034126144,54699,2023,2020,NA,1549049785290487,61.07434,-157.5538,94,54699AC,PIGL,49.53,NA,core broken - pith offset inestimable
683089034126144,54699,2023,2020,NA,1549049786290487,61.07434,-157.5538,94,54699AD,PIGL,20.57,9.7,NA
683089034126144,54699,2023,2020,NA,1549049787290487,61.07434,-157.5538,94,54699AE,PIGL,21.34,9,NA
683089034126144,54699,2023,2020,1549049794290487,1549049788290487,61.07434,-157.5538,94,54699AF,PIGL,17.02,4.3,NA
683089034126144,54699,2023,2020,1549049795290487,NA,61.07434,-157.5538,94,54699AG,PIGL,26.42,NA,"branch intrusion near pith - measurements truncated, pith offset inestimable"
683089309126144,54765,2023,2020,NA,1549064416290487,59.67764,-155.22920000000002,94,54765AA,PIGL,18.54,1.5,NA
683089309126144,54765,2023,2020,NA,1549064418290487,59.67764,-155.22920000000002,94,54765AB,PIGL,13.97,11.6,NA
683089309126144,54765,2023,2020,NA,1549064419290487,59.67764,-155.22920000000002,94,54765AC,PIGL,22.1,12.2,NA
683089309126144,54765,2023,2020,NA,1549064417290487,59.67764,-155.22920000000002,94,54765AE,PIGL,14.48,3,NA
683088881126144,54831,2023,2020,NA,1549072582290487,61.423469999999995,-153.2118,94,54831AA,PIGL,9.4,0.8,NA
683088881126144,54831,2023,2020,NA,1549072583290487,61.423469999999995,-153.2118,94,54831AC,PIGL,11.43,0.8,NA
683088881126144,54831,2023,2020,NA,1549072584290487,61.423469999999995,-153.2118,94,54831AD,PIGL,12.95,4.9,NA
683088881126144,54831,2023,2020,1549072599290487,1549072585290487,61.423469999999995,-153.2118,94,54831AE,PIGL,14.73,4.4,NA
683088873126144,55454,2023,2020,NA,1549072465290487,60.64752,-153.2774,94,55454AA,PIGL,37.34,6.7,NA
683088873126144,55454,2023,2020,NA,1549072466290487,60.64752,-153.2774,376,55454AB,BENE,20.83,10.2,NA
683088873126144,55454,2023,2020,NA,1549072467290487,60.64752,-153.2774,94,55454AC,PIGL,25.65,14.9,NA
683088873126144,55454,2023,2020,1549072477290487,1549072468290487,60.64752,-153.2774,94,55454AD,PIGL,28.45,7.7,NA
683089042126144,55502,2023,2020,NA,1549050255290487,59.868689999999994,-154.8026,94,55502AA,PIGL,9.91,0.9,NA
683089042126144,55502,2023,2020,NA,1549050256290487,59.868689999999994,-154.8026,94,55502AB,PIGL,7.87,16.9,NA
683089042126144,55502,2023,2020,NA,1549050257290487,59.868689999999994,-154.8026,94,55502AC,PIGL,8.89,1.9,NA
683089042126144,55502,2023,2020,1549050266290487,1549050258290487,59.868689999999994,-154.8026,94,55502AD,PIGL,27.18,19,NA
683089042126144,55502,2023,2020,1549050277290487,1549050259290487,59.868689999999994,-154.8026,94,55502AE,PIGL,20.83,0.6,NA
683089042126144,55502,2023,2020,1549050265290487,1549050260290487,59.868689999999994,-154.8026,94,55502AF,PIGL,14.99,24.2,NA
683089433126144,56091,2023,2020,NA,1549067895290487,61.39188,-155.1124,95,56091AA,PIMA,9.14,1.2,2 cores taken
683089433126144,56091,2023,2020,NA,1549067896290487,61.39188,-155.1124,95,56091AB,PIMA,7.62,1.1,NA
683089433126144,56091,2023,2020,NA,1549067897290487,61.39188,-155.1124,95,56091AC,PIMA,10.41,8.6,NA
683089266126144,56684,2023,2020,1549062635290487,1549062628290487,60.178549999999994,-157.2695,94,56684AA,PIGL,34.29,NA,core broken - pith offset inestimable
683089266126144,56684,2023,2020,1549062634290487,1549062629290487,60.178549999999994,-157.2695,94,56684AB,PIGL,30.48,19.9,NA
683089266126144,56684,2023,2020,NA,1549062627290487,60.178549999999994,-157.2695,94,56684AC,PIGL,29.46,0.6,NA
683089519126144,57152,2023,2020,NA,1549070980290487,61.64141,-157.29930000000002,95,57152AA,PIMA,10.92,1.7,NA
683089519126144,57152,2023,2020,1549070997290487,1549070981290487,61.64141,-157.29930000000002,95,57152AB,PIMA,13.97,2.6,NA
683089519126144,57152,2023,2020,1549071005290487,NA,61.64141,-157.29930000000002,95,57152AC,PIMA,18.54,19,NA
683089519126144,57152,2023,2020,NA,1549070982290487,61.64141,-157.29930000000002,95,57152AD,PIMA,10.67,0.8,NA
683089519126144,57152,2023,2020,NA,1549070983290487,61.64141,-157.29930000000002,95,57152AE,PIMA,9.65,2,NA
683089325126144,57702,2023,2020,NA,1549075567290487,61.021559999999994,-157.17510000000001,95,57702AA,PIMA,9.14,0.5,NA
683089325126144,57702,2023,2020,NA,1549075568290487,61.021559999999994,-157.17510000000001,95,57702AB,PIMA,8.64,6.1,NA
683089325126144,57702,2023,2020,NA,1549075569290487,61.021559999999994,-157.17510000000001,95,57702AC,PIMA,9.4,4.5,NA
683089265126144,58381,2023,2020,NA,1549062332290487,60.45348,-155.7178,94,58381AA,PIGL,10.67,0.8,NA
683089265126144,58381,2023,2020,NA,1549062333290487,60.45348,-155.7178,94,58381AB,PIGL,10.41,0.4,NA
683089265126144,58381,2023,2020,NA,1549062334290487,60.45348,-155.7178,94,58381AC,PIGL,11.94,2.8,NA
683089265126144,58381,2023,2020,1549062345290487,NA,60.45348,-155.7178,94,58381AD,PIGL,17.02,0.9,NA
683089026126144,58911,2023,2020,NA,1549049412290487,61.27608,-154.874,95,58911AA,PIMA,8.38,2.7,NA
683089026126144,58911,2023,2020,NA,1549049413290487,61.27608,-154.874,95,58911AC,PIMA,8.38,0.5,NA
683089026126144,58911,2023,2020,NA,1549049414290487,61.27608,-154.874,95,58911AD,PIMA,7.37,0.9,NA
683089064126144,59027,2023,2020,NA,1549052289290487,61.11385,-157.2217,95,59027AA,PIMA,19.56,8.7,NA
683089064126144,59027,2023,2020,NA,1549052290290487,61.11385,-157.2217,95,59027AB,PIMA,19.81,16.5,NA
683089064126144,59027,2023,2020,NA,1549052291290487,61.11385,-157.2217,376,59027AC,BENE,23.11,16.9,NA
683089064126144,59027,2023,2020,1549052301290487,1549052292290487,61.11385,-157.2217,95,59027AD,PIMA,16.76,5,NA
683089541126144,59064,2023,2020,NA,1549045056290487,61.058209999999995,-158.06,94,59064AA,PIGL,23.11,2.7,NA
683089541126144,59064,2023,2020,NA,1549045057290487,61.058209999999995,-158.06,94,59064AB,PIGL,27.18,7.4,NA
683089541126144,59064,2023,2020,NA,1549045058290487,61.058209999999995,-158.06,94,59064AC,PIGL,36.58,NA,core broken - pith offset inestimable
683089220126144,60622,2023,2020,NA,1549059868290487,61.276489999999995,-157.1164,95,60622AA,PIMA,8.64,4.5,NA
683089220126144,60622,2023,2020,NA,1549059869290487,61.276489999999995,-157.1164,95,60622AB,PIMA,8.64,5.9,NA
683089220126144,60622,2023,2020,NA,1549059870290487,61.276489999999995,-157.1164,95,60622AC,PIMA,10.41,NA,NA
683089270126144,61520,2023,2020,NA,1549062779290487,61.05122,-157.3681,95,61520AC,PIMA,11.18,9.3,NA
683089551126144,61594,2023,2020,NA,1549045428290487,60.587669999999996,-154.9291,94,61594AA,PIGL,11.68,2.7,NA
683089551126144,61594,2023,2020,NA,1549045429290487,60.587669999999996,-154.9291,94,61594AB,PIGL,11.43,6.8,NA
683089551126144,61594,2023,2020,NA,1549045430290487,60.587669999999996,-154.9291,94,61594AC,PIGL,11.18,NA,NA
683089551126144,61594,2023,2020,1549045439290487,NA,60.587669999999996,-154.9291,94,61594AD,PIGL,15.49,1.6,NA
683089205126144,62769,2023,2020,NA,1549059518290487,59.52764,-154.3529,94,62769AA,PIGL,23.62,41.6,NA
683089205126144,62769,2023,2020,NA,1549059519290487,59.52764,-154.3529,94,62769AB,PIGL,14.73,0.9,NA
683089205126144,62769,2023,2020,NA,1549059520290487,59.52764,-154.3529,94,62769AC,PIGL,18.03,NA,pith offset inestimable - intrusion obscures inner rings
683089051126144,63062,2023,2020,1549050645290487,1549050627290487,61.54477,-155.00900000000001,95,63062AA,PIMA,18.54,2.5,NA
683089051126144,63062,2023,2020,1549050643290487,1549050628290487,61.54477,-155.00900000000001,95,63062AB,PIMA,16,4.8,NA
683089051126144,63062,2023,2020,NA,1549050629290487,61.54477,-155.00900000000001,95,63062AC,PIMA,20.32,11.4,NA
683089051126144,63062,2023,2020,NA,1549050630290487,61.54477,-155.00900000000001,94,63062AD,PIGL,22.86,17,NA
683089051126144,63062,2023,2020,NA,1549050631290487,61.54477,-155.00900000000001,94,63062AF,PIGL,26.16,3,NA
683089051126144,63062,2023,2020,NA,1549050632290487,61.54477,-155.00900000000001,376,63062AG,BENE,21.08,11.5,NA
1238207432290487,36,2024,2022,NA,1800053106290487,63.45872,-156.8016,95,00036AA,PIMA,5.84,1.6,NA
1238207432290487,36,2024,2022,NA,1800053107290487,63.45872,-156.8016,95,00036AA,PIMA,5.84,1.6,NA
1238207432290487,36,2024,2022,NA,1800053108290487,63.45872,-156.8016,95,00036AB,PIMA,7.62,0.7,NA
1238207432290487,36,2024,2022,NA,1800053109290487,63.45872,-156.8016,95,00036AB,PIMA,7.62,0.7,NA
683089032126144,522,2024,2020,1800037047290487,1800037026290487,59.70715,-157.0559,94,00522AA,PIGL,18.54,4.2,NA
683089032126144,522,2024,2020,NA,1800037027290487,59.70715,-157.0559,94,00522AB,PIGL,17.27,1.1,NA
683089032126144,522,2024,2020,1800037033290487,NA,59.70715,-157.0559,94,00522AC,PIGL,13.21,12.1,NA
683089032126144,522,2024,2020,1800037046290487,NA,59.70715,-157.0559,94,00522AD,PIGL,25.15,2.1,NA
683089032126144,522,2024,2020,NA,1800037028290487,59.70715,-157.0559,94,00522AE,PIGL,19.3,7.5,NA
683089054126144,1272,2024,2020,1800037614290487,NA,59.379279999999994,-156.5735,94,01272AA,PIGL,13.21,10.3,NA
683089054126144,1272,2024,2020,1800037616290487,NA,59.379279999999994,-156.5735,94,01272AB,PIGL,19.3,4.7,NA
683089054126144,1272,2024,2020,NA,1800037608290487,59.379279999999994,-156.5735,94,01272AC,PIGL,11.43,8.6,NA
683089054126144,1272,2024,2020,NA,1800037607290487,59.379279999999994,-156.5735,94,01272AD,PIGL,12.19,15.6,NA
683089054126144,1272,2024,2020,NA,1800037609290487,59.379279999999994,-156.5735,94,01272AE,PIGL,10.92,3.4,NA
683089279126144,2299,2024,2020,NA,1800043368290487,59.130100000000006,-157.76520000000002,94,02299AA,PIGL,19.05,5.6,NA
683089279126144,2299,2024,2020,NA,1800043369290487,59.130100000000006,-157.76520000000002,376,02299AB,BENE,10.67,7.8,NA
683089279126144,2299,2024,2020,1800043384290487,NA,59.130100000000006,-157.76520000000002,94,02299AC,PIGL,13.72,9.5,NA
683089414126144,3362,2024,2020,1800045683290487,1800045653290487,62.370509999999996,-156.4349,94,03362AA,PIGL,22.61,12.2,NA
683089414126144,3362,2024,2020,1800045684290487,1800045654290487,62.370509999999996,-156.4349,94,03362AB,PIGL,16,8.8,NA
683089414126144,3362,2024,2020,NA,1800045655290487,62.370509999999996,-156.4349,94,03362AC,PIGL,19.56,10.1,NA
683089414126144,3362,2024,2020,NA,1800045656290487,62.370509999999996,-156.4349,94,03362AD,PIGL,28.45,5.8,NA
683089414126144,3362,2024,2020,NA,1800045657290487,62.370509999999996,-156.4349,94,03362AE,PIGL,21.84,16.3,NA
683089414126144,3362,2024,2020,NA,1800045658290487,62.370509999999996,-156.4349,94,03362AF,PIGL,13.97,2.1,NA
683089414126144,3362,2024,2020,NA,1800045659290487,62.370509999999996,-156.4349,94,03362AG,PIGL,9.14,0.6,NA
683089414126144,3362,2024,2020,NA,1800045661290487,62.370509999999996,-156.4349,94,03362AH,PIGL,8.13,4.2,NA
683089414126144,3362,2024,2020,NA,1800045660290487,62.370509999999996,-156.4349,376,03362AI,BENE,8.38,2.7,NA
683089144126144,3930,2024,2020,1800040355290487,1800040345290487,59.963,-158.1773,94,03930AA,PIGL,14.99,12.8,NA
683089144126144,3930,2024,2020,1800040359290487,1800040346290487,59.963,-158.1773,94,03930AB,PIGL,24.38,30.5,NA
683089144126144,3930,2024,2020,1800040360290487,1800040347290487,59.963,-158.1773,94,03930AC,PIGL,21.59,10.2,NA
683089144126144,3930,2024,2020,1800040367290487,1800040348290487,59.963,-158.1773,94,03930AD,PIGL,30.23,30.4,NA
683089144126144,3930,2024,2020,NA,1800040349290487,59.963,-158.1773,94,03930AE,PIGL,14.22,6.7,NA
1238207304290487,4678,2024,2022,NA,1800050376290487,63.197959999999995,-157.407,95,04678AA,PIMA,7.62,1.1,NA
1238207304290487,4678,2024,2022,NA,1800050377290487,63.197959999999995,-157.407,95,04678AB,PIMA,12.45,1.5,NA
1238207304290487,4678,2024,2022,NA,1800050378290487,63.197959999999995,-157.407,95,04678AC,PIMA,6.86,0.9,NA
1238207467290487,5169,2024,2022,NA,1800051298290487,63.393559999999994,-156.9489,95,05169AB,PIMA,9.91,0.9,NA
1238207467290487,5169,2024,2022,NA,1800051299290487,63.393559999999994,-156.9489,95,05169AC,PIMA,7.87,4.3,NA
1238207477290487,5730,2024,2022,1800051610290487,1800051597290487,63.094139999999996,-156.0683,94,05730AA,PIGL,21.84,1.4,NA
1238207477290487,5730,2024,2022,1800051608290487,1800051598290487,63.094139999999996,-156.0683,94,05730AB,PIGL,26.92,11.8,NA
1238207477290487,5730,2024,2022,1800051607290487,1800051599290487,63.094139999999996,-156.0683,94,05730AC,PIGL,14.73,0.4,NA
1238207477290487,5730,2024,2022,NA,1800051600290487,63.094139999999996,-156.0683,94,05730AD,PIGL,16,8.6,NA
1238207477290487,5730,2024,2022,1800051611290487,NA,63.094139999999996,-156.0683,94,05730AE,PIGL,13.97,2.2,NA
1238207477290487,5730,2024,2022,1800051612290487,NA,63.094139999999996,-156.0683,94,05730AF,PIGL,18.03,1.8,NA
683089497126144,6572,2024,2020,NA,1800055542290487,58.693659999999994,-156.11350000000002,376,06572AA,BENE,16.26,11.3,NA
683089076126144,7285,2024,2020,1800038728290487,1800038715290487,59.259589999999996,-158.6414,94,07285AA,PIGL,17.02,11.5,NA
683089076126144,7285,2024,2020,NA,1800038716290487,59.259589999999996,-158.6414,94,07285AB,PIGL,18.29,8.3,NA
683089076126144,7285,2024,2020,NA,1800038717290487,59.259589999999996,-158.6414,94,07285AC,PIGL,20.07,4.5,NA
683089076126144,7285,2024,2020,1800038754290487,NA,59.259589999999996,-158.6414,94,07285AD,PIGL,22.86,0.6,NA
683089076126144,7285,2024,2020,1800038734290487,NA,59.259589999999996,-158.6414,94,07285AE,PIGL,9.4,1.7,NA
683089076126144,7285,2024,2020,1800038736290487,NA,59.259589999999996,-158.6414,94,07285AF,PIGL,31.5,31,NA
683089076126144,7285,2024,2020,1800038732290487,NA,59.259589999999996,-158.6414,94,07285AG,PIGL,22.1,2.4,NA
683089155126144,8858,2024,2020,NA,1800041000290487,59.979400000000005,-156.5129,94,08858AA,PIGL,12.95,13.1,NA
683089155126144,8858,2024,2020,NA,1800041001290487,59.979400000000005,-156.5129,94,08858AB,PIGL,17.78,10.9,NA
683089155126144,8858,2024,2020,1800041025290487,1800041002290487,59.979400000000005,-156.5129,94,08858AC,PIGL,15.75,8.9,NA
683089155126144,8858,2024,2020,NA,1800041003290487,59.979400000000005,-156.5129,94,08858AD,PIGL,10.67,1,NA
683089155126144,8858,2024,2020,NA,1800041004290487,59.979400000000005,-156.5129,94,08858AE,PIGL,12.45,8.2,NA
683089464126144,8964,2024,2020,1800046602290487,1800046595290487,59.61562,-158.175,94,08964AA,PIGL,13.46,2.2,NA
683089464126144,8964,2024,2020,1800046605290487,1800046596290487,59.61562,-158.175,94,08964AB,PIGL,20.57,8.9,NA
683089464126144,8964,2024,2020,1800046607290487,NA,59.61562,-158.175,94,08964AC,PIGL,29.46,11.8,NA
683089464126144,8964,2024,2020,NA,1800046592290487,59.61562,-158.175,94,08964AD,PIGL,22.1,3.9,NA
683089464126144,8964,2024,2020,NA,1800046593290487,59.61562,-158.175,94,08964AE,PIGL,24.13,12.1,NA
683089464126144,8964,2024,2020,NA,1800046594290487,59.61562,-158.175,94,08964AF,PIGL,19.56,12,NA
683089184126144,9412,2024,2020,NA,1800041690290487,59.37949,-160.20260000000002,NA,09412AA,POBA,22.61,1.1,NA
1318851249290487,9714,2024,2022,1800055149290487,1800055141290487,63.561859999999996,-155.7332,94,09714AA,PIGL,31.24,4.9,NA
1318851249290487,9714,2024,2022,1800055152290487,1800055142290487,63.561859999999996,-155.7332,94,09714AB,PIGL,25.15,11.4,NA
1238207359290487,11181,2024,2022,1800053944290487,1800053937290487,62.74075,-157.16060000000002,94,11181AA,PIGL,36.07,2.8,NA
1238207359290487,11181,2024,2022,1800053945290487,1800053938290487,62.74075,-157.16060000000002,94,11181AB,PIGL,40.39,6.7,NA
1238207359290487,11181,2024,2022,NA,1800053939290487,62.74075,-157.16060000000002,94,11181AC,PIGL,48.77,44.6,NA
683089255126144,11827,2024,2020,NA,1800042925290487,59.74655,-157.9045,94,11827AA,PIGL,25.65,3,NA
683089255126144,11827,2024,2020,1800042936290487,1800042926290487,59.74655,-157.9045,94,11827AB,PIGL,16.51,1.2,NA
683089255126144,11827,2024,2020,NA,1800042927290487,59.74655,-157.9045,94,11827AC,PIGL,19.3,6.7,NA
683089255126144,11827,2024,2020,NA,1800042928290487,59.74655,-157.9045,94,11827AD,PIGL,19.3,8.2,NA
683089608126144,11970,2024,2020,1800036253290487,1800036245290487,58.76289,-156.4858,94,11970AA,PIGL,14.22,8.7,NA
683089608126144,11970,2024,2020,NA,1800036246290487,58.76289,-156.4858,94,11970AB,PIGL,10.92,7.9,NA
683089608126144,11970,2024,2020,NA,1800036247290487,58.76289,-156.4858,94,11970AC,PIGL,10.67,8.1,NA
683089608126144,11970,2024,2020,NA,1800036248290487,58.76289,-156.4858,94,11970AD,PIGL,10.92,1.9,NA
683089045126144,11999,2024,2020,NA,1800037497290487,59.44763,-158.7467,94,11999AA,PIGL,27.43,13,NA
683089045126144,11999,2024,2020,NA,1800037498290487,59.44763,-158.7467,94,11999AB,PIGL,22.61,3.9,NA
683089632126144,13080,2024,2020,NA,1800037928290487,59.464949999999995,-158.9181,94,13080AA,PIGL,32,4,NA
683089632126144,13080,2024,2020,NA,1800037929290487,59.464949999999995,-158.9181,94,13080AB,PIGL,32.51,15.6,NA
683089632126144,13080,2024,2020,1800037959290487,1800037930290487,59.464949999999995,-158.9181,94,13080AC,PIGL,34.29,33.5,NA
683089632126144,13080,2024,2020,1800037951290487,NA,59.464949999999995,-158.9181,94,13080AD,PIGL,22.1,18.9,NA
683089632126144,13080,2024,2020,1800037954290487,NA,59.464949999999995,-158.9181,94,13080AE,PIGL,17.27,21,NA
683089632126144,13080,2024,2020,1800037955290487,NA,59.464949999999995,-158.9181,94,13080AF,PIGL,26.67,20.6,NA
683089632126144,13080,2024,2020,1800037956290487,NA,59.464949999999995,-158.9181,94,13080AG,PIGL,29.97,13.8,NA
683089632126144,13080,2024,2020,1800037935290487,NA,59.464949999999995,-158.9181,94,13080AH,PIGL,44.96,26.4,NA
1238207498290487,13620,2024,2022,NA,1800052018290487,63.23817,-157.0466,95,13620AA,PIMA,7.87,0.7,NA
1238207498290487,13620,2024,2022,NA,1800052019290487,63.23817,-157.0466,95,13620AB,PIMA,6.86,3.7,NA
1238207498290487,13620,2024,2022,NA,1800052020290487,63.23817,-157.0466,95,13620AC,PIMA,9.14,12.1,NA
1238207498290487,13620,2024,2022,1800052036290487,1800052021290487,63.23817,-157.0466,95,13620AD,PIMA,13.46,5.2,NA
683089087126144,13782,2024,2020,NA,1800039027290487,59.85518,-156.2897,94,13782AA,PIGL,17.53,9.5,NA
683089087126144,13782,2024,2020,NA,1800039028290487,59.85518,-156.2897,94,13782AB,PIGL,19.05,3.4,NA
683089087126144,13782,2024,2020,NA,1800039029290487,59.85518,-156.2897,94,13782AC,PIGL,22.86,16.3,NA
1238207358290487,15075,2024,2022,NA,1800053778290487,63.37177,-156.19750000000002,95,15075AA,PIMA,11.68,0.5,NA
1238207358290487,15075,2024,2022,NA,1800053779290487,63.37177,-156.19750000000002,95,15075AB,PIMA,9.14,5.2,NA
1238207358290487,15075,2024,2022,NA,1800053780290487,63.37177,-156.19750000000002,95,15075AC,PIMA,9.65,1.9,NA
1238207358290487,15075,2024,2022,1800053786290487,1800053781290487,63.37177,-156.19750000000002,95,15075AD,PIMA,13.21,7.5,NA
683089579126144,15763,2024,2020,1800035186290487,1800035177290487,59.76905,-157.4044,94,15763AA,PIGL,20.07,1.4,NA
683089579126144,15763,2024,2020,1800035213290487,NA,59.76905,-157.4044,94,15763AB,PIGL,23.37,25,NA
683089579126144,15763,2024,2020,NA,1800035178290487,59.76905,-157.4044,94,15763AC,PIGL,20.32,5.7,NA
683089579126144,15763,2024,2020,NA,1800035179290487,59.76905,-157.4044,94,15763AD,PIGL,16.76,13.5,NA
683089579126144,15763,2024,2020,NA,1800035180290487,59.76905,-157.4044,94,15763AE,PIGL,8.89,2.7,NA
1238207448290487,16649,2024,2022,1800053287290487,1800053279290487,63.31787,-155.7974,94,16649AA,PIGL,27.18,9.9,NA
1238207448290487,16649,2024,2022,1800053296290487,NA,63.31787,-155.7974,94,16649AB,PIGL,32.77,NA,pith offset inestimable
1238207448290487,16649,2024,2022,NA,1800053280290487,63.31787,-155.7974,94,16649AC,PIGL,22.86,1.5,NA
1238207448290487,16649,2024,2022,1800053300290487,NA,63.31787,-155.7974,94,16649AD,PIGL,37.34,NA,pith offset inestimable
1238207448290487,16649,2024,2022,1800053302290487,NA,63.31787,-155.7974,94,16649AE,PIGL,40.64,NA,pith offset inestimable
1238207448290487,16649,2024,2022,1800053285290487,NA,63.31787,-155.7974,94,16649AF,PIGL,12.95,0.7,NA
1238207448290487,16649,2024,2022,1800053289290487,NA,63.31787,-155.7974,94,16649AG,PIGL,17.78,2.7,NA
1318851245290487,17113,2024,2022,NA,1800055008290487,63.593039999999995,-155.9307,95,17113AA,PIMA,6.1,1.7,NA
1318851245290487,17113,2024,2022,NA,1800055007290487,63.593039999999995,-155.9307,95,17113AB,PIMA,5.33,0.6,NA
683089283126144,17857,2024,2020,1800043523290487,1800043518290487,60.0388,-158.72050000000002,94,17857AA,PIGL,29.21,10.4,NA
683089283126144,17857,2024,2020,1800043527290487,NA,60.0388,-158.72050000000002,94,17857AB,PIGL,19.81,0.7,NA
683089283126144,17857,2024,2020,1800043529290487,NA,60.0388,-158.72050000000002,94,17857AC,PIGL,42.67,15.1,NA
683089283126144,17857,2024,2020,1800043550290487,NA,60.0388,-158.72050000000002,94,17857AD,PIGL,35.05,0.6,NA
683089283126144,17857,2024,2020,NA,1800043516290487,60.0388,-158.72050000000002,94,17857AE,PIGL,36.32,9.1,NA
683089283126144,17857,2024,2020,NA,1800043517290487,60.0388,-158.72050000000002,94,17857AF,PIGL,28.7,4.1,NA
683089283126144,17857,2024,2020,1800043534290487,NA,60.0388,-158.72050000000002,94,17857AG,PIGL,16.76,1.4,NA
683089382126144,18209,2024,2020,1800056133290487,NA,59.90436,-157.82160000000002,94,18209AD,PIGL,13.97,3.6,NA
683089737126144,18386,2024,2020,NA,1800040653290487,59.153569999999995,-156.8031,94,18386AA,PIGL,9.65,2.5,NA
683089737126144,18386,2024,2020,NA,1800040654290487,59.153569999999995,-156.8031,94,18386AB,PIGL,9.4,0.7,NA
683089737126144,18386,2024,2020,NA,1800040655290487,59.153569999999995,-156.8031,94,18386AC,PIGL,12.45,1.3,NA
683089012126144,18510,2024,2020,NA,1800035884290487,59.31623,-157.8595,376,18510AA,BENE,25.91,0.9,NA
683089012126144,18510,2024,2020,NA,1800035885290487,59.31623,-157.8595,94,18510AB,PIGL,22.35,22.4,NA
683089012126144,18510,2024,2020,NA,1800035886290487,59.31623,-157.8595,94,18510AC,PIGL,21.84,5,NA
683089012126144,18510,2024,2020,NA,1800035887290487,59.31623,-157.8595,94,18510AD,PIGL,12.7,5.8,NA
683089068126144,20545,2024,2020,NA,1800038570290487,59.208949999999994,-155.5318,94,20545AA,PIGL,18.03,4.6,NA
683089068126144,20545,2024,2020,NA,1800038571290487,59.208949999999994,-155.5318,94,20545AB,PIGL,19.3,16,NA
683089068126144,20545,2024,2020,1800038587290487,1800038572290487,59.208949999999994,-155.5318,94,20545AC,PIGL,16.26,0.9,NA
683089068126144,20545,2024,2020,NA,1800038573290487,59.208949999999994,-155.5318,94,20545AD,PIGL,9.4,12,NA
683089068126144,20545,2024,2020,NA,1800038574290487,59.208949999999994,-155.5318,94,20545AE,PIGL,10.41,7.4,NA
683089068126144,20545,2024,2020,NA,1800038575290487,59.208949999999994,-155.5318,94,20545AF,PIGL,11.68,3.3,NA
683089516126144,21082,2024,2020,1800047639290487,1800047629290487,62.0003,-158.0264,71,21082AA,LALA,14.73,3.5,NA
683089516126144,21082,2024,2020,NA,1800047626290487,62.0003,-158.0264,95,21082AB,PIMA,10.92,2.9,NA
683089516126144,21082,2024,2020,NA,1800047627290487,62.0003,-158.0264,95,21082AC,PIMA,10.16,9.4,NA
683089516126144,21082,2024,2020,NA,1800047628290487,62.0003,-158.0264,95,21082AD,PIMA,9.14,8.6,NA
683089516126144,21082,2024,2020,NA,1800047630290487,62.0003,-158.0264,71,21082AE,LALA,12.45,9.5,NA
683089516126144,21082,2024,2020,NA,1800047631290487,62.0003,-158.0264,71,21082AF,LALA,16.51,2.2,NA
683089516126144,21082,2024,2020,1800047645290487,NA,62.0003,-158.0264,94,21082AG,PIGL,18.8,1.8,NA
683089516126144,21082,2024,2020,1800047638290487,NA,62.0003,-158.0264,95,21082AH,PIMA,14.99,8,NA
1318851139290487,21518,2024,2022,NA,1800054714290487,63.53798,-155.52790000000002,95,21518AA,PIMA,8.89,10.7,NA
1318851139290487,21518,2024,2022,NA,1800054715290487,63.53798,-155.52790000000002,95,21518AB,PIMA,11.43,5.3,NA
683089101126144,21819,2024,2020,NA,1800055848290487,59.490309999999994,-157.2827,94,21819AB,PIGL,18.8,2.5,NA
683089101126144,21819,2024,2020,NA,1800055849290487,59.490309999999994,-157.2827,94,21819AC,PIGL,14.22,6,NA
683089101126144,21819,2024,2020,NA,1800055850290487,59.490309999999994,-157.2827,94,21819AD,PIGL,14.99,12,NA
1238207356290487,21833,2024,2022,NA,1800053612290487,62.92652,-156.7021,95,21833AA,PIMA,10.67,7.8,NA
1238207356290487,21833,2024,2022,NA,1800053613290487,62.92652,-156.7021,95,21833AB,PIMA,9.91,0.9,NA
1238207356290487,21833,2024,2022,NA,1800053614290487,62.92652,-156.7021,95,21833AC,PIMA,8.13,4.2,NA
683089680126144,21874,2024,2020,1800039545290487,1800039537290487,59.07358,-156.27710000000002,94,21874AA,PIGL,12.7,7.7,NA
683089680126144,21874,2024,2020,NA,1800039538290487,59.07358,-156.27710000000002,94,21874AB,PIGL,11.68,3.2,NA
683089680126144,21874,2024,2020,NA,1800039539290487,59.07358,-156.27710000000002,94,21874AC,PIGL,11.18,4.3,NA
683089680126144,21874,2024,2020,NA,1800039540290487,59.07358,-156.27710000000002,94,21874AD,PIGL,10.92,7.8,NA
683089492126144,22539,2024,2020,1800047043290487,NA,59.78033,-158.0774,94,22539AA,PIGL,15.75,4,NA
683089492126144,22539,2024,2020,1800047046290487,NA,59.78033,-158.0774,94,22539AB,PIGL,18.29,11.5,NA
683089492126144,22539,2024,2020,NA,1800047032290487,59.78033,-158.0774,94,22539AC,PIGL,40.64,1.1,NA
683089492126144,22539,2024,2020,1800047075290487,1800047033290487,59.78033,-158.0774,94,22539AD,PIGL,28.45,9.2,NA
683089492126144,22539,2024,2020,NA,1800047034290487,59.78033,-158.0774,94,22539AE,PIGL,32.51,2.7,NA
683089481126144,23051,2024,2020,NA,1800046754290487,59.18016,-155.8383,94,23051AA,PIGL,12.19,0.7,NA
683089481126144,23051,2024,2020,NA,1800046755290487,59.18016,-155.8383,94,23051AB,PIGL,8.64,1.6,NA
683089481126144,23051,2024,2020,NA,1800046756290487,59.18016,-155.8383,94,23051AC,PIGL,11.43,14.7,NA
683089481126144,23051,2024,2020,NA,1800046757290487,59.18016,-155.8383,94,23051AD,PIGL,10.67,1.1,NA
683089481126144,23051,2024,2020,NA,1800046758290487,59.18016,-155.8383,94,23051AE,PIGL,8.64,11,NA
683089481126144,23051,2024,2020,NA,1800046759290487,59.18016,-155.8383,94,23051AF,PIGL,10.92,1.7,NA
683089481126144,23051,2024,2020,1800046765290487,1800046760290487,59.18016,-155.8383,94,23051AG,PIGL,19.05,3,NA
683089481126144,23051,2024,2020,1800046776290487,NA,59.18016,-155.8383,94,23051AH,PIGL,13.72,7.9,NA
683089441126144,23408,2024,2020,NA,1800046117290487,59.84784,-157.9567,94,23408AA,PIGL,24.64,34.8,NA
683089441126144,23408,2024,2020,NA,1800046118290487,59.84784,-157.9567,94,23408AB,PIGL,24.38,17.5,NA
683089441126144,23408,2024,2020,NA,1800046119290487,59.84784,-157.9567,94,23408AC,PIGL,32.51,18.6,NA
683089441126144,23408,2024,2020,1800046127290487,NA,59.84784,-157.9567,94,23408AD,PIGL,27.69,10.3,NA
683089441126144,23408,2024,2020,1800046131290487,NA,59.84784,-157.9567,94,23408AE,PIGL,20.83,1.3,NA
683089441126144,23408,2024,2020,1800046135290487,NA,59.84784,-157.9567,94,23408AF,PIGL,13.97,2,NA
683089441126144,23408,2024,2020,1800046143290487,NA,59.84784,-157.9567,94,23408AG,PIGL,15.24,7.1,NA
683089345126144,23813,2024,2020,1800044663290487,1800044654290487,59.920759999999994,-158.48950000000002,94,23813AA,PIGL,15.75,4.3,NA
683089345126144,23813,2024,2020,1800044664290487,NA,59.920759999999994,-158.48950000000002,94,23813AB,PIGL,23.88,7.9,NA
683089345126144,23813,2024,2020,1800044665290487,1800044655290487,59.920759999999994,-158.48950000000002,94,23813AC,PIGL,32,13.9,NA
683089345126144,23813,2024,2020,1800044667290487,1800044656290487,59.920759999999994,-158.48950000000002,94,23813AD,PIGL,20.32,0.5,NA
683089345126144,23813,2024,2020,NA,1800044657290487,59.920759999999994,-158.48950000000002,94,23813AE,PIGL,18.29,3.2,NA
683089322126144,23845,2024,2020,1800044351290487,1800044329290487,59.51544,-158.6122,94,23845AA,PIGL,27.94,1.6,NA
683089322126144,23845,2024,2020,1800044353290487,1800044330290487,59.51544,-158.6122,94,23845AB,PIGL,38.1,1.2,NA
683089322126144,23845,2024,2020,NA,1800044331290487,59.51544,-158.6122,94,23845AC,PIGL,29.46,5.4,NA
683089322126144,23845,2024,2020,NA,1800044332290487,59.51544,-158.6122,94,23845AD,PIGL,32.26,9.2,NA
683089322126144,23845,2024,2020,NA,1800044333290487,59.51544,-158.6122,94,23845AE,PIGL,37.59,11.8,NA
683089322126144,23845,2024,2020,1800044346290487,1800044334290487,59.51544,-158.6122,94,23845AF,PIGL,26.16,10.4,NA
683089322126144,23845,2024,2020,1800044356290487,NA,59.51544,-158.6122,94,23845AG,PIGL,22.1,12.6,NA
683089322126144,23845,2024,2020,1800044340290487,NA,59.51544,-158.6122,94,23845AH,PIGL,13.72,1.4,NA
683089257126144,23857,2024,2020,NA,1800043081290487,59.61871,-157.0214,94,23857AA,PIGL,17.27,3.4,NA
683089257126144,23857,2024,2020,NA,1800043082290487,59.61871,-157.0214,94,23857AB,PIGL,13.46,5.2,NA
683089257126144,23857,2024,2020,1800043091290487,1800043083290487,59.61871,-157.0214,94,23857AC,PIGL,18.29,11.2,NA
683089257126144,23857,2024,2020,1800043101290487,1800043084290487,59.61871,-157.0214,94,23857AE,PIGL,12.95,3.5,NA
683089257126144,23857,2024,2020,1800043096290487,NA,59.61871,-157.0214,94,23857AF,PIGL,26.16,43.6,NA
683089459126144,24376,2024,2020,1800046462290487,1800046451290487,62.17019,-155.6207,95,24376AA,PIMA,15.49,1.8,NA
683089459126144,24376,2024,2020,NA,1800046452290487,62.17019,-155.6207,95,24376AB,PIMA,9.14,2.8,NA
683089459126144,24376,2024,2020,NA,1800046453290487,62.17019,-155.6207,95,24376AC,PIMA,8.13,1.5,NA
683089459126144,24376,2024,2020,NA,1800046454290487,62.17019,-155.6207,95,24376AD,PIMA,6.86,1.7,NA
1238207299290487,25707,2024,2022,1800050233290487,1800050225290487,63.05338,-156.9541,95,25707AA,PIMA,12.7,1,NA
1238207299290487,25707,2024,2022,NA,1800050227290487,63.05338,-156.9541,95,25707AB,PIMA,8.89,7.3,NA
1238207299290487,25707,2024,2022,NA,1800050226290487,63.05338,-156.9541,95,25707AC,PIMA,10.41,0.7,NA
1238207299290487,25707,2024,2022,NA,1800050228290487,63.05338,-156.9541,95,25707AD,PIMA,9.14,3,NA
683089084126144,26140,2024,2020,NA,1800038863290487,59.82309,-157.77440000000001,94,26140AA,PIGL,20.32,7.5,NA
683089084126144,26140,2024,2020,NA,1800038864290487,59.82309,-157.77440000000001,94,26140AA,PIGL,20.32,7.5,NA
683089084126144,26140,2024,2020,NA,1800038865290487,59.82309,-157.77440000000001,94,26140AB,PIGL,25.15,1.2,NA
683089084126144,26140,2024,2020,NA,1800038866290487,59.82309,-157.77440000000001,94,26140AB,PIGL,25.15,1.2,NA
683089084126144,26140,2024,2020,NA,1800038867290487,59.82309,-157.77440000000001,94,26140AC,PIGL,16.51,6.9,NA
683089084126144,26140,2024,2020,NA,1800038868290487,59.82309,-157.77440000000001,94,26140AC,PIGL,16.51,6.9,NA
683089084126144,26140,2024,2020,NA,1800038869290487,59.82309,-157.77440000000001,94,26140AD,PIGL,21.59,2.8,NA
683089084126144,26140,2024,2020,NA,1800038870290487,59.82309,-157.77440000000001,94,26140AD,PIGL,21.59,2.8,NA
683089084126144,26140,2024,2020,1800038892290487,1800038871290487,59.82309,-157.77440000000001,94,26140AE,PIGL,34.29,4.5,NA
683089084126144,26140,2024,2020,1800038892290487,1800038872290487,59.82309,-157.77440000000001,94,26140AE,PIGL,34.29,4.5,NA
683089104126144,26562,2024,2020,1800039396290487,1800039367290487,60.078109999999995,-158.39960000000002,94,26562AA,PIGL,12.7,6.1,NA
683089104126144,26562,2024,2020,NA,1800039368290487,60.078109999999995,-158.39960000000002,94,26562AB,PIGL,16.26,2,NA
683089104126144,26562,2024,2020,NA,1800039369290487,60.078109999999995,-158.39960000000002,94,26562AC,PIGL,17.78,7.9,NA
683089104126144,26562,2024,2020,NA,1800039370290487,60.078109999999995,-158.39960000000002,94,26562AD,PIGL,25.65,14.6,NA
683089104126144,26562,2024,2020,1800039375290487,NA,60.078109999999995,-158.39960000000002,94,26562AE,PIGL,22.61,25.4,NA
683089104126144,26562,2024,2020,1800039377290487,NA,60.078109999999995,-158.39960000000002,94,26562AF,PIGL,13.21,9.8,NA
683088741126144,27114,2024,2020,1800034552290487,1800034538290487,59.86016,-157.4605,94,27114AA,PIGL,24.64,7.1,NA
683088741126144,27114,2024,2020,NA,1800034539290487,59.86016,-157.4605,94,27114AB,PIGL,19.81,24,NA
683088741126144,27114,2024,2020,NA,1800034540290487,59.86016,-157.4605,376,27114AC,BENE,8.13,8.5,NA
683089207126144,27327,2024,2020,1800042447290487,1800042437290487,60.118159999999996,-154.744,94,27327AA,PIGL,34.29,19.1,NA
683089207126144,27327,2024,2020,1800042451290487,1800042438290487,60.118159999999996,-154.744,94,27327AB,PIGL,16.26,4.3,NA
683089207126144,27327,2024,2020,1800042460290487,1800042439290487,60.118159999999996,-154.744,94,27327AC,PIGL,21.34,3.7,NA
683089207126144,27327,2024,2020,1800042461290487,NA,60.118159999999996,-154.744,94,27327AE,PIGL,27.69,8.5,NA
683089207126144,27327,2024,2020,NA,1800042440290487,60.118159999999996,-154.744,94,27327AF,PIGL,18.54,9.6,NA
683089174126144,28138,2024,2020,NA,1800041291290487,58.72022,-156.7701,376,28138AA,BENE,10.16,1.2,NA
683089174126144,28138,2024,2020,NA,1800041292290487,58.72022,-156.7701,94,28138AB,PIGL,7.62,7.9,NA
683089174126144,28138,2024,2020,NA,1800041293290487,58.72022,-156.7701,94,28138AC,PIGL,9.91,3.4,NA
683089536126144,28685,2024,2020,NA,1800048001290487,60.27435,-155.14190000000002,95,28685AA,PIMA,10.67,1,NA
683089536126144,28685,2024,2020,NA,1800048002290487,60.27435,-155.14190000000002,95,28685AB,PIMA,7.87,3.2,NA
683089536126144,28685,2024,2020,NA,1800048003290487,60.27435,-155.14190000000002,95,28685AC,PIMA,11.18,9.2,NA
1238207419290487,29169,2024,2022,NA,1800052822290487,63.561049999999994,-156.2843,71,29169AA,LALA,7.87,8.7,NA
1238207419290487,29169,2024,2022,NA,1800052823290487,63.561049999999994,-156.2843,71,29169AA,LALA,7.87,8.7,NA
1238207419290487,29169,2024,2022,NA,1800052824290487,63.561049999999994,-156.2843,71,29169AB,LALA,6.6,2.3,NA
1238207419290487,29169,2024,2022,NA,1800052825290487,63.561049999999994,-156.2843,71,29169AB,LALA,6.6,2.3,NA
1238207419290487,29169,2024,2022,NA,1800052826290487,63.561049999999994,-156.2843,71,29169AC,LALA,7.87,1.3,NA
1238207419290487,29169,2024,2022,NA,1800052827290487,63.561049999999994,-156.2843,71,29169AC,LALA,7.87,1.3,NA
683089382126144,18209,2024,2020,NA,1800056124290487,59.90436,-157.82160000000002,94,18209AA,PIGL,10.16,0.6,NA
683089382126144,18209,2024,2020,NA,1800056125290487,59.90436,-157.82160000000002,94,18209AB,PIGL,12.45,30.5,NA
683089382126144,18209,2024,2020,NA,1800056126290487,59.90436,-157.82160000000002,94,18209AC,PIGL,11.43,16.3,NA
683089129126144,30184,2024,2020,1800040257290487,NA,59.01116,-157.5396,94,30184AA,PIGL,13.72,2.5,NA
1238207323290487,30390,2024,2022,1800050986290487,1800050979290487,63.138079999999995,-157.0042,94,30390AA,PIGL,16.76,3.1,NA
1238207323290487,30390,2024,2022,1800050987290487,1800050980290487,63.138079999999995,-157.0042,94,30390AB,PIGL,23.37,0.8,NA
1238207323290487,30390,2024,2022,NA,1800050974290487,63.138079999999995,-157.0042,95,30390AC,PIMA,11.43,4.6,NA
1238207323290487,30390,2024,2022,NA,1800050975290487,63.138079999999995,-157.0042,95,30390AD,PIMA,11.43,1.2,NA
1238207323290487,30390,2024,2022,NA,1800050976290487,63.138079999999995,-157.0042,95,30390AE,PIMA,7.87,1.1,NA
1238207323290487,30390,2024,2022,NA,1800050977290487,63.138079999999995,-157.0042,94,30390AF,PIGL,11.94,6.1,NA
1238207323290487,30390,2024,2022,NA,1800050978290487,63.138079999999995,-157.0042,376,30390AH,BENE,9.4,6.6,NA
1642865864290487,30989,2024,2022,NA,1800057192290487,63.83632,-156.4298,95,30989AA,PIMA,11.68,10.9,NA
1642865864290487,30989,2024,2022,NA,1800057193290487,63.83632,-156.4298,95,30989AB,PIMA,9.4,3.8,NA
1642865864290487,30989,2024,2022,NA,1800057194290487,63.83632,-156.4298,95,30989AC,PIMA,6.35,2.2,NA
1238207369290487,31314,2024,2022,NA,1800054059290487,63.29325,-156.1267,95,31314AA,PIMA,7.37,3.8,NA
1238207369290487,31314,2024,2022,NA,1800054060290487,63.29325,-156.1267,95,31314AB,PIMA,9.65,9.6,NA
1238207369290487,31314,2024,2022,NA,1800054061290487,63.29325,-156.1267,95,31314AC,PIMA,10.41,3.2,NA
1238207369290487,31314,2024,2022,1800054076290487,NA,63.29325,-156.1267,95,31314AD,PIMA,13.46,6.8,NA
1238207369290487,31314,2024,2022,1800054077290487,NA,63.29325,-156.1267,71,31314AE,LALA,16,0.1,NA
683089209126144,31918,2024,2020,NA,1800056679290487,62.364169999999994,-156.9615,94,31918AA,PIGL,34.54,22.9,NA
683089209126144,31918,2024,2020,NA,1800056680290487,62.364169999999994,-156.9615,94,31918AB,PIGL,24.64,13.6,NA
683089209126144,31918,2024,2020,NA,1800056681290487,62.364169999999994,-156.9615,94,31918AC,PIGL,20.07,2.4,NA
1238207444290487,31932,2024,2022,NA,1800055710290487,63.44049,-156.02630000000002,95,31932AA,PIMA,15.49,4.9,NA
1238207444290487,31932,2024,2022,NA,1800055711290487,63.44049,-156.02630000000002,95,31932AB,PIMA,8.89,1.3,NA
1238207444290487,31932,2024,2022,NA,1800055712290487,63.44049,-156.02630000000002,95,31932AC,PIMA,11.94,10.9,NA
1238207444290487,31932,2024,2022,NA,1800055713290487,63.44049,-156.02630000000002,95,31932AD,PIMA,9.65,0.9,NA
683089324126144,32121,2024,2020,NA,1800054383290487,59.01528,-155.9351,94,32121AA,PIGL,7.87,2.7,NA
683089324126144,32121,2024,2020,NA,1800054382290487,59.01528,-155.9351,94,32121AB,PIGL,12.19,2.2,NA
683089324126144,32121,2024,2020,1800054396290487,1800054384290487,59.01528,-155.9351,94,32121AC,PIGL,18.8,9.2,NA
683089324126144,32121,2024,2020,1800054411290487,1800054385290487,59.01528,-155.9351,94,32121AD,PIGL,15.75,6.3,NA
683089333126144,32314,2024,2020,NA,1800044455290487,59.70263,-157.5464,94,32314AA,PIGL,10.41,3.9,NA
683089333126144,32314,2024,2020,NA,1800044456290487,59.70263,-157.5464,94,32314AB,PIGL,8.89,6.7,NA
683089333126144,32314,2024,2020,NA,1800044457290487,59.70263,-157.5464,94,32314AC,PIGL,12.7,6.8,NA
683089333126144,32314,2024,2020,1800044474290487,NA,59.70263,-157.5464,94,32314AD,PIGL,19.56,12.2,NA
683089333126144,32314,2024,2020,1800044463290487,NA,59.70263,-157.5464,94,32314AE,PIGL,17.27,1.2,NA
1238207499290487,32696,2024,2022,NA,1800052174290487,63.127039999999994,-156.25310000000002,95,32696AA,PIMA,10.41,2.5,NA
1238207499290487,32696,2024,2022,NA,1800052175290487,63.127039999999994,-156.25310000000002,95,32696AB,PIMA,12.95,3.7,NA
1238207499290487,32696,2024,2022,NA,1800052176290487,63.127039999999994,-156.25310000000002,95,32696AC,PIMA,10.16,13.1,NA
683089188126144,35003,2024,2020,1800041823290487,1800041813290487,59.17613,-157.465,94,35003AA,PIGL,14.99,4.4,NA
683089188126144,35003,2024,2020,1800041827290487,1800041814290487,59.17613,-157.465,94,35003AB,PIGL,20.83,1.1,NA
683089188126144,35003,2024,2020,NA,1800041815290487,59.17613,-157.465,94,35003AC,PIGL,17.27,29.1,NA
683089188126144,35003,2024,2020,NA,1800041816290487,59.17613,-157.465,376,35003AD,BENE,13.97,4.4,NA
1318851257290487,35049,2024,2022,NA,1800055260290487,63.62462,-156.1309,95,35049AA,PIMA,8.38,2.9,NA
1318851257290487,35049,2024,2022,NA,1800055261290487,63.62462,-156.1309,95,35049AB,PIMA,8.64,4.5,NA
1318851257290487,35049,2024,2022,NA,1800055262290487,63.62462,-156.1309,95,35049AC,PIMA,9.14,2.4,NA
683089183126144,35118,2024,2020,NA,1800041553290487,60.001349999999995,-157.8554,94,35118AA,PIGL,12.7,7.8,NA
683089183126144,35118,2024,2020,NA,1800041554290487,60.001349999999995,-157.8554,94,35118AB,PIGL,18.54,5.4,NA
683089183126144,35118,2024,2020,NA,1800041555290487,60.001349999999995,-157.8554,94,35118AC,PIGL,18.29,4.5,NA
683089183126144,35118,2024,2020,1800041564290487,1800041556290487,60.001349999999995,-157.8554,94,35118AD,PIGL,15.75,2,NA
683089183126144,35118,2024,2020,1800041565290487,1800041557290487,60.001349999999995,-157.8554,94,35118AE,PIGL,20.57,7.6,NA
683089183126144,35118,2024,2020,1800041572290487,NA,60.001349999999995,-157.8554,94,35118AF,PIGL,27.43,19.1,NA
683089183126144,35118,2024,2020,1800041577290487,NA,60.001349999999995,-157.8554,94,35118AG,PIGL,28.96,38.4,NA
683089288126144,35253,2024,2020,1800043713290487,1800043703290487,61.233700000000006,-160.7824,94,35253AA,PIGL,29.72,6.5,NA
683089288126144,35253,2024,2020,1800043710290487,1800043704290487,61.233700000000006,-160.7824,94,35253AB,PIGL,26.42,11.7,NA
683089288126144,35253,2024,2020,1800043726290487,1800043705290487,61.233700000000006,-160.7824,94,35253AC,PIGL,35.81,10.9,NA
683089288126144,35253,2024,2020,1800043721290487,NA,61.233700000000006,-160.7824,94,35253AD,PIGL,18.54,7.7,NA
683089609126144,35261,2024,2020,1800036441290487,NA,59.57506,-158.4879,94,35261AA,PIGL,23.88,2.4,NA
683089609126144,35261,2024,2020,1800036431290487,NA,59.57506,-158.4879,94,35261AB,PIGL,12.95,0.6,NA
683089594126144,35841,2024,2020,NA,1800036115290487,59.94754,-156.3342,94,35841AA,PIGL,8.13,1,NA
683089594126144,35841,2024,2020,NA,1800036116290487,59.94754,-156.3342,94,35841AA,PIGL,8.13,1,NA
683089594126144,35841,2024,2020,NA,1800036117290487,59.94754,-156.3342,94,35841AB,PIGL,10.41,1,NA
683089594126144,35841,2024,2020,NA,1800036118290487,59.94754,-156.3342,94,35841AB,PIGL,10.41,1,NA
683089594126144,35841,2024,2020,NA,1800036119290487,59.94754,-156.3342,94,35841AC,PIGL,14.73,26.5,NA
683089594126144,35841,2024,2020,NA,1800036120290487,59.94754,-156.3342,94,35841AC,PIGL,14.73,26.5,NA
683088746126144,36273,2024,2020,NA,1800034695290487,58.92928,-154.9341,741,36273AA,POBA2,36.58,32.7,NA
683088746126144,36273,2024,2020,NA,1800034696290487,58.92928,-154.9341,741,36273AB,POBA2,6.6,1.9,NA
1238207392290487,36475,2024,2022,1800052347290487,1800052340290487,63.210319999999996,-156.29850000000002,95,36475AA,PIMA,15.75,12.4,NA
1238207392290487,36475,2024,2022,NA,1800052339290487,63.210319999999996,-156.29850000000002,95,36475AB,PIMA,10.67,0.4,NA
1238207392290487,36475,2024,2022,NA,1800052338290487,63.210319999999996,-156.29850000000002,95,36475AC,PIMA,12.19,3.8,NA
1238207392290487,36475,2024,2022,1800052360290487,NA,63.210319999999996,-156.29850000000002,94,36475AD,PIGL,12.95,4.4,NA
1238207483290487,37376,2024,2022,NA,1800051718290487,63.41245,-155.83780000000002,95,37376AA,PIMA,9.4,0.6,NA
1238207483290487,37376,2024,2022,NA,1800051717290487,63.41245,-155.83780000000002,95,37376AB,PIMA,8.38,1.3,NA
1238207483290487,37376,2024,2022,NA,1800051719290487,63.41245,-155.83780000000002,95,37376AC,PIMA,12.45,12.5,NA
683089314126144,37827,2024,2020,1800044159290487,1800044151290487,59.17592,-158.5908,94,37827AA,PIGL,20.07,2.6,NA
683089314126144,37827,2024,2020,1800044170290487,1800044152290487,59.17592,-158.5908,94,37827AB,PIGL,14.73,2.8,NA
683089314126144,37827,2024,2020,NA,1800044153290487,59.17592,-158.5908,94,37827AC,PIGL,17.27,3.4,NA
1238207334290487,38312,2024,2022,NA,1800053464290487,63.30085,-156.886,71,38312AA,LALA,10.41,3,NA
1238207334290487,38312,2024,2022,NA,1800053465290487,63.30085,-156.886,71,38312AB,LALA,11.18,8.3,NA
1642865649290487,40158,2024,2022,NA,1800056952290487,63.941300000000005,-155.351,95,40158AA,PIMA,10.41,5.8,NA
1642865649290487,40158,2024,2022,NA,1800056953290487,63.941300000000005,-155.351,95,40158AB,PIMA,10.41,3.7,NA
1642865649290487,40158,2024,2022,NA,1800056954290487,63.941300000000005,-155.351,95,40158AC,PIMA,10.41,3,NA
683089247126144,40751,2024,2020,NA,1800042784290487,59.329359999999994,-157.3776,94,40751AA,PIGL,21.34,10.5,NA
683089247126144,40751,2024,2020,NA,1800042785290487,59.329359999999994,-157.3776,376,40751AB,BENE,14.22,4.2,NA
683089247126144,40751,2024,2020,NA,1800042786290487,59.329359999999994,-157.3776,94,40751AC,PIGL,23.37,27.4,NA
683089247126144,40751,2024,2020,NA,1800042787290487,59.329359999999994,-157.3776,376,40751AD,BENE,31.5,3.9,NA
683089247126144,40751,2024,2020,NA,1800042788290487,59.329359999999994,-157.3776,94,40751AE,PIGL,25.4,20.7,NA
683088698126144,40807,2024,2020,1800048176290487,1800048168290487,62.33157,-157.3048,94,40807AA,PIGL,21.34,10.8,NA
683088698126144,40807,2024,2020,1800048177290487,NA,62.33157,-157.3048,94,40807AB,PIGL,16.51,1.5,NA
683088698126144,40807,2024,2020,1800048180290487,1800048169290487,62.33157,-157.3048,94,40807AC,PIGL,23.11,8.9,NA
683088698126144,40807,2024,2020,NA,1800048167290487,62.33157,-157.3048,94,40807AD,PIGL,20.83,7.2,NA
683088698126144,40807,2024,2020,NA,1800048170290487,62.33157,-157.3048,94,40807AE,PIGL,28.96,28.5,NA
683088698126144,40807,2024,2020,NA,1800048171290487,62.33157,-157.3048,94,40807AF,PIGL,15.49,3.6,NA
683089005126144,41055,2024,2020,NA,1800035713290487,59.25168,-156.8372,94,41055AA,PIGL,6.6,3.8,NA
683089005126144,41055,2024,2020,NA,1800035714290487,59.25168,-156.8372,94,41055AB,PIGL,7.62,4.8,NA
683089005126144,41055,2024,2020,NA,1800035715290487,59.25168,-156.8372,94,41055AD,PIGL,8.13,2,NA
1238207371290487,41225,2024,2022,NA,1800054210290487,63.474109999999996,-156.2441,95,41225AA,PIMA,9.4,8.7,NA
1238207371290487,41225,2024,2022,1800054219290487,1800054211290487,63.474109999999996,-156.2441,95,41225AB,PIMA,14.22,4.5,NA
1238207371290487,41225,2024,2022,NA,1800054212290487,63.474109999999996,-156.2441,95,41225AC,PIMA,11.18,1.4,NA
1238207371290487,41225,2024,2022,NA,1800054213290487,63.474109999999996,-156.2441,95,41225AD,PIMA,11.94,7.9,NA
1238207371290487,41225,2024,2022,NA,1800054214290487,63.474109999999996,-156.2441,95,41225AE,PIMA,8.89,3.6,NA
683089775126144,42312,2024,2020,NA,1800042246290487,59.579879999999996,-159.14170000000001,376,42312AA,BENE,16.51,12.1,NA
683089910126144,42390,2024,2020,NA,1800044798290487,58.96828,-158.99020000000002,376,42390AA,BENE,14.48,4.7,NA
1238207446290487,42724,2024,2022,NA,1800056533290487,62.9669,-156.3514,94,42724AA,PIGL,22.86,5,NA
1238207446290487,42724,2024,2022,1800056544290487,1800056534290487,62.9669,-156.3514,94,42724AB,PIGL,31.24,17.2,NA
1238207446290487,42724,2024,2022,1800056545290487,1800056535290487,62.9669,-156.3514,94,42724AC,PIGL,23.37,1.3,NA
1238207446290487,42724,2024,2022,NA,1800056536290487,62.9669,-156.3514,94,42724AD,PIGL,10.16,2.5,NA
1238207446290487,42724,2024,2022,NA,1800056537290487,62.9669,-156.3514,94,42724AE,PIGL,12.45,0.8,NA
1238207446290487,42724,2024,2022,NA,1800056538290487,62.9669,-156.3514,94,42724AF,PIGL,10.67,0.7,NA
1238207446290487,42724,2024,2022,1800056547290487,NA,62.9669,-156.3514,94,42724AH,PIGL,21.84,0.9,NA
1238207446290487,42724,2024,2022,1800056550290487,NA,62.9669,-156.3514,94,42724AI,PIGL,12.95,3.3,NA
683089698126144,43168,2024,2020,NA,1800039822290487,61.088159999999995,-161.0358,95,43168AA,PIMA,8.13,2.1,NA
683089698126144,43168,2024,2020,NA,1800039823290487,61.088159999999995,-161.0358,95,43168AB,PIMA,6.86,7.2,NA
683089698126144,43168,2024,2020,NA,1800039824290487,61.088159999999995,-161.0358,95,43168AC,PIMA,7.62,1.4,NA
683089698126144,43168,2024,2020,1800039832290487,NA,61.088159999999995,-161.0358,95,43168AD,PIMA,17.02,11.7,NA
683089517126144,43265,2024,2020,1800047826290487,NA,59.449749999999995,-157.5906,94,43265AA,PIGL,22.86,0.5,NA
683089517126144,43265,2024,2020,NA,1800047811290487,59.449749999999995,-157.5906,94,43265AB,PIGL,18.03,15.3,NA
683089517126144,43265,2024,2020,NA,1800047812290487,59.449749999999995,-157.5906,94,43265AC,PIGL,18.54,15.8,NA
683089517126144,43265,2024,2020,1800047839290487,1800047813290487,59.449749999999995,-157.5906,94,43265AD,PIGL,14.99,12.2,NA
683089517126144,43265,2024,2020,NA,1800047814290487,59.449749999999995,-157.5906,94,43265AE,PIGL,18.8,3.7,NA
683089517126144,43265,2024,2020,1800047835290487,1800047815290487,59.449749999999995,-157.5906,94,43265AF,PIGL,21.59,3.6,NA
683089517126144,43265,2024,2020,1800047823290487,1800047816290487,59.449749999999995,-157.5906,94,43265AH,PIGL,18.29,17.4,NA
683089517126144,43265,2024,2020,1800047824290487,NA,59.449749999999995,-157.5906,94,43265AI,PIGL,13.72,0.8,NA
683089169126144,43615,2024,2020,1800041177290487,1800041168290487,59.74015,-158.3938,94,43615AA,PIGL,31.24,14.6,NA
683089169126144,43615,2024,2020,NA,1800041169290487,59.74015,-158.3938,94,43615AB,PIGL,23.62,4.7,NA
683089169126144,43615,2024,2020,NA,1800041170290487,59.74015,-158.3938,94,43615AC,PIGL,24.38,10,NA
683089169126144,43615,2024,2020,1800041193290487,1800041171290487,59.74015,-158.3938,94,43615AD,PIGL,24.64,1.4,NA
683089169126144,43615,2024,2020,1800041192290487,NA,59.74015,-158.3938,94,43615AE,PIGL,13.97,4,NA
683089610126144,45135,2024,2020,NA,1800036563290487,59.33153,-158.51510000000002,94,45135AA,PIGL,19.56,10.9,NA
683089610126144,45135,2024,2020,NA,1800036564290487,59.33153,-158.51510000000002,94,45135AB,PIGL,22.35,6.7,NA
683089610126144,45135,2024,2020,NA,1800036565290487,59.33153,-158.51510000000002,94,45135AC,PIGL,22.61,0.9,NA
683089610126144,45135,2024,2020,NA,1800036566290487,59.33153,-158.51510000000002,94,45135AD,PIGL,21.84,17.4,NA
683089610126144,45135,2024,2020,NA,1800036567290487,59.33153,-158.51510000000002,376,45135AE,BENE,19.56,4.5,NA
683089610126144,45135,2024,2020,1800036581290487,NA,59.33153,-158.51510000000002,94,45135AF,PIGL,33.53,4.2,NA
683089610126144,45135,2024,2020,NA,1800036568290487,59.33153,-158.51510000000002,94,45135AG,PIGL,16.51,1.2,NA
683089610126144,45135,2024,2020,1800036586290487,1800036569290487,59.33153,-158.51510000000002,94,45135AI,PIGL,15.24,0.6,NA
683089610126144,45135,2024,2020,1800036596290487,1800036570290487,59.33153,-158.51510000000002,94,45135AK,PIGL,13.97,2.2,NA
683089004126144,45686,2024,2020,1800035563290487,NA,59.344879999999996,-158.03830000000002,94,45686AA,PIGL,19.05,3.1,NA
683089004126144,45686,2024,2020,NA,1800035553290487,59.344879999999996,-158.03830000000002,94,45686AB,PIGL,31.24,6.4,NA
683089004126144,45686,2024,2020,NA,1800035554290487,59.344879999999996,-158.03830000000002,94,45686AC,PIGL,23.88,17.3,NA
683089004126144,45686,2024,2020,NA,1800035555290487,59.344879999999996,-158.03830000000002,94,45686AD,PIGL,27.94,0.8,NA
683089004126144,45686,2024,2020,1800035573290487,NA,59.344879999999996,-158.03830000000002,94,45686AE,PIGL,27.43,6.4,NA
683089504126144,45701,2024,2020,NA,1800047413290487,59.93367,-157.9939,94,45701AA,PIGL,22.61,21,NA
683089504126144,45701,2024,2020,NA,1800047414290487,59.93367,-157.9939,94,45701AB,PIGL,19.81,22.1,NA
683089504126144,45701,2024,2020,NA,1800047415290487,59.93367,-157.9939,94,45701AC,PIGL,19.05,11.6,NA
1238207320290487,45850,2024,2022,1800050843290487,1800050814290487,63.05343,-156.389,95,45850AA,PIMA,13.72,8.4,NA
1238207320290487,45850,2024,2022,NA,1800050815290487,63.05343,-156.389,95,45850AB,PIMA,12.7,4.9,NA
1238207320290487,45850,2024,2022,NA,1800050816290487,63.05343,-156.389,95,45850AC,PIMA,14.73,8,NA
683089611126144,46338,2024,2020,NA,1800036727290487,61.72031,-157.88060000000002,94,46338AA,PIGL,30.23,39.9,NA
683089611126144,46338,2024,2020,1800036744290487,1800036732290487,61.72031,-157.88060000000002,94,46338AC,PIGL,24.13,37.1,NA
683089611126144,46338,2024,2020,NA,1800036729290487,61.72031,-157.88060000000002,95,46338AD,PIMA,9.91,8,NA
683089611126144,46338,2024,2020,NA,1800036728290487,61.72031,-157.88060000000002,95,46338AE,PIMA,9.91,2.9,NA
683089611126144,46338,2024,2020,NA,1800036730290487,61.72031,-157.88060000000002,95,46338AF,PIMA,7.87,1.5,NA
683089611126144,46338,2024,2020,1800036745290487,1800036731290487,61.72031,-157.88060000000002,94,46338AG,PIGL,13.46,7.9,NA
1238207372290487,46759,2024,2022,NA,1800056819290487,63.35971,-157.3009,71,46759AA,LALA,9.4,0.4,NA
1238207254290487,47383,2024,2022,NA,1800050072290487,63.36197,-156.7373,95,47383AA,PIMA,9.4,0.8,NA
1238207254290487,47383,2024,2022,NA,1800050073290487,63.36197,-156.7373,95,47383AB,PIMA,11.94,2.7,NA
1238207254290487,47383,2024,2022,NA,1800050074290487,63.36197,-156.7373,95,47383AC,PIMA,7.87,1,NA
1238207254290487,47383,2024,2022,1800050079290487,NA,63.36197,-156.7373,95,47383AD,PIMA,12.7,7.2,NA
1238207305290487,47490,2024,2022,NA,1800050515290487,63.12117,-156.8032,95,47490AA,PIMA,9.4,0.7,NA
1238207305290487,47490,2024,2022,NA,1800050516290487,63.12117,-156.8032,95,47490AB,PIMA,8.38,4.7,NA
1238207305290487,47490,2024,2022,NA,1800050517290487,63.12117,-156.8032,95,47490AC,PIMA,8.89,1.1,NA
1238207507290487,47596,2024,2022,NA,1800052544290487,63.222109999999994,-157.6003,95,47596AA,PIMA,9.65,4.6,NA
1238207507290487,47596,2024,2022,NA,1800052545290487,63.222109999999994,-157.6003,95,47596AB,PIMA,9.65,1.9,NA
1238207507290487,47596,2024,2022,NA,1800052546290487,63.222109999999994,-157.6003,95,47596AC,PIMA,12.45,7.3,NA
683089191126144,48165,2024,2020,1800041965290487,1800041952290487,59.49738,-159.10080000000002,94,48165AA,PIGL,26.67,2.3,NA
683089191126144,48165,2024,2020,1800041971290487,1800041954290487,59.49738,-159.10080000000002,94,48165AB,PIGL,31.75,20.3,NA
683089191126144,48165,2024,2020,NA,1800041953290487,59.49738,-159.10080000000002,94,48165AC,PIGL,31.24,18.1,NA
1642865575290487,49113,2024,2022,NA,1800057713290487,63.781200000000005,-156.024,95,49113AA,PIMA,10.67,12.8,NA
1642865575290487,49113,2024,2022,NA,1800057714290487,63.781200000000005,-156.024,95,49113AB,PIMA,10.92,2,NA
1642865575290487,49113,2024,2022,NA,1800057715290487,63.781200000000005,-156.024,95,49113AC,PIMA,10.16,8.6,NA
683089019126144,50616,2024,2020,NA,1800036909290487,59.80911,-158.9302,94,50616AA,PIGL,33.78,30.3,NA
683089019126144,50616,2024,2020,1800036916290487,1800036910290487,59.80911,-158.9302,94,50616AB,PIGL,26.16,5.3,NA
683089019126144,50616,2024,2020,1800036918290487,1800036911290487,59.80911,-158.9302,94,50616AC,PIGL,31.5,11.3,NA
683089019126144,50616,2024,2020,1800036919290487,NA,59.80911,-158.9302,94,50616AD,PIGL,51.82,27.5,NA
683089019126144,50616,2024,2020,1800036920290487,NA,59.80911,-158.9302,94,50616AE,PIGL,18.03,14,NA
683089019126144,50616,2024,2020,1800036917290487,NA,59.80911,-158.9302,94,50616AF,PIGL,12.95,NA,core missing
1238207317290487,50904,2024,2022,NA,1800050660290487,63.265969999999996,-157.24540000000002,95,50904AA,PIMA,8.64,0.9,NA
1238207317290487,50904,2024,2022,NA,1800050661290487,63.265969999999996,-157.24540000000002,95,50904AB,PIMA,8.89,7.5,NA
1238207317290487,50904,2024,2022,NA,1800050662290487,63.265969999999996,-157.24540000000002,95,50904AC,PIMA,10.41,9,NA
1238207253290487,51569,2024,2022,1800049909290487,1800049892290487,63.154849999999996,-156.4481,95,51569AA,PIMA,13.46,3.7,NA
1238207253290487,51569,2024,2022,NA,1800049893290487,63.154849999999996,-156.4481,95,51569AB,PIMA,10.41,1.6,NA
1238207253290487,51569,2024,2022,1800049928290487,1800049894290487,63.154849999999996,-156.4481,94,51569AC,PIGL,26.16,2.4,NA
1238207253290487,51569,2024,2022,NA,1800049895290487,63.154849999999996,-156.4481,94,51569AD,PIGL,30.23,17.8,NA
1238207253290487,51569,2024,2022,NA,1800049896290487,63.154849999999996,-156.4481,94,51569AE,PIGL,32,11.2,NA
1238207253290487,51569,2024,2022,NA,1800049897290487,63.154849999999996,-156.4481,95,51569AF,PIMA,9.91,0.7,NA
683089485126144,51896,2024,2020,NA,1800046911290487,59.35008,-158.69740000000002,94,51896AA,PIGL,28.7,25.1,NA
683089485126144,51896,2024,2020,NA,1800046912290487,59.35008,-158.69740000000002,376,51896AB,BENE,14.22,1.5,NA
1642864151290487,52178,2024,2022,NA,1800057531290487,63.69867,-155.4146,95,52178AA,PIMA,8.89,4.2,NA
1642864151290487,52178,2024,2022,1800057548290487,1800057532290487,63.69867,-155.4146,95,52178AB,PIMA,12.7,7.1,NA
1642864151290487,52178,2024,2022,NA,1800057533290487,63.69867,-155.4146,95,52178AC,PIMA,10.67,6.8,NA
1642864151290487,52178,2024,2022,NA,1800057534290487,63.69867,-155.4146,95,52178AD,PIMA,6.86,0.8,NA
1238207491290487,52392,2024,2022,NA,1800051870290487,63.271989999999995,-156.715,95,52392AA,PIMA,8.89,7.4,NA
1238207491290487,52392,2024,2022,NA,1800051871290487,63.271989999999995,-156.715,95,52392AB,PIMA,9.91,5.5,NA
1238207491290487,52392,2024,2022,NA,1800051872290487,63.271989999999995,-156.715,95,52392AC,PIMA,10.41,9.1,NA
1238207508290487,52939,2024,2022,1800052699290487,1800052694290487,62.83667,-156.66070000000002,94,52939AA,PIGL,23.37,1.3,NA
1238207508290487,52939,2024,2022,1800052709290487,1800052691290487,62.83667,-156.66070000000002,94,52939AB,PIGL,28.7,10,NA
1238207508290487,52939,2024,2022,NA,1800052692290487,62.83667,-156.66070000000002,94,52939AC,PIGL,41.66,1.7,NA
1238207508290487,52939,2024,2022,NA,1800052693290487,62.83667,-156.66070000000002,94,52939AD,PIGL,25.91,0.7,NA
683089496126144,53139,2024,2020,NA,1800049707290487,59.2316,-155.6942,94,53139AG,PIGL,10.41,6.3,NA
683089496126144,53139,2024,2020,1800049714290487,NA,59.2316,-155.6942,94,53139AA,PIGL,15.75,6.9,NA
683089496126144,53139,2024,2020,1800049725290487,1800049705290487,59.2316,-155.6942,94,53139AC,PIGL,16,7.1,NA
683089496126144,53139,2024,2020,NA,1800049706290487,59.2316,-155.6942,94,53139AD,PIGL,20.07,10.1,NA
683089496126144,53139,2024,2020,NA,1800049708290487,59.2316,-155.6942,94,53139AE,PIGL,13.21,9.9,NA
683089496126144,53139,2024,2020,NA,1800049709290487,59.2316,-155.6942,94,53139AH,PIGL,10.16,6.2,NA
683089057126144,53273,2024,2020,1800037791290487,1800037782290487,60.1058,-158.5874,94,53273AA,PIGL,19.3,1.1,NA
683089057126144,53273,2024,2020,1800037799290487,1800037783290487,60.1058,-158.5874,94,53273AB,PIGL,17.27,0.4,NA
683089057126144,53273,2024,2020,NA,1800037784290487,60.1058,-158.5874,94,53273AC,PIGL,18.03,1.1,NA
683089057126144,53273,2024,2020,1800037794290487,NA,60.1058,-158.5874,94,53273AD,PIGL,28.45,17.7,NA
683089057126144,53273,2024,2020,1800037792290487,NA,60.1058,-158.5874,94,53273AE,PIGL,25.15,1.1,NA
683089643126144,53397,2024,2020,NA,1800038092290487,60.14141,-155.4147,94,53397AA,PIGL,11.18,2.4,NA
683089643126144,53397,2024,2020,NA,1800038093290487,60.14141,-155.4147,94,53397AB,PIGL,10.67,0.9,NA
683089643126144,53397,2024,2020,NA,1800038094290487,60.14141,-155.4147,94,53397AC,PIGL,8.38,0.6,NA
683089643126144,53397,2024,2020,NA,1800038095290487,60.14141,-155.4147,376,53397AD,BENE,4.06,1.2,NA
683089390126144,54552,2024,2020,1800054633290487,1800054621290487,59.43338,-158.0834,94,54552AA,PIGL,23.62,7.5,NA
683089390126144,54552,2024,2020,NA,1800054622290487,59.43338,-158.0834,94,54552AC,PIGL,23.37,1.6,NA
683089390126144,54552,2024,2020,NA,1800054623290487,59.43338,-158.0834,94,54552AD,PIGL,21.84,23.5,NA
683089390126144,54552,2024,2020,NA,1800054624290487,59.43338,-158.0834,94,54552AE,PIGL,18.54,6.5,NA
683089246126144,55303,2024,2020,1800042643290487,1800042632290487,60.26492,-157.31210000000002,94,55303AA,PIGL,17.02,12.7,NA
683089246126144,55303,2024,2020,NA,1800042633290487,60.26492,-157.31210000000002,94,55303AB,PIGL,9.65,13.4,NA
683089246126144,55303,2024,2020,NA,1800042634290487,60.26492,-157.31210000000002,94,55303AC,PIGL,10.67,6.4,NA
683089246126144,55303,2024,2020,NA,1800042635290487,60.26492,-157.31210000000002,94,55303AD,PIGL,8.89,6.5,NA
683089035126144,55414,2024,2020,NA,1800037189290487,60.33166,-161.0885,94,55414AA,PIGL,19.3,1.4,NA
683089035126144,55414,2024,2020,NA,1800037190290487,60.33166,-161.0885,94,55414AB,PIGL,21.34,2.1,NA
683089035126144,55414,2024,2020,NA,1800037191290487,60.33166,-161.0885,94,55414AC,PIGL,21.08,1.7,NA
683089035126144,55414,2024,2020,NA,1800037192290487,60.33166,-161.0885,94,55414AD,PIGL,9.65,1.4,NA
683089035126144,55414,2024,2020,NA,1800037193290487,60.33166,-161.0885,94,55414AE,PIGL,11.68,1.6,NA
683089035126144,55414,2024,2020,NA,1800037194290487,60.33166,-161.0885,94,55414AF,PIGL,11.68,1.6,NA
683089035126144,55414,2024,2020,1800037201290487,NA,60.33166,-161.0885,94,55414AG,PIGL,14.22,10.1,NA
1238207421290487,55535,2024,2022,1800052954290487,1800052944290487,63.526239999999994,-156.0746,94,55535AA,PIGL,15.75,2.2,NA
1238207421290487,55535,2024,2022,NA,1800052945290487,63.526239999999994,-156.0746,376,55535AB,BENE,9.14,8.6,NA
1238207421290487,55535,2024,2022,NA,1800052946290487,63.526239999999994,-156.0746,94,55535AC,PIGL,18.03,13.9,NA
1238207421290487,55535,2024,2022,NA,1800052947290487,63.526239999999994,-156.0746,94,55535AD,PIGL,13.21,1.1,NA
1238207421290487,55535,2024,2022,NA,1800052948290487,63.526239999999994,-156.0746,94,55535AE,PIGL,9.14,6.4,NA
1238207421290487,55535,2024,2022,NA,1800052949290487,63.526239999999994,-156.0746,95,55535AF,PIMA,11.68,1.8,NA
683089500126144,55588,2024,2020,1800047266290487,1800047260290487,59.147529999999996,-159.0874,94,55588AA,PIGL,19.56,1,NA
683089500126144,55588,2024,2020,NA,1800047261290487,59.147529999999996,-159.0874,94,55588AC,PIGL,14.22,1,NA
683089500126144,55588,2024,2020,1800047269290487,NA,59.147529999999996,-159.0874,94,55588AD,PIGL,16.26,2,NA
683089500126144,55588,2024,2020,1800047286290487,NA,59.147529999999996,-159.0874,94,55588AE,PIGL,23.88,4.9,NA
683089370126144,55800,2024,2020,NA,1800045139290487,59.06966,-156.7639,94,55800AA,PIGL,7.62,7.1,NA
683089370126144,55800,2024,2020,NA,1800045140290487,59.06966,-156.7639,94,55800AB,PIGL,9.4,0.9,NA
683089370126144,55800,2024,2020,NA,1800045141290487,59.06966,-156.7639,94,55800AC,PIGL,10.41,5,NA
683089370126144,55800,2024,2020,1800045149290487,NA,59.06966,-156.7639,94,55800AD,PIGL,16,6.3,NA
683089648126144,57124,2024,2020,NA,1800038224290487,59.036,-156.58440000000002,94,57124AA,PIGL,10.92,2.5,NA
683089648126144,57124,2024,2020,NA,1800038225290487,59.036,-156.58440000000002,94,57124AB,PIGL,12.45,5.3,NA
683089648126144,57124,2024,2020,NA,1800038226290487,59.036,-156.58440000000002,94,57124AC,PIGL,11.94,6.7,NA
683089648126144,57124,2024,2020,1800038231290487,NA,59.036,-156.58440000000002,94,57124AD,PIGL,19.56,6.1,NA
683089648126144,57124,2024,2020,1800038239290487,NA,59.036,-156.58440000000002,94,57124AE,PIGL,14.99,6.1,NA
683089421126144,57977,2024,2020,NA,1800045841290487,59.166869999999996,-156.309,94,57977AA,PIGL,12.45,8.6,NA
683089421126144,57977,2024,2020,1800045850290487,NA,59.166869999999996,-156.309,94,57977AC,PIGL,22.86,2.7,NA
683089421126144,57977,2024,2020,NA,1800045842290487,59.166869999999996,-156.309,94,57977AD,PIGL,10.92,18.5,NA
683089421126144,57977,2024,2020,NA,1800045843290487,59.166869999999996,-156.309,94,57977AE,PIGL,12.45,8.3,NA
683089395126144,59184,2024,2020,1800045330290487,1800045323290487,59.051,-155.62640000000002,94,59184AA,PIGL,16.51,12.2,NA
683089395126144,59184,2024,2020,NA,1800045324290487,59.051,-155.62640000000002,94,59184AB,PIGL,21.34,6.1,NA
683089395126144,59184,2024,2020,NA,1800045325290487,59.051,-155.62640000000002,94,59184AC,PIGL,18.29,2.7,NA
683089110126144,59325,2024,2020,NA,1800040138290487,59.97002,-158.87460000000002,94,59325AA,PIGL,22.61,7.2,NA
683089110126144,59325,2024,2020,NA,1800040139290487,59.97002,-158.87460000000002,94,59325AB,PIGL,17.78,2.4,NA
683089110126144,59325,2024,2020,1800040155290487,1800040140290487,59.97002,-158.87460000000002,94,59325AC,PIGL,25.91,21.8,NA
683089110126144,59325,2024,2020,1800040158290487,1800040141290487,59.97002,-158.87460000000002,94,59325AD,PIGL,16.51,12.3,NA
683089189126144,59357,2024,2020,1800055960290487,1800055950290487,59.644949999999994,-158.3538,94,59357AA,PIGL,13.21,10.2,NA
683089189126144,59357,2024,2020,1800055963290487,1800055951290487,59.644949999999994,-158.3538,94,59357AB,PIGL,19.56,1,NA
683089189126144,59357,2024,2020,NA,1800055952290487,59.644949999999994,-158.3538,94,59357AC,PIGL,17.78,1.6,NA
683089189126144,59357,2024,2020,NA,1800055953290487,59.644949999999994,-158.3538,94,59357AD,PIGL,19.81,1.9,NA
683089189126144,59357,2024,2020,NA,1800055954290487,59.644949999999994,-158.3538,94,59357AE,PIGL,18.54,0.4,NA
683089040126144,61452,2024,2020,NA,1800037351290487,61.73269,-157.3655,94,61452AB,PIGL,37.59,13.9,NA
683089422126144,61648,2024,2020,NA,1800046010290487,60.012319999999995,-156.18370000000002,94,61648AA,PIGL,18.54,0.8,NA
683089422126144,61648,2024,2020,NA,1800046011290487,60.012319999999995,-156.18370000000002,94,61648AB,PIGL,30.23,7.7,NA
683089422126144,61648,2024,2020,NA,1800046012290487,60.012319999999995,-156.18370000000002,94,61648AC,PIGL,30.73,19.4,NA
683089198126144,63012,2024,2020,1800049571290487,1800049560290487,59.0805,-157.40890000000002,94,63012AA,PIGL,31.24,1.9,NA
683089198126144,63012,2024,2020,NA,1800049561290487,59.0805,-157.40890000000002,94,63012AB,PIGL,9.14,1.6,NA
683089198126144,63012,2024,2020,NA,1800049562290487,59.0805,-157.40890000000002,94,63012AC,PIGL,22.61,16.9,NA
683089198126144,63012,2024,2020,NA,1800049563290487,59.0805,-157.40890000000002,94,63012AD,PIGL,19.56,2.4,NA
683089198126144,63012,2024,2020,NA,1800049564290487,59.0805,-157.40890000000002,94,63012AE,PIGL,20.57,3.9,NA
683089198126144,63012,2024,2020,NA,1800049565290487,59.0805,-157.40890000000002,94,63012AF,PIGL,9.65,20.9,NA
683089198126144,63012,2024,2020,NA,1800049566290487,59.0805,-157.40890000000002,94,63012AG,PIGL,6.86,4.1,NA
683089311126144,63104,2024,2020,NA,1800043942290487,59.488589999999995,-158.4232,94,63104AA,PIGL,21.84,2.6,NA
683089311126144,63104,2024,2020,NA,1800043943290487,59.488589999999995,-158.4232,94,63104AB,PIGL,21.34,5.7,NA
683089311126144,63104,2024,2020,NA,1800043944290487,59.488589999999995,-158.4232,94,63104AC,PIGL,22.61,6.7,NA
683089311126144,63104,2024,2020,1800043950290487,NA,59.488589999999995,-158.4232,94,63104AD,PIGL,23.11,20.5,NA
683089311126144,63104,2024,2020,1800043949290487,NA,59.488589999999995,-158.4232,94,63104AE,PIGL,12.7,1.5,NA
683089369126144,63721,2024,2020,1800044972290487,1800044951290487,59.06605,-157.89430000000002,94,63721AA,PIGL,18.54,1.3,NA
683089369126144,63721,2024,2020,1800044986290487,1800044952290487,59.06605,-157.89430000000002,94,63721AB,PIGL,14.73,10.5,NA
683089369126144,63721,2024,2020,NA,1800044953290487,59.06605,-157.89430000000002,94,63721AC,PIGL,19.05,21.8,NA
683089369126144,63721,2024,2020,NA,1800044954290487,59.06605,-157.89430000000002,94,63721AD,PIGL,20.07,9.3,NA
683089369126144,63721,2024,2020,NA,1800044955290487,59.06605,-157.89430000000002,94,63721AE,PIGL,21.08,1.4,NA
683089738126144,63780,2024,2020,1800040816290487,1800040804290487,59.04475,-156.11350000000002,94,63780AA,PIGL,13.72,6.1,NA
683089738126144,63780,2024,2020,NA,1800040803290487,59.04475,-156.11350000000002,94,63780AC,PIGL,11.68,1.2,NA
683089738126144,63780,2024,2020,NA,1800040805290487,59.04475,-156.11350000000002,94,63780AD,PIGL,8.38,1.7,NA
683089738126144,63780,2024,2020,NA,1800040806290487,59.04475,-156.11350000000002,94,63780AE,PIGL,7.37,4.2,NA
683089738126144,63780,2024,2020,NA,1800040807290487,59.04475,-156.11350000000002,94,63780AF,PIGL,14.48,8.3,NA
1642864747290487,63920,2024,2022,NA,1800057344290487,63.877689999999994,-155.4879,95,63920AA,PIMA,10.16,9.5,NA
1642864747290487,63920,2024,2022,NA,1800057345290487,63.877689999999994,-155.4879,95,63920AB,PIMA,10.16,0.9,NA
1642864747290487,63920,2024,2022,1800057354290487,1800057346290487,63.877689999999994,-155.4879,95,63920AC,PIMA,12.7,2.7,NA
1642864747290487,63920,2024,2022,NA,1800057347290487,63.877689999999994,-155.4879,95,63920AD,PIMA,7.87,2.9,NA
1642864747290487,63920,2024,2022,NA,1800057348290487,63.877689999999994,-155.4879,95,63920AE,PIMA,12.7,3.5,NA
923529342290487,169,2025,2022,NA,1922470277290487,62.22962,-158.5192,95,00169AA,PIMA,6.86,1.8,NA
923529342290487,169,2025,2022,NA,1922470278290487,62.22962,-158.5192,95,00169AB,PIMA,8.13,2.6,NA
923529342290487,169,2025,2022,NA,1922470279290487,62.22962,-158.5192,95,00169AC,PIMA,8.38,2.2,NA
1318851298290487,405,2025,2022,NA,1922486876290487,64.21880999999999,-152.6154,95,00405AD,PIMA,8.64,3,NA
1318851298290487,405,2025,2022,NA,1922486877290487,64.21880999999999,-152.6154,95,00405AE,PIMA,13.97,2,NA
1238207424290487,1206,2025,2022,1922477644290487,1922477633290487,62.63937,-158.3941,95,01206AA,PIMA,14.99,1,NA
1238207424290487,1206,2025,2022,1922477643290487,1922477634290487,62.63937,-158.3941,95,01206AB,PIMA,18.8,1.1,NA
1238207424290487,1206,2025,2022,NA,1922477635290487,62.63937,-158.3941,95,01206AC,PIMA,17.53,7.1,NA
1238207424290487,1206,2025,2022,NA,1922477636290487,62.63937,-158.3941,95,01206AD,PIMA,9.4,2.2,NA
1238207424290487,1206,2025,2022,NA,1922477637290487,62.63937,-158.3941,95,01206AE,PIMA,9.4,2.6,NA
1238207424290487,1206,2025,2022,NA,1922477638290487,62.63937,-158.3941,95,01206AF,PIMA,10.41,6.4,NA
923529349290487,1250,2025,2022,NA,1922484618290487,62.43618,-158.8081,95,01250AA,PIMA,10.41,10.6,NA
923529349290487,1250,2025,2022,NA,1922484619290487,62.43618,-158.8081,95,01250AB,PIMA,9.4,3.5,NA
923529349290487,1250,2025,2022,NA,1922484620290487,62.43618,-158.8081,95,01250AC,PIMA,5.33,1.2,NA
1642866017290487,3933,2025,2022,NA,1922483953290487,63.84919,-155.8709,71,03933AB,LALA,9.14,0.8,NA
1642866017290487,3933,2025,2022,NA,1922483954290487,63.84919,-155.8709,95,03933AD,PIMA,3.81,1.2,NA
1642866017290487,3933,2025,2022,NA,1922483955290487,63.84919,-155.8709,71,03933AE,LALA,10.67,2.6,NA
923529330290487,4699,2025,2022,NA,1922469723290487,62.5596,-157.7861,95,04699AA,PIMA,6.6,0.7,NA
923529330290487,4699,2025,2022,NA,1922469724290487,62.5596,-157.7861,95,04699AB,PIMA,7.37,0.9,NA
923529330290487,4699,2025,2022,NA,1922469725290487,62.5596,-157.7861,95,04699AC,PIMA,8.89,3.5,NA
683089493126144,5056,2025,2020,NA,1922467010290487,61.445159999999994,-161.9844,94,05056AA,PIGL,30.48,8.9,NA
683089493126144,5056,2025,2020,NA,1922467009290487,61.445159999999994,-161.9844,94,05056AB,PIGL,31.75,3.3,NA
683089493126144,5056,2025,2020,1922467034290487,1922467011290487,61.445159999999994,-161.9844,94,05056AC,PIGL,43.43,3.3,NA
1318851410290487,5116,2025,2022,1922487937290487,1922487929290487,61.76801,-162.7475,94,05116AA,PIGL,18.8,2,NA
1318851410290487,5116,2025,2022,NA,1922487930290487,61.76801,-162.7475,94,05116AB,PIGL,17.02,4.8,NA
1318851410290487,5116,2025,2022,NA,1922487931290487,61.76801,-162.7475,94,05116AC,PIGL,16.76,10.3,NA
1642865699290487,6381,2025,2022,NA,1922492694290487,63.56881,-154.6122,95,06381AA,PIMA,11.68,10.9,NA
1642865699290487,6381,2025,2022,NA,1922492695290487,63.56881,-154.6122,95,06381AB,PIMA,9.14,9.2,NA
1642865699290487,6381,2025,2022,NA,1922492696290487,63.56881,-154.6122,95,06381AC,PIMA,9.4,4,NA
1238207493290487,9032,2025,2022,1922473742290487,1922473713290487,62.58266,-159.273,71,09032AA,LALA,14.73,2.2,NA
1238207493290487,9032,2025,2022,NA,1922473714290487,62.58266,-159.273,95,09032AB,PIMA,12.7,2,NA
1238207493290487,9032,2025,2022,NA,1922473715290487,62.58266,-159.273,95,09032AC,PIMA,13.72,2.2,NA
1642866382290487,9147,2025,2022,NA,1922482847290487,63.75848,-155.8247,95,09147AA,PIMA,9.4,1.4,NA
1642866382290487,9147,2025,2022,NA,1922482848290487,63.75848,-155.8247,95,09147AB,PIMA,8.13,0.7,NA
1318851157290487,9601,2025,2022,1922485292290487,1922485272290487,62.34536,-162.6047,94,09601AA,PIGL,44.2,2,NA
1318851157290487,9601,2025,2022,NA,1922485273290487,62.34536,-162.6047,94,09601AB,PIGL,22.86,1.1,NA
1318851157290487,9601,2025,2022,NA,1922485274290487,62.34536,-162.6047,94,09601AC,PIGL,42.67,2.3,NA
1238207416290487,9678,2025,2022,NA,1922476049290487,62.536269999999995,-158.87900000000002,95,09678AA,PIMA,11.94,1.7,NA
1238207416290487,9678,2025,2022,NA,1922476050290487,62.536269999999995,-158.87900000000002,95,09678AB,PIMA,7.37,1.2,NA
1238207416290487,9678,2025,2022,NA,1922476051290487,62.536269999999995,-158.87900000000002,95,09678AC,PIMA,10.41,0.7,NA
923529335290487,11327,2025,2022,NA,1922469996290487,62.321819999999995,-158.5748,95,11327AA,PIMA,11.43,2.4,NA
923529335290487,11327,2025,2022,NA,1922469997290487,62.321819999999995,-158.5748,95,11327AB,PIMA,10.41,1.1,NA
923529335290487,11327,2025,2022,NA,1922469998290487,62.321819999999995,-158.5748,95,11327AC,PIMA,10.16,8.8,NA
923529322290487,12088,2025,2022,NA,1922469094290487,62.13847,-158.46290000000002,71,12088AA,LALA,6.86,6.8,NA
923529322290487,12088,2025,2022,NA,1922469095290487,62.13847,-158.46290000000002,71,12088AB,LALA,6.1,0.2,NA
923529322290487,12088,2025,2022,NA,1922469096290487,62.13847,-158.46290000000002,71,12088AC,LALA,6.6,0.2,NA
1238207324290487,12189,2025,2022,NA,1922472672290487,62.81088,-157.7501,95,12189AA,PIMA,11.43,1.2,NA
1238207324290487,12189,2025,2022,NA,1922472673290487,62.81088,-157.7501,95,12189AB,PIMA,10.67,1.1,NA
1238207324290487,12189,2025,2022,NA,1922472674290487,62.81088,-157.7501,95,12189AC,PIMA,10.41,1.7,NA
1642864539290487,12266,2025,2022,NA,1922483430290487,63.94509,-154.7722,71,12266AA,LALA,7.62,1.2,NA
1642864539290487,12266,2025,2022,NA,1922483429290487,63.94509,-154.7722,71,12266AB,LALA,9.14,0.4,NA
1642864539290487,12266,2025,2022,NA,1922483428290487,63.94509,-154.7722,71,12266AC,LALA,7.62,1.8,NA
1642864539290487,12266,2025,2022,NA,1922483431290487,63.94509,-154.7722,94,12266AD,PIGL,22.61,7.1,NA
1642864539290487,12266,2025,2022,NA,1922483432290487,63.94509,-154.7722,94,12266AE,PIGL,19.81,1.6,NA
1642864539290487,12266,2025,2022,NA,1922483433290487,63.94509,-154.7722,94,12266AF,PIGL,15.49,5.6,NA
1318851301290487,12810,2025,2022,NA,1922487313290487,64.07050000000001,-153.3266,95,12810AA,PIMA,12.45,1.7,NA
1318851301290487,12810,2025,2022,NA,1922487314290487,64.07050000000001,-153.3266,95,12810AB,PIMA,7.62,12.8,NA
1318851301290487,12810,2025,2022,NA,1922487315290487,64.07050000000001,-153.3266,95,12810AC,PIMA,8.13,1.3,NA
923529354290487,13826,2025,2022,NA,1922485014290487,62.09278,-158.7978,95,13826AA,PIMA,12.45,0.7,NA
923529354290487,13826,2025,2022,NA,1922485015290487,62.09278,-158.7978,95,13826AB,PIMA,10.92,1.4,NA
923529354290487,13826,2025,2022,NA,1922485016290487,62.09278,-158.7978,95,13826AC,PIMA,7.62,0.4,NA
923529323290487,15721,2025,2022,NA,1922482253290487,62.25492,-158.7168,95,15721AA,PIMA,9.14,5.7,NA
923529323290487,15721,2025,2022,NA,1922482254290487,62.25492,-158.7168,95,15721AB,PIMA,11.43,8.5,NA
923529323290487,15721,2025,2022,NA,1922482255290487,62.25492,-158.7168,95,15721AC,PIMA,11.43,1.4,NA
923529341290487,17292,2025,2022,NA,1922470141290487,62.245819999999995,-157.9961,95,17292AA,PIMA,5.59,4.6,NA
923529341290487,17292,2025,2022,NA,1922470142290487,62.245819999999995,-157.9961,95,17292AB,PIMA,8.38,0.6,NA
923529341290487,17292,2025,2022,NA,1922470143290487,62.245819999999995,-157.9961,95,17292AC,PIMA,7.87,5.4,NA
1238207481290487,17894,2025,2022,NA,1922473595290487,62.484049999999996,-159.9316,94,17894AA,PIGL,30.48,3,NA
1238207481290487,17894,2025,2022,1922473622290487,1922473596290487,62.484049999999996,-159.9316,94,17894AB,PIGL,20.07,0.5,NA
1238207433290487,18010,2025,2022,NA,1922477938290487,62.949169999999995,-157.4584,71,18010AA,LALA,6.1,1.3,NA
1238207433290487,18010,2025,2022,NA,1922477939290487,62.949169999999995,-157.4584,71,18010AC,LALA,5.59,0.6,NA
1238207502290487,18076,2025,2022,NA,1922489623290487,62.61774,-158.17520000000002,71,18076AA,LALA,10.41,9.7,NA
1238207502290487,18076,2025,2022,NA,1922489624290487,62.61774,-158.17520000000002,71,18076AB,LALA,8.13,1.3,NA
1238207502290487,18076,2025,2022,NA,1922489625290487,62.61774,-158.17520000000002,71,18076AC,LALA,9.65,8.3,NA
1318851183290487,18581,2025,2022,NA,1922485575290487,62.112429999999996,-162.80280000000002,94,18581AA,PIGL,27.18,6.9,NA
1318851299290487,18616,2025,2022,NA,1922487025290487,64.25285,-152.8056,95,18616AA,PIMA,7.11,1.9,NA
1318851299290487,18616,2025,2022,NA,1922487026290487,64.25285,-152.8056,95,18616AB,PIMA,6.86,1,NA
1318851299290487,18616,2025,2022,NA,1922487027290487,64.25285,-152.8056,95,18616AC,PIMA,6.86,0.8,NA
1238207250290487,19498,2025,2022,NA,1922470781290487,62.70854,-158.2461,95,19498AA,PIMA,13.97,12.3,NA
1238207250290487,19498,2025,2022,NA,1922470782290487,62.70854,-158.2461,95,19498AB,PIMA,18.54,4.8,NA
1238207250290487,19498,2025,2022,NA,1922470783290487,62.70854,-158.2461,95,19498AC,PIMA,11.43,2.1,NA
1238207250290487,19498,2025,2022,NA,1922470784290487,62.70854,-158.2461,95,19498AD,PIMA,11.68,13.6,NA
923529343290487,19941,2025,2022,NA,1922470410290487,62.3849,-158.4281,95,19941AA,PIMA,8.13,2,NA
923529343290487,19941,2025,2022,NA,1922470411290487,62.3849,-158.4281,95,19941AB,PIMA,6.6,5.3,NA
1238207269290487,21279,2025,2022,NA,1922471186290487,62.883089999999996,-157.60150000000002,95,21279AA,PIMA,9.4,0.9,NA
1238207269290487,21279,2025,2022,NA,1922471187290487,62.883089999999996,-157.60150000000002,95,21279AB,PIMA,8.13,4,NA
1238207269290487,21279,2025,2022,NA,1922471188290487,62.883089999999996,-157.60150000000002,95,21279AC,PIMA,7.87,7.1,NA
1238207296290487,22371,2025,2022,NA,1922471897290487,63.03411,-157.5061,95,22371AA,PIMA,7.62,2.7,NA
1238207296290487,22371,2025,2022,NA,1922471898290487,63.03411,-157.5061,95,22371AB,PIMA,7.87,6.2,NA
1318851125290487,23192,2025,2022,NA,1922481732290487,61.636089999999996,-162.29670000000002,94,23192AA,PIGL,25.4,1.6,NA
1318851125290487,23192,2025,2022,NA,1922481733290487,61.636089999999996,-162.29670000000002,376,23192AB,BENE,11.43,5.2,NA
1642864596290487,23460,2025,2022,NA,1922483621290487,63.763569999999994,-154.6775,95,23460AA,PIMA,10.92,1.3,NA
1642864596290487,23460,2025,2022,NA,1922483622290487,63.763569999999994,-154.6775,95,23460AB,PIMA,7.11,1,NA
1642864596290487,23460,2025,2022,NA,1922483623290487,63.763569999999994,-154.6775,95,23460AC,PIMA,6.6,1.9,NA
1238207335290487,24147,2025,2022,NA,1922479111290487,62.67267,-160.05780000000001,94,24147AA,PIGL,40.39,27.5,NA
1642864455290487,24488,2025,2022,1922491877290487,1922491870290487,62.69553,-161.9182,94,24488AA,PIGL,22.1,7.7,NA
1642864455290487,24488,2025,2022,NA,1922491871290487,62.69553,-161.9182,94,24488AB,PIGL,17.78,2.9,NA
1642864455290487,24488,2025,2022,NA,1922491872290487,62.69553,-161.9182,94,24488AC,PIGL,21.08,3.7,NA
1318851270290487,26408,2025,2022,1922485925290487,1922485892290487,64.32139,-153.2149,94,26408AA,PIGL,25.65,12.5,NA
1318851270290487,26408,2025,2022,1922485929290487,1922485893290487,64.32139,-153.2149,94,26408AB,PIGL,39.88,2,NA
1318851270290487,26408,2025,2022,NA,1922485894290487,64.32139,-153.2149,94,26408AC,PIGL,43.43,33,NA
1318851270290487,26408,2025,2022,NA,1922485895290487,64.32139,-153.2149,94,26408AD,PIGL,12.95,0.6,NA
1318851270290487,26408,2025,2022,NA,1922485896290487,64.32139,-153.2149,94,26408AE,PIGL,15.49,14.6,NA
1318851270290487,26408,2025,2022,NA,1922485897290487,64.32139,-153.2149,94,26408AF,PIGL,15.75,20.5,NA
1318851270290487,26408,2025,2022,NA,1922485898290487,64.32139,-153.2149,95,26408AG,PIMA,6.6,1.1,NA
1238207267290487,26563,2025,2022,NA,1922484362290487,62.574059999999996,-158.52960000000002,95,26563AA,PIMA,7.87,0.8,NA
1238207267290487,26563,2025,2022,NA,1922484363290487,62.574059999999996,-158.52960000000002,95,26563AB,PIMA,6.86,1.1,NA
1238207267290487,26563,2025,2022,NA,1922484364290487,62.574059999999996,-158.52960000000002,95,26563AC,PIMA,5.59,1,NA
1642865104290487,29408,2025,2022,NA,1922491591290487,63.8588,-154.7289,95,29408AA,PIMA,8.64,0.9,NA
1642865104290487,29408,2025,2022,NA,1922491592290487,63.8588,-154.7289,95,29408AB,PIMA,10.41,1.8,NA
1642865104290487,29408,2025,2022,NA,1922491593290487,63.8588,-154.7289,95,29408AC,PIMA,9.65,2.9,NA
1318851323290487,29612,2025,2022,NA,1922487743290487,64.36847999999999,-152.4861,95,29612AA,PIMA,14.99,0.3,NA
1318851323290487,29612,2025,2022,NA,1922487744290487,64.36847999999999,-152.4861,95,29612AB,PIMA,13.21,11.7,NA
1318851323290487,29612,2025,2022,NA,1922487745290487,64.36847999999999,-152.4861,95,29612AC,PIMA,16,0.7,NA
1318851276290487,29838,2025,2022,NA,1922486450290487,64.22330000000001,-153.193,95,29838AA,PIMA,8.38,1.1,NA
1318851276290487,29838,2025,2022,NA,1922486451290487,64.22330000000001,-153.193,95,29838AB,PIMA,11.18,1.8,NA
1318851276290487,29838,2025,2022,NA,1922486452290487,64.22330000000001,-153.193,95,29838AC,PIMA,8.89,2.3,NA
923529353290487,30981,2025,2022,NA,1922484842290487,62.4701,-157.7467,95,30981AA,PIMA,9.91,4.9,NA
923529353290487,30981,2025,2022,NA,1922484843290487,62.4701,-157.7467,95,30981AB,PIMA,8.38,3.3,NA
923529353290487,30981,2025,2022,NA,1922484844290487,62.4701,-157.7467,95,30981AC,PIMA,11.43,0.7,NA
1642864108290487,31183,2025,2022,1922483221290487,1922483209290487,63.5737,-154.0397,94,31183AA,PIGL,12.95,9.9,NA
1642864108290487,31183,2025,2022,NA,1922483207290487,63.5737,-154.0397,94,31183AB,PIGL,21.59,2.3,NA
1642864108290487,31183,2025,2022,NA,1922483208290487,63.5737,-154.0397,94,31183AC,PIGL,19.56,11,NA
1238207409290487,31216,2025,2022,NA,1922475924290487,62.686569999999996,-158.78990000000002,95,31216AA,PIMA,10.16,9.3,NA
1238207409290487,31216,2025,2022,NA,1922475925290487,62.686569999999996,-158.78990000000002,95,31216AB,PIMA,10.41,1.3,NA
1238207409290487,31216,2025,2022,NA,1922475926290487,62.686569999999996,-158.78990000000002,95,31216AC,PIMA,9.91,1.2,NA
1238207265290487,32338,2025,2022,NA,1922470928290487,61.91878,-160.14260000000002,94,32338AA,PIGL,29.46,7.7,NA
1238207265290487,32338,2025,2022,1922470944290487,1922470929290487,61.91878,-160.14260000000002,94,32338AB,PIGL,24.64,3.8,NA
1238207265290487,32338,2025,2022,NA,1922470930290487,61.91878,-160.14260000000002,94,32338AC,PIGL,30.73,31.7,NA
683089588126144,32669,2025,2020,1922467382290487,1922467351290487,63.4147,-153.0624,71,32669AA,LALA,13.21,8.9,NA
683089588126144,32669,2025,2020,NA,1922467352290487,63.4147,-153.0624,71,32669AB,LALA,8.64,5.3,NA
683089588126144,32669,2025,2020,NA,1922467353290487,63.4147,-153.0624,71,32669AC,LALA,10.16,2.9,NA
1318851305290487,33167,2025,2022,NA,1922484483290487,64.34257,-152.2767,95,33167AA,PIMA,9.14,0.5,NA
1318851305290487,33167,2025,2022,NA,1922484484290487,64.34257,-152.2767,95,33167AB,PIMA,4.57,4.4,NA
1318851305290487,33167,2025,2022,NA,1922484485290487,64.34257,-152.2767,95,33167AC,PIMA,5.59,1.8,NA
923529325290487,33878,2025,2022,NA,1922469272290487,62.441039999999994,-157.5541,94,33878AA,PIGL,21.08,15.2,NA
923529325290487,33878,2025,2022,1922469280290487,1922469273290487,62.441039999999994,-157.5541,94,33878AB,PIGL,12.7,0.5,NA
923529325290487,33878,2025,2022,1922469285290487,1922469274290487,62.441039999999994,-157.5541,94,33878AC,PIGL,32,6,NA
923529325290487,33878,2025,2022,NA,1922469275290487,62.441039999999994,-157.5541,94,33878AD,PIGL,15.49,0.7,NA
1238207407290487,34625,2025,2022,NA,1922475795290487,62.74368,-159.9259,95,34625AA,PIMA,10.16,8.9,NA
1238207407290487,34625,2025,2022,NA,1922475796290487,62.74368,-159.9259,95,34625AB,PIMA,9.91,5.2,NA
1642864767290487,36971,2025,2022,NA,1922482986290487,63.95106,-154.2066,95,36971AA,PIMA,10.41,1.5,NA
1642864767290487,36971,2025,2022,NA,1922482987290487,63.95106,-154.2066,95,36971AB,PIMA,7.62,2.1,NA
1642864767290487,36971,2025,2022,NA,1922482988290487,63.95106,-154.2066,95,36971AC,PIMA,8.64,8.4,NA
1238207394290487,37165,2025,2022,1922475410290487,1922475395290487,62.39846,-159.8813,94,37165AA,PIGL,18.29,1.6,NA
1238207394290487,37165,2025,2022,1922475416290487,1922475396290487,62.39846,-159.8813,94,37165AB,PIGL,14.48,2.8,NA
1238207394290487,37165,2025,2022,NA,1922475397290487,62.39846,-159.8813,94,37165AC,PIGL,20.07,18.2,NA
1642865398290487,37930,2025,2022,NA,1922482724290487,63.91403,-154.0035,95,37930AA,PIMA,7.62,1.3,NA
683089261126144,39666,2025,2020,NA,1922466642290487,62.11588,-158.2714,95,39666AA,PIMA,10.16,1,NA
683089261126144,39666,2025,2020,NA,1922466643290487,62.11588,-158.2714,95,39666AB,PIMA,13.97,17.2,NA
683089261126144,39666,2025,2020,NA,1922466644290487,62.11588,-158.2714,95,39666AC,PIMA,10.16,9.4,NA
683089261126144,39666,2025,2020,NA,1922466645290487,62.11588,-158.2714,95,39666AD,PIMA,7.62,5.6,NA
923529311290487,39870,2025,2022,NA,1922489316290487,62.17999,-158.1295,95,39870AA,PIMA,11.94,7.3,NA
923529311290487,39870,2025,2022,NA,1922489317290487,62.17999,-158.1295,95,39870AB,PIMA,12.45,10.9,NA
923529311290487,39870,2025,2022,NA,1922489318290487,62.17999,-158.1295,95,39870AC,PIMA,10.67,6.9,NA
923529328290487,40044,2025,2022,NA,1922469567290487,62.41368,-158.625,95,40044AA,PIMA,8.38,1.3,NA
923529328290487,40044,2025,2022,NA,1922469568290487,62.41368,-158.625,95,40044AB,PIMA,7.62,2.3,NA
923529328290487,40044,2025,2022,NA,1922469569290487,62.41368,-158.625,95,40044AC,PIMA,10.92,2.8,NA
923529328290487,40044,2025,2022,NA,1922469570290487,62.41368,-158.625,94,40044AE,PIGL,10.41,2.2,NA
923529328290487,40044,2025,2022,NA,1922469571290487,62.41368,-158.625,94,40044AF,PIGL,14.48,6.7,NA
923529328290487,40044,2025,2022,NA,1922469572290487,62.41368,-158.625,94,40044AH,PIGL,15.24,5,NA
1238207403290487,41295,2025,2022,NA,1922475522290487,62.790609999999994,-157.53910000000002,71,41295AA,LALA,9.4,6.5,NA
1238207403290487,41295,2025,2022,NA,1922475523290487,62.790609999999994,-157.53910000000002,71,41295AB,LALA,7.87,2.8,NA
1238207403290487,41295,2025,2022,NA,1922475524290487,62.790609999999994,-157.53910000000002,71,41295AC,LALA,13.72,13.6,NA
1238207273290487,41821,2025,2022,1922471295290487,1922471288290487,62.72034,-157.7019,94,41821AA,PIGL,22.86,17.4,NA
1238207273290487,41821,2025,2022,1922471297290487,1922471289290487,62.72034,-157.7019,94,41821AB,PIGL,22.35,8.9,NA
1238207273290487,41821,2025,2022,NA,1922471290290487,62.72034,-157.7019,94,41821AC,PIGL,21.08,20.1,NA
683089566126144,41962,2025,2020,1922467198290487,1922467190290487,62.09993,-157.5432,94,41962AA,PIGL,22.86,7.5,NA
683089566126144,41962,2025,2020,1922467209290487,1922467191290487,62.09993,-157.5432,94,41962AB,PIGL,34.04,3.3,NA
683089566126144,41962,2025,2020,NA,1922467192290487,62.09993,-157.5432,94,41962AC,PIGL,25.15,6.6,NA
1238207268290487,42158,2025,2022,NA,1922471049290487,62.59899,-158.73510000000002,95,42158AA,PIMA,9.91,8.3,NA
1238207268290487,42158,2025,2022,NA,1922471050290487,62.59899,-158.73510000000002,95,42158AB,PIMA,11.68,16.2,NA
1238207268290487,42158,2025,2022,NA,1922471051290487,62.59899,-158.73510000000002,95,42158AC,PIMA,17.02,5.3,NA
1238207268290487,42158,2025,2022,NA,1922471052290487,62.59899,-158.73510000000002,95,42158AC,PIMA,17.02,5.3,NA
1238207268290487,42158,2025,2022,NA,1922471053290487,62.59899,-158.73510000000002,95,42158AD,PIMA,10.92,2.2,NA
1238207368290487,43766,2025,2022,1922479574290487,1922479566290487,62.67601,-157.30270000000002,94,43766AA,PIGL,16,3.5,NA
1238207368290487,43766,2025,2022,NA,1922479567290487,62.67601,-157.30270000000002,94,43766AB,PIGL,19.3,6.4,NA
1238207368290487,43766,2025,2022,NA,1922479568290487,62.67601,-157.30270000000002,94,43766AC,PIGL,17.02,0.9,NA
1642865752290487,47733,2025,2022,1922491290290487,1922491280290487,63.854139999999994,-154.17950000000002,94,47733AA,PIGL,19.81,11.9,NA
1642865752290487,47733,2025,2022,NA,1922491281290487,63.854139999999994,-154.17950000000002,95,47733AB,PIMA,11.43,17.2,NA
1642865752290487,47733,2025,2022,NA,1922491282290487,63.854139999999994,-154.17950000000002,95,47733AC,PIMA,11.68,12,NA
1642865752290487,47733,2025,2022,NA,1922491283290487,63.854139999999994,-154.17950000000002,95,47733AD,PIMA,6.1,3.9,NA
1642865752290487,47733,2025,2022,NA,1922491284290487,63.854139999999994,-154.17950000000002,94,47733AE,PIGL,22.35,11.3,NA
1642865752290487,47733,2025,2022,NA,1922491285290487,63.854139999999994,-154.17950000000002,94,47733AF,PIGL,18.29,17.7,NA
1642865752290487,47733,2025,2022,1922491291290487,NA,63.854139999999994,-154.17950000000002,94,47733AG,PIGL,15.49,11.5,NA
1318851311290487,48213,2025,2022,NA,1922490472290487,64.03963,-153.1062,94,48213AA,PIGL,17.02,10.2,NA
1318851311290487,48213,2025,2022,NA,1922490473290487,64.03963,-153.1062,94,48213AB,PIGL,19.3,3.8,NA
1318851311290487,48213,2025,2022,1922490482290487,1922490474290487,64.03963,-153.1062,94,48213AC,PIGL,22.35,13.8,NA
923529352290487,48264,2025,2022,NA,1922484749290487,62.50071,-157.9349,94,48264AA,PIGL,22.61,1.5,NA
923529326290487,49348,2025,2022,NA,1922488152290487,62.29851,-158.3655,95,49348AA,PIMA,9.14,3.2,NA
923529326290487,49348,2025,2022,NA,1922488153290487,62.29851,-158.3655,95,49348AB,PIMA,7.62,0.8,NA
923529326290487,49348,2025,2022,NA,1922488154290487,62.29851,-158.3655,95,49348AC,PIMA,8.13,4.5,NA
1318851275290487,50235,2025,2022,NA,1922486260290487,64.3388,-152.8608,71,50235AA,LALA,6.6,1.7,NA
1318851275290487,50235,2025,2022,NA,1922486261290487,64.3388,-152.8608,71,50235AB,LALA,8.13,0.9,NA
1318851275290487,50235,2025,2022,NA,1922486262290487,64.3388,-152.8608,71,50235AC,LALA,10.16,3.7,NA
1238207510290487,50278,2025,2022,1922476590290487,1922476583290487,62.509519999999995,-159.4212,71,50278AA,LALA,21.59,10.8,NA
1238207510290487,50278,2025,2022,NA,1922476584290487,62.509519999999995,-159.4212,71,50278AB,LALA,18.03,0.5,NA
1238207510290487,50278,2025,2022,NA,1922476585290487,62.509519999999995,-159.4212,71,50278AC,LALA,22.61,1.6,NA
1642864006290487,50753,2025,2022,1922482430290487,1922482425290487,63.904979999999995,-155.7032,95,50753AA,PIMA,13.21,0.5,NA
1642864006290487,50753,2025,2022,NA,1922482423290487,63.904979999999995,-155.7032,95,50753AB,PIMA,11.94,0.7,NA
1642864006290487,50753,2025,2022,NA,1922482424290487,63.904979999999995,-155.7032,95,50753AC,PIMA,10.16,11.3,NA
1238207244290487,51289,2025,2022,NA,1922470659290487,62.55932,-159.066,94,51289AA,PIGL,13.97,2.6,NA
923529327290487,51391,2025,2022,NA,1922469412290487,62.54797,-158.3279,95,51391AA,PIMA,8.89,0.9,NA
923529327290487,51391,2025,2022,NA,1922469411290487,62.54797,-158.3279,95,51391AB,PIMA,8.38,2.7,NA
923529327290487,51391,2025,2022,NA,1922469413290487,62.54797,-158.3279,95,51391AC,PIMA,7.87,1.3,NA
1238207440290487,51418,2025,2022,NA,1922478068290487,62.517059999999994,-157.3984,94,51418AA,PIGL,21.08,12.2,NA
1238207440290487,51418,2025,2022,NA,1922478069290487,62.517059999999994,-157.3984,94,51418AB,PIGL,18.03,3.9,NA
1238207440290487,51418,2025,2022,1922478076290487,1922478070290487,62.517059999999994,-157.3984,94,51418AC,PIGL,19.3,7.1,NA
1238207440290487,51418,2025,2022,1922478080290487,1922478071290487,62.517059999999994,-157.3984,94,51418AD,PIGL,34.54,2.1,NA
1642866301290487,51708,2025,2022,NA,1922484175290487,64.00780999999999,-154.0623,95,51708AA,PIMA,8.13,2.1,NA
1642866301290487,51708,2025,2022,NA,1922484176290487,64.00780999999999,-154.0623,95,51708AB,PIMA,8.38,1.9,NA
1642866301290487,51708,2025,2022,NA,1922484177290487,64.00780999999999,-154.0623,95,51708AC,PIMA,10.67,0.9,NA
923529312290487,51810,2025,2022,NA,1922488293290487,62.482189999999996,-158.4718,95,51810AA,PIMA,9.14,2.8,NA
923529312290487,51810,2025,2022,NA,1922488294290487,62.482189999999996,-158.4718,95,51810AB,PIMA,9.91,2,NA
923529312290487,51810,2025,2022,NA,1922488295290487,62.482189999999996,-158.4718,95,51810AC,PIMA,8.38,5.8,NA
1238207429290487,52149,2025,2022,NA,1922477798290487,62.4677,-159.01080000000002,376,52149AA,BENE,8.64,0.6,NA
1238207313290487,52179,2025,2022,NA,1922472340290487,61.763769999999994,-160.2184,95,52179AA,PIMA,9.91,11,NA
1238207313290487,52179,2025,2022,NA,1922472342290487,61.763769999999994,-160.2184,376,52179AB,BENE,25.65,2.1,NA
1238207313290487,52179,2025,2022,NA,1922472341290487,61.763769999999994,-160.2184,94,52179AC,PIGL,33.02,9.3,NA
1642865013290487,52460,2025,2022,NA,1922490688290487,63.60993,-154.24190000000002,95,52460AA,PIMA,6.86,1.4,NA
1642865013290487,52460,2025,2022,NA,1922490689290487,63.60993,-154.24190000000002,95,52460AB,PIMA,5.08,2.5,NA
1642865013290487,52460,2025,2022,NA,1922490690290487,63.60993,-154.24190000000002,95,52460AC,PIMA,8.64,1.3,NA
1238207442290487,52561,2025,2022,NA,1922478221290487,62.668569999999995,-157.85320000000002,95,52561AA,PIMA,8.64,1.2,NA
1238207442290487,52561,2025,2022,NA,1922478222290487,62.668569999999995,-157.85320000000002,95,52561AB,PIMA,6.35,4.3,NA
1238207442290487,52561,2025,2022,NA,1922478223290487,62.668569999999995,-157.85320000000002,95,52561AC,PIMA,9.91,7.3,NA
1318851280290487,52676,2025,2022,NA,1922481899290487,64.25889,-153.3984,95,52676AA,PIMA,6.6,1.6,NA
1318851280290487,52676,2025,2022,NA,1922481900290487,64.25889,-153.3984,95,52676AB,PIMA,8.64,1,NA
1318851280290487,52676,2025,2022,NA,1922481901290487,64.25889,-153.3984,95,52676AC,PIMA,8.13,2.3,NA
923529309290487,52896,2025,2022,NA,1922489496290487,62.370529999999995,-158.9523,95,52896AA,PIMA,7.37,0.7,NA
923529309290487,52896,2025,2022,NA,1922489497290487,62.370529999999995,-158.9523,95,52896AB,PIMA,8.13,0.5,NA
923529309290487,52896,2025,2022,NA,1922489498290487,62.370529999999995,-158.9523,95,52896AC,PIMA,8.64,3.2,NA
1238207301290487,53082,2025,2022,NA,1922472030290487,62.4239,-159.3606,95,53082AA,PIMA,16,3.9,NA
1238207301290487,53082,2025,2022,NA,1922472031290487,62.4239,-159.3606,95,53082AA,PIMA,16,3.9,NA
1238207301290487,53082,2025,2022,NA,1922472032290487,62.4239,-159.3606,95,53082AB,PIMA,18.29,1.8,NA
1238207301290487,53082,2025,2022,NA,1922472033290487,62.4239,-159.3606,95,53082AB,PIMA,18.29,1.8,NA
1238207301290487,53082,2025,2022,NA,1922472034290487,62.4239,-159.3606,95,53082AC,PIMA,18.8,2.3,NA
1238207301290487,53082,2025,2022,NA,1922472035290487,62.4239,-159.3606,95,53082AC,PIMA,18.8,2.3,NA
1318851292290487,54153,2025,2022,NA,1922486645290487,64.35497,-153.4319,94,54153AA,PIGL,15.75,5.4,NA
1318851292290487,54153,2025,2022,NA,1922486646290487,64.35497,-153.4319,94,54153AB,PIGL,16.51,16.9,NA
1318851292290487,54153,2025,2022,NA,1922486647290487,64.35497,-153.4319,94,54153AC,PIGL,14.99,2.8,NA
1318851292290487,54153,2025,2022,NA,1922486648290487,64.35497,-153.4319,95,54153AD,PIMA,8.38,2.1,NA
1318851292290487,54153,2025,2022,NA,1922486649290487,64.35497,-153.4319,95,54153AE,PIMA,7.87,1.1,NA
1318851292290487,54153,2025,2022,NA,1922486650290487,64.35497,-153.4319,95,54153AF,PIMA,8.38,1.1,NA
1238207496290487,54180,2025,2022,1922474021290487,1922474011290487,62.83159,-157.20270000000002,94,54180AA,PIGL,19.05,0.6,NA
1238207496290487,54180,2025,2022,1922474028290487,1922474012290487,62.83159,-157.20270000000002,94,54180AB,PIGL,16,1.2,NA
1238207496290487,54180,2025,2022,NA,1922474008290487,62.83159,-157.20270000000002,95,54180AC,PIMA,8.89,2.4,NA
1238207496290487,54180,2025,2022,NA,1922474009290487,62.83159,-157.20270000000002,95,54180AD,PIMA,9.14,6,NA
1238207496290487,54180,2025,2022,NA,1922474010290487,62.83159,-157.20270000000002,95,54180AE,PIMA,10.67,1.7,NA
1238207496290487,54180,2025,2022,NA,1922474013290487,62.83159,-157.20270000000002,94,54180AF,PIGL,18.29,4.9,NA
1318851300290487,55441,2025,2022,NA,1922487172290487,64.19216,-152.98340000000002,95,55441AA,PIMA,11.18,6.5,NA
1318851300290487,55441,2025,2022,NA,1922487173290487,64.19216,-152.98340000000002,95,55441AB,PIMA,9.91,0.9,NA
1318851300290487,55441,2025,2022,NA,1922487174290487,64.19216,-152.98340000000002,95,55441AC,PIMA,9.4,3.8,NA
1318851303290487,56745,2025,2022,NA,1922482095290487,63.95187,-153.6428,94,56745AA,PIGL,12.95,0.9,NA
1318851303290487,56745,2025,2022,NA,1922482096290487,63.95187,-153.6428,94,56745AB,PIGL,10.16,1.1,NA
1318851303290487,56745,2025,2022,NA,1922482097290487,63.95187,-153.6428,94,56745AC,PIGL,11.18,0.8,NA
1642865371290487,56913,2025,2022,NA,1922481591290487,63.698409999999996,-154.8642,95,56913AA,PIMA,10.67,2.4,NA
1642865371290487,56913,2025,2022,NA,1922481592290487,63.698409999999996,-154.8642,95,56913AB,PIMA,8.64,2.6,NA
1642865371290487,56913,2025,2022,NA,1922481593290487,63.698409999999996,-154.8642,95,56913AC,PIMA,9.65,3,NA
1642863976290487,57959,2025,2022,NA,1922481278290487,63.73009,-155.0598,95,57959AA,PIMA,8.13,1,NA
1642863976290487,57959,2025,2022,NA,1922481279290487,63.73009,-155.0598,95,57959AB,PIMA,7.87,10.4,NA
1642863976290487,57959,2025,2022,NA,1922481280290487,63.73009,-155.0598,95,57959AC,PIMA,6.1,4.1,NA
1318851307290487,58220,2025,2022,1922487524290487,1922487508290487,64.15350000000001,-152.7801,95,58220AA,PIMA,13.21,6.3,NA
1318851307290487,58220,2025,2022,NA,1922487509290487,64.15350000000001,-152.7801,95,58220AB,PIMA,13.97,1.4,NA
1318851307290487,58220,2025,2022,NA,1922487510290487,64.15350000000001,-152.7801,95,58220AC,PIMA,13.46,1.9,NA
1318851307290487,58220,2025,2022,NA,1922487511290487,64.15350000000001,-152.7801,95,58220AD,PIMA,11.18,1.1,NA
1318851307290487,58220,2025,2022,NA,1922487512290487,64.15350000000001,-152.7801,95,58220AE,PIMA,8.64,7,NA
1318851307290487,58220,2025,2022,NA,1922487513290487,64.15350000000001,-152.7801,95,58220AF,PIMA,8.38,8.5,NA
1238207319290487,58383,2025,2022,NA,1922472508290487,62.71275,-158.9776,95,58383AA,PIMA,10.67,1.1,NA
1238207319290487,58383,2025,2022,NA,1922472509290487,62.71275,-158.9776,95,58383AB,PIMA,10.67,2.7,NA
1238207319290487,58383,2025,2022,NA,1922472510290487,62.71275,-158.9776,95,58383AC,PIMA,11.43,5.2,NA
1238207373290487,58590,2025,2022,NA,1922479687290487,62.62376,-158.92360000000002,71,58590AA,LALA,9.4,4.4,NA
1238207373290487,58590,2025,2022,NA,1922479688290487,62.62376,-158.92360000000002,71,58590AB,LALA,9.4,2.1,NA
1238207373290487,58590,2025,2022,NA,1922479689290487,62.62376,-158.92360000000002,95,58590AC,PIMA,11.43,1.2,NA
1238207373290487,58590,2025,2022,NA,1922479690290487,62.62376,-158.92360000000002,95,58590AD,PIMA,11.94,1.6,NA
1238207373290487,58590,2025,2022,NA,1922479691290487,62.62376,-158.92360000000002,95,58590AE,PIMA,7.62,1,NA
1238207373290487,58590,2025,2022,NA,1922479692290487,62.62376,-158.92360000000002,71,58590AF,LALA,18.29,3.2,NA
1318851182290487,58903,2025,2022,NA,1922485421290487,62.1869,-162.6747,94,58903AA,PIGL,17.02,0.5,NA
1318851182290487,58903,2025,2022,NA,1922485425290487,62.1869,-162.6747,94,58903AB,PIGL,17.27,12.7,NA
1318851182290487,58903,2025,2022,NA,1922485426290487,62.1869,-162.6747,94,58903AC,PIGL,18.54,2,NA
1318851182290487,58903,2025,2022,NA,1922485424290487,62.1869,-162.6747,94,58903AD,PIGL,9.4,1.1,NA
1318851182290487,58903,2025,2022,NA,1922485422290487,62.1869,-162.6747,94,58903AE,PIGL,11.94,1.3,NA
1318851182290487,58903,2025,2022,NA,1922485423290487,62.1869,-162.6747,94,58903AF,PIGL,10.92,9.9,NA
1238207494290487,58956,2025,2022,NA,1922473859290487,62.76519,-157.35420000000002,95,58956AA,PIMA,8.13,1.8,NA
1238207494290487,58956,2025,2022,NA,1922473860290487,62.76519,-157.35420000000002,95,58956AB,PIMA,7.37,2.7,NA
1238207494290487,58956,2025,2022,NA,1922473861290487,62.76519,-157.35420000000002,95,58956AC,PIMA,7.87,0.9,NA
923529313290487,59281,2025,2022,1922468968290487,1922468958290487,62.281389999999995,-159.6266,94,59281AA,PIGL,26.16,4.8,NA
923529313290487,59281,2025,2022,1922468965290487,1922468959290487,62.281389999999995,-159.6266,94,59281AB,PIGL,32.77,1.4,NA
923529313290487,59281,2025,2022,1922468974290487,1922468960290487,62.281389999999995,-159.6266,94,59281AC,PIGL,33.02,0.9,NA
1238207475290487,25287,2025,2022,NA,1922473462290487,62.670869999999994,-159.3135,95,60229AA,PIMA,10.92,4.9,NA
1238207475290487,25287,2025,2022,NA,1922473463290487,62.670869999999994,-159.3135,95,60229AB,PIMA,11.68,4.7,NA
1238207475290487,25287,2025,2022,NA,1922473464290487,62.670869999999994,-159.3135,95,60229AC,PIMA,11.18,3.8,NA
1238207475290487,25287,2025,2022,NA,1922473465290487,62.670869999999994,-159.3135,94,60229AD,PIGL,21.59,0.7,NA
1238207475290487,25287,2025,2022,NA,1922473466290487,62.670869999999994,-159.3135,95,60229AE,PIMA,14.22,2.7,NA
1238207475290487,25287,2025,2022,1922473474290487,1922473467290487,62.670869999999994,-159.3135,94,60229AF,PIGL,13.46,0.8,NA
1642864267290487,60968,2025,2022,NA,1922492231290487,63.87258,-156.0713,95,60968AA,PIMA,13.46,0.6,NA
1642864267290487,60968,2025,2022,1922492244290487,1922492232290487,63.87258,-156.0713,95,60968AB,PIMA,12.19,1.1,NA
1642864267290487,60968,2025,2022,NA,1922492233290487,63.87258,-156.0713,95,60968AD,PIMA,9.91,6.9,NA
1642864677290487,61097,2025,2022,NA,1922481448290487,63.712939999999996,-156.1712,95,61097AA,PIMA,9.65,7.3,NA
1642864677290487,61097,2025,2022,1922481458290487,1922481449290487,63.712939999999996,-156.1712,95,61097AB,PIMA,13.21,2.8,NA
1642864677290487,61097,2025,2022,NA,1922481451290487,63.712939999999996,-156.1712,95,61097AC,PIMA,10.67,1.8,NA
1642864677290487,61097,2025,2022,NA,1922481450290487,63.712939999999996,-156.1712,95,61097AD,PIMA,11.18,2.7,NA
1238207340290487,61947,2025,2022,NA,1922479352290487,62.55547,-159.8084,95,61947AA,PIMA,6.35,13.3,NA
1238207340290487,61947,2025,2022,NA,1922479353290487,62.55547,-159.8084,95,61947AB,PIMA,8.89,4.3,NA
683088786126144,5823,2020,2020,NA,NA,60.81527,-159.484,95,05823AA,PIMA,9.4,NA,core in several pieces - unmeasurable
683089157126144,14358,2023,2020,NA,NA,61.30486,-154.5393,94,14358AA,PIGL,14.22,5.5,NA
683089544126144,16503,2023,2020,NA,NA,60.87423,-156.75320000000002,95,16503AA,PIMA,7.11,NA,core in several pieces - short series with missing rings in breaks - did not measure
683089136126144,20552,2023,2020,NA,NA,61.205169999999995,-157.2581,95,20552AA,PIMA,6.35,1.8,NA
683088885126144,26384,2023,2020,NA,NA,60.17738,-154.10500000000002,95,26384AC,PIMA,18.03,3.2,NA
683089336126144,26578,2023,2020,NA,NA,60.96169,-154.58020000000002,94,26578AC,PIGL,29.21,NA,core broken - offset inestimable
683089273126144,28359,2023,2020,NA,NA,60.61781,-155.1159,95,28359AA,PIMA,8.38,NA,large core segment missing - unmeasurable
683089569126144,29569,2023,2020,NA,NA,60.939879999999995,-154.9237,95,29569AC2,PIMA,8.64,2.8,NA
683089167126144,32360,2023,2020,NA,NA,60.023939999999996,-154.2194,95,32360AB,PIMA,12.95,NA,intrusion near pith - offset inestimable
683089468126144,32699,2023,2020,NA,NA,60.67812,-154.98590000000002,94,32699AD,PIGL,25.15,1.4,NA
683089295126144,38334,2023,2020,NA,NA,61.22931,-156.2328,95,38334AA,PIMA,7.11,NA,core in several pieces - unmeasureable
683089281126144,43673,2023,2020,NA,NA,61.193439999999995,-156.5611,95,43673AA,PIMA,10.92,NA,core in several pieces - unmeasureable
683089281126144,43673,2023,2020,NA,NA,61.193439999999995,-156.5611,95,43673AC,PIMA,12.45,NA,core in several pieces - unmeasureable
683089281126144,43673,2023,2020,NA,NA,61.193439999999995,-156.5611,95,43673AD,PIMA,13.97,NA,core in several pieces - unmeasureable
683089491126144,45234,2023,2020,NA,NA,61.302589999999995,-155.0601,95,45234AE,PIMA,8.64,NA,NA
683089433126144,56091,2023,2020,NA,NA,61.39188,-155.1124,95,56091AA2,PIMA,9.14,1.3,2 cores taken
683089270126144,61520,2023,2020,NA,NA,61.05122,-157.3681,95,61520AA,PIMA,8.64,NA,core in several pieces - unmeasureable
683089270126144,61520,2023,2020,NA,NA,61.05122,-157.3681,95,61520AB,PIMA,10.92,NA,core in several pieces - unmeasureable
1238207432290487,36,2024,2022,NA,NA,63.45872,-156.8016,95,00036AC,PIMA,7.11,2,NA
683088725126144,3674,2024,2020,NA,NA,59.317539999999994,-156.6994,94,03674AA,PIGL,4.83,0.7,NA
683088725126144,3674,2024,2020,NA,NA,59.317539999999994,-156.6994,94,03674AB,PIGL,5.84,1.6,NA
683088725126144,3674,2024,2020,NA,NA,59.317539999999994,-156.6994,94,03674AC,PIGL,6.6,0.9,NA
683088725126144,3674,2024,2020,NA,NA,59.317539999999994,-156.6994,94,03674AD,PIGL,5.84,NA,core missing
1238207467290487,5169,2024,2022,NA,NA,63.393559999999994,-156.9489,95,05169AA,PIMA,5.84,2.2,NA
1238207359290487,11181,2024,2022,NA,NA,62.74075,-157.16060000000002,94,11181AD,PIGL,25.91,13,NA
1318851245290487,17113,2024,2022,NA,NA,63.593039999999995,-155.9307,95,17113AC,PIMA,6.86,2.3,NA
683089101126144,21819,2024,2020,NA,NA,59.490309999999994,-157.2827,94,21819AA,PIGL,37.85,6.7,NA
683089257126144,23857,2024,2020,NA,NA,59.61871,-157.0214,94,23857AD,PIGL,11.43,4,NA
683088741126144,27114,2024,2020,NA,NA,59.86016,-157.4605,94,27114AD,PIGL,34.04,6.8,NA
1318851196290487,27477,2024,2022,NA,NA,63.62638,-155.5705,95,27477AA,PIMA,6.86,4.4,NA
1318851196290487,27477,2024,2022,NA,NA,63.62638,-155.5705,95,27477AB,PIMA,13.46,3.9,NA
1318851196290487,27477,2024,2022,NA,NA,63.62638,-155.5705,95,27477AC,PIMA,8.64,0.8,NA
1238207323290487,30390,2024,2022,NA,NA,63.138079999999995,-157.0042,95,30390AG,PIMA,10.67,NA,severe rot - measurements truncated
1238207334290487,38312,2024,2022,NA,NA,63.30085,-156.886,71,38312AC,LALA,8.38,3.8,NA
683089100126144,38492,2024,2020,NA,NA,59.19186,-158.7748,94,38492AA,PIGL,16,7.3,NA
1238207464290487,42108,2024,2022,NA,NA,63.432109999999994,-156.5915,95,42108AA,PIMA,7.87,5.1,NA
1238207464290487,42108,2024,2022,NA,NA,63.432109999999994,-156.5915,95,42108AB,PIMA,6.86,2,NA
1238207464290487,42108,2024,2022,NA,NA,63.432109999999994,-156.5915,95,42108AC,PIMA,8.38,4.8,NA
683089611126144,46338,2024,2020,NA,NA,61.72031,-157.88060000000002,94,46338AB,PIGL,31.24,NA,NA
683089496126144,53139,2024,2020,NA,NA,59.2316,-155.6942,94,53139AB,PIGL,15.24,10.1,NA
1238207253290487,51569,2024,2022,NA,NA,63.154849999999996,-156.4481,94,51569AG,PIGL,17.78,0.7,NA
683089496126144,53139,2024,2020,NA,NA,59.2316,-155.6942,94,53139AF,PIGL,13.97,6.7,NA
683089496126144,53139,2024,2020,NA,NA,59.2316,-155.6942,94,53139AI,PIGL,33.02,2.4,NA
683089500126144,55588,2024,2020,NA,NA,59.147529999999996,-159.0874,94,55588AB,PIGL,22.1,NA,missing rings in break - measurements truncated - pith offset inestimable
683089421126144,57977,2024,2020,NA,NA,59.166869999999996,-156.309,94,57977AB,PIGL,21.34,8.3,NA
683089040126144,61452,2024,2020,NA,NA,61.73269,-157.3655,94,61452AA,PIGL,38.1,14.2,NA
683089040126144,61452,2024,2020,NA,NA,61.73269,-157.3655,94,61452AC,PIGL,29.46,16.1,NA
1238207424290487,1206,2025,2022,NA,NA,62.63937,-158.3941,71,01206AG,LALA,17.27,7.3,NA
1642866017290487,3933,2025,2022,NA,NA,63.84919,-155.8709,95,03933AA,PIMA,3.3,1.1,NA
1642866017290487,3933,2025,2022,NA,NA,63.84919,-155.8709,95,03933AC,PIMA,3.56,1,NA
1642866017290487,3933,2025,2022,NA,NA,63.84919,-155.8709,71,03933AF,LALA,4.06,0.6,NA
1238207433290487,18010,2025,2022,NA,NA,62.949169999999995,-157.4584,71,18010AB,LALA,7.87,2.8,NA
923529343290487,19941,2025,2022,NA,NA,62.3849,-158.4281,95,19941AC,PIMA,8.64,2.6,NA
1318851274290487,26568,2025,2022,NA,NA,64.3985,-152.6977,95,26568AA,PIMA,3.05,2.3,NA
1238207510290487,50278,2025,2022,NA,NA,62.509519999999995,-159.4212,95,50278AD,PIMA,18.29,5.3,NA
NA,59765,NA,NA,NA,NA,NA,NA,94,59765AA,PIGL,18.03,6.9,NA
NA,59765,NA,NA,NA,NA,NA,NA,94,59765AB,PIGL,9.65,1.1,NA
NA,59765,NA,NA,NA,NA,NA,NA,94,59765AC,PIGL,11.18,0.4,NA
1238207466290487,60229,2025,2022,NA,NA,62.596669999999996,-159.4589,71,60229AG,LALA,14.99,8.5,NA
923529334290487,64297,2025,2022,NA,NA,62.42944,-158.0892,95,64297AA,PIMA,6.6,1.5,NA
NA,NA,NA,NA,NA,NA,NA,NA,NA,NA,NA,NA,NA,NA
